{"tilemap": {"24;3": {"type": "Arrows_S", "variant": 2, "pos": [24, 3]}, "42;8": {"type": "Arrows_D", "variant": 1, "pos": [42, 8]}, "53;5": {"type": "Arrows_D", "variant": 1, "pos": [53, 5]}, "55;-3": {"type": "Arrows_D", "variant": 3, "pos": [55, -3]}, "54;-12": {"type": "Arrows_D", "variant": 3, "pos": [54, -12]}, "51;-6": {"type": "Gem", "variant": 0, "pos": [51, -6]}, "50;-6": {"type": "Gem", "variant": 0, "pos": [50, -6]}, "49;-7": {"type": "Gem", "variant": 0, "pos": [49, -7]}, "50;-7": {"type": "Gem", "variant": 0, "pos": [50, -7]}, "51;-7": {"type": "Gem", "variant": 0, "pos": [51, -7]}, "52;-7": {"type": "Gem", "variant": 0, "pos": [52, -7]}, "52;4": {"type": "Gem", "variant": 0, "pos": [52, 4]}, "53;4": {"type": "Gem", "variant": 0, "pos": [53, 4]}, "54;3": {"type": "Gem", "variant": 0, "pos": [54, 3]}, "53;3": {"type": "Gem", "variant": 0, "pos": [53, 3]}, "54;2": {"type": "Gem", "variant": 0, "pos": [54, 2]}, "50;-8": {"type": "Coin", "variant": 0, "pos": [50, -8]}, "49;-8": {"type": "Coin", "variant": 0, "pos": [49, -8]}, "51;-8": {"type": "Coin", "variant": 0, "pos": [51, -8]}, "51;-9": {"type": "Coin", "variant": 0, "pos": [51, -9]}, "50;-9": {"type": "Coin", "variant": 0, "pos": [50, -9]}, "52;-8": {"type": "Coin", "variant": 0, "pos": [52, -8]}, "45;8": {"type": "Coin", "variant": 0, "pos": [45, 8]}, "46;8": {"type": "Coin", "variant": 0, "pos": [46, 8]}, "46;7": {"type": "Coin", "variant": 0, "pos": [46, 7]}, "47;7": {"type": "Coin", "variant": 0, "pos": [47, 7]}, "47;6": {"type": "Coin", "variant": 0, "pos": [47, 6]}, "48;6": {"type": "Coin", "variant": 0, "pos": [48, 6]}, "32;6": {"type": "Coin", "variant": 0, "pos": [32, 6]}, "31;6": {"type": "Coin", "variant": 0, "pos": [31, 6]}, "31;5": {"type": "Coin", "variant": 0, "pos": [31, 5]}, "30;5": {"type": "Coin", "variant": 0, "pos": [30, 5]}, "30;4": {"type": "Coin", "variant": 0, "pos": [30, 4]}, "29;4": {"type": "Coin", "variant": 0, "pos": [29, 4]}, "28;3": {"type": "Coin", "variant": 0, "pos": [28, 3]}, "29;3": {"type": "Coin", "variant": 0, "pos": [29, 3]}, "36;-14": {"type": "Flag", "variant": 1, "pos": [36, -14]}, "23;4": {"type": "Flag", "variant": 0, "pos": [23, 4]}, "56;-13": {"type": "Flag", "variant": 0, "pos": [56, -13]}, "60;-10": {"type": "Gem", "variant": 0, "pos": [60, -10]}, "60;-9": {"type": "Gem", "variant": 0, "pos": [60, -9]}, "61;-10": {"type": "Gem", "variant": 0, "pos": [61, -10]}, "61;-9": {"type": "Gem", "variant": 0, "pos": [61, -9]}, "62;-9": {"type": "Gem", "variant": 0, "pos": [62, -9]}, "62;-10": {"type": "Gem", "variant": 0, "pos": [62, -10]}, "62;-11": {"type": "Gem", "variant": 0, "pos": [62, -11]}, "61;-11": {"type": "Gem", "variant": 0, "pos": [61, -11]}, "60;-11": {"type": "Gem", "variant": 0, "pos": [60, -11]}}, "tile_size": 16, "offgrid": []}