{"tilemap": {"7;4": {"type": "Gem", "variant": 0, "pos": [7, 4]}, "8;4": {"type": "Gem", "variant": 0, "pos": [8, 4]}, "9;4": {"type": "Gem", "variant": 0, "pos": [9, 4]}, "10;4": {"type": "Gem", "variant": 0, "pos": [10, 4]}, "14;4": {"type": "Coin", "variant": 0, "pos": [14, 4]}, "15;4": {"type": "Coin", "variant": 0, "pos": [15, 4]}, "16;4": {"type": "Coin", "variant": 0, "pos": [16, 4]}, "17;4": {"type": "Coin", "variant": 0, "pos": [17, 4]}, "18;4": {"type": "Coin", "variant": 0, "pos": [18, 4]}, "28;6": {"type": "Flag", "variant": 1, "pos": [28, 6]}}, "tile_size": 16, "offgrid": []}