{"tilemap": {"18;12": {"type": "Coin", "variant": 0, "pos": [18, 12]}, "19;12": {"type": "Coin", "variant": 0, "pos": [19, 12]}, "19;11": {"type": "Coin", "variant": 0, "pos": [19, 11]}, "20;11": {"type": "Coin", "variant": 0, "pos": [20, 11]}, "21;11": {"type": "Coin", "variant": 0, "pos": [21, 11]}, "21;12": {"type": "Coin", "variant": 0, "pos": [21, 12]}, "22;12": {"type": "Coin", "variant": 0, "pos": [22, 12]}, "26;15": {"type": "Flag", "variant": 0, "pos": [26, 15]}, "9;12": {"type": "Flag", "variant": 0, "pos": [9, 12]}, "22;3": {"type": "Flag", "variant": 0, "pos": [22, 3]}, "43;12": {"type": "Flag", "variant": 0, "pos": [43, 12]}, "20;12": {"type": "Gem", "variant": 0, "pos": [20, 12]}, "19;13": {"type": "Coin", "variant": 0, "pos": [19, 13]}, "20;13": {"type": "Coin", "variant": 0, "pos": [20, 13]}, "21;13": {"type": "Coin", "variant": 0, "pos": [21, 13]}, "64;1": {"type": "Flag", "variant": 1, "pos": [64, 1]}, "52;8": {"type": "Arrows_D", "variant": 3, "pos": [52, 8]}, "52;14": {"type": "Arrows_D", "variant": 1, "pos": [52, 14]}, "51;14": {"type": "Coin", "variant": 0, "pos": [51, 14]}, "51;13": {"type": "Coin", "variant": 0, "pos": [51, 13]}, "52;13": {"type": "Coin", "variant": 0, "pos": [52, 13]}, "52;12": {"type": "Coin", "variant": 0, "pos": [52, 12]}, "53;12": {"type": "Coin", "variant": 0, "pos": [53, 12]}, "53;11": {"type": "Coin", "variant": 0, "pos": [53, 11]}, "54;1": {"type": "Coin", "variant": 0, "pos": [54, 1]}, "55;1": {"type": "Coin", "variant": 0, "pos": [55, 1]}, "56;1": {"type": "Coin", "variant": 0, "pos": [56, 1]}, "57;1": {"type": "Coin", "variant": 0, "pos": [57, 1]}, "51;3": {"type": "Coin", "variant": 0, "pos": [51, 3]}, "51;4": {"type": "Coin", "variant": 0, "pos": [51, 4]}, "52;4": {"type": "Coin", "variant": 0, "pos": [52, 4]}, "52;5": {"type": "Coin", "variant": 0, "pos": [52, 5]}, "53;5": {"type": "Coin", "variant": 0, "pos": [53, 5]}, "59;1": {"type": "Gem", "variant": 0, "pos": [59, 1]}, "60;1": {"type": "Gem", "variant": 0, "pos": [60, 1]}, "61;1": {"type": "Gem", "variant": 0, "pos": [61, 1]}, "62;1": {"type": "Gem", "variant": 0, "pos": [62, 1]}, "35;18": {"type": "Gem", "variant": 0, "pos": [35, 18]}, "36;18": {"type": "Gem", "variant": 0, "pos": [36, 18]}, "37;18": {"type": "Gem", "variant": 0, "pos": [37, 18]}, "10;5": {"type": "Arrows_D", "variant": 1, "pos": [10, 5]}, "16;4": {"type": "Gem", "variant": 0, "pos": [16, 4]}, "17;4": {"type": "Gem", "variant": 0, "pos": [17, 4]}, "18;4": {"type": "Gem", "variant": 0, "pos": [18, 4]}, "36;6": {"type": "Gem", "variant": 0, "pos": [36, 6]}, "37;7": {"type": "Gem", "variant": 0, "pos": [37, 7]}, "38;8": {"type": "Gem", "variant": 0, "pos": [38, 8]}, "39;9": {"type": "Gem", "variant": 0, "pos": [39, 9]}}, "tile_size": 16, "offgrid": []}