{"tilemap": {"71;2": {"type": "Gem", "variant": 0, "pos": [71, 2]}, "72;2": {"type": "Gem", "variant": 0, "pos": [72, 2]}, "73;1": {"type": "Gem", "variant": 0, "pos": [73, 1]}, "72;1": {"type": "Gem", "variant": 0, "pos": [72, 1]}, "72;0": {"type": "Gem", "variant": 0, "pos": [72, 0]}, "71;0": {"type": "Gem", "variant": 0, "pos": [71, 0]}, "70;0": {"type": "Gem", "variant": 0, "pos": [70, 0]}, "69;0": {"type": "Gem", "variant": 0, "pos": [69, 0]}, "68;0": {"type": "Gem", "variant": 0, "pos": [68, 0]}, "68;1": {"type": "Gem", "variant": 0, "pos": [68, 1]}, "69;1": {"type": "Gem", "variant": 0, "pos": [69, 1]}, "69;2": {"type": "Gem", "variant": 0, "pos": [69, 2]}, "70;2": {"type": "Gem", "variant": 0, "pos": [70, 2]}, "71;1": {"type": "Gem", "variant": 0, "pos": [71, 1]}, "70;1": {"type": "Gem", "variant": 0, "pos": [70, 1]}, "67;1": {"type": "Gem", "variant": 0, "pos": [67, 1]}, "68;2": {"type": "Gem", "variant": 0, "pos": [68, 2]}, "58;-6": {"type": "Coin", "variant": 0, "pos": [58, -6]}, "57;-6": {"type": "Coin", "variant": 0, "pos": [57, -6]}, "56;-6": {"type": "Coin", "variant": 0, "pos": [56, -6]}, "55;-6": {"type": "Coin", "variant": 0, "pos": [55, -6]}, "55;-7": {"type": "Coin", "variant": 0, "pos": [55, -7]}, "54;-7": {"type": "Coin", "variant": 0, "pos": [54, -7]}, "53;-7": {"type": "Coin", "variant": 0, "pos": [53, -7]}, "56;-7": {"type": "Coin", "variant": 0, "pos": [56, -7]}, "57;-7": {"type": "Coin", "variant": 0, "pos": [57, -7]}, "58;-7": {"type": "Coin", "variant": 0, "pos": [58, -7]}, "59;-7": {"type": "Coin", "variant": 0, "pos": [59, -7]}, "54;-6": {"type": "Coin", "variant": 0, "pos": [54, -6]}, "54;-8": {"type": "Coin", "variant": 0, "pos": [54, -8]}, "55;-8": {"type": "Coin", "variant": 0, "pos": [55, -8]}, "56;-8": {"type": "Coin", "variant": 0, "pos": [56, -8]}, "58;-8": {"type": "Coin", "variant": 0, "pos": [58, -8]}, "57;-8": {"type": "Coin", "variant": 0, "pos": [57, -8]}, "32;16": {"type": "Gem", "variant": 0, "pos": [32, 16]}, "33;16": {"type": "Gem", "variant": 0, "pos": [33, 16]}, "33;17": {"type": "Gem", "variant": 0, "pos": [33, 17]}, "32;17": {"type": "Gem", "variant": 0, "pos": [32, 17]}, "78;26": {"type": "Gem", "variant": 0, "pos": [78, 26]}, "77;26": {"type": "Gem", "variant": 0, "pos": [77, 26]}, "77;27": {"type": "Gem", "variant": 0, "pos": [77, 27]}, "78;27": {"type": "Gem", "variant": 0, "pos": [78, 27]}, "84;2": {"type": "Gem", "variant": 0, "pos": [84, 2]}, "84;3": {"type": "Gem", "variant": 0, "pos": [84, 3]}, "85;3": {"type": "Gem", "variant": 0, "pos": [85, 3]}, "85;4": {"type": "Gem", "variant": 0, "pos": [85, 4]}, "86;4": {"type": "Gem", "variant": 0, "pos": [86, 4]}, "86;3": {"type": "Gem", "variant": 0, "pos": [86, 3]}, "85;2": {"type": "Gem", "variant": 0, "pos": [85, 2]}, "86;2": {"type": "Gem", "variant": 0, "pos": [86, 2]}, "87;2": {"type": "Gem", "variant": 0, "pos": [87, 2]}, "87;3": {"type": "Gem", "variant": 0, "pos": [87, 3]}, "86;1": {"type": "Gem", "variant": 0, "pos": [86, 1]}, "85;1": {"type": "Gem", "variant": 0, "pos": [85, 1]}, "106;15": {"type": "Coin", "variant": 0, "pos": [106, 15]}, "105;15": {"type": "Coin", "variant": 0, "pos": [105, 15]}, "105;16": {"type": "Coin", "variant": 0, "pos": [105, 16]}, "106;16": {"type": "Coin", "variant": 0, "pos": [106, 16]}, "117;14": {"type": "Flag", "variant": 1, "pos": [117, 14]}}, "tile_size": 16, "offgrid": []}