{"tilemap": {"0;4": {"type": "BG_grass", "variant": 0, "pos": [0, 4]}, "0;5": {"type": "BG_grass", "variant": 7, "pos": [0, 5]}, "0;6": {"type": "BG_grass", "variant": 7, "pos": [0, 6]}, "0;7": {"type": "BG_grass", "variant": 7, "pos": [0, 7]}, "0;8": {"type": "BG_grass", "variant": 6, "pos": [0, 8]}, "1;8": {"type": "BG_grass", "variant": 5, "pos": [1, 8]}, "2;8": {"type": "BG_grass", "variant": 0, "pos": [2, 8]}, "3;8": {"type": "BG_grass", "variant": 2, "pos": [3, 8]}, "3;9": {"type": "BG_grass", "variant": 6, "pos": [3, 9]}, "4;9": {"type": "BG_grass", "variant": 0, "pos": [4, 9]}, "5;9": {"type": "BG_grass", "variant": 2, "pos": [5, 9]}, "5;10": {"type": "BG_grass", "variant": 7, "pos": [5, 10]}, "5;11": {"type": "BG_grass", "variant": 6, "pos": [5, 11]}, "6;11": {"type": "BG_grass", "variant": 5, "pos": [6, 11]}, "7;11": {"type": "BG_grass", "variant": 8, "pos": [7, 11]}, "7;10": {"type": "BG_grass", "variant": 2, "pos": [7, 10]}, "6;10": {"type": "BG_grass", "variant": 1, "pos": [6, 10]}, "7;12": {"type": "BG_grass", "variant": 6, "pos": [7, 12]}, "8;12": {"type": "BG_grass", "variant": 5, "pos": [8, 12]}, "9;12": {"type": "BG_grass", "variant": 5, "pos": [9, 12]}, "10;12": {"type": "BG_grass", "variant": 5, "pos": [10, 12]}, "11;12": {"type": "BG_grass", "variant": 4, "pos": [11, 12]}, "11;11": {"type": "BG_grass", "variant": 8, "pos": [11, 11]}, "12;11": {"type": "BG_grass", "variant": 5, "pos": [12, 11]}, "12;10": {"type": "BG_grass", "variant": 8, "pos": [12, 10]}, "12;9": {"type": "BG_grass", "variant": 1, "pos": [12, 9]}, "11;9": {"type": "BG_grass", "variant": 8, "pos": [11, 9]}, "11;10": {"type": "BG_grass", "variant": 7, "pos": [11, 10]}, "11;8": {"type": "BG_grass", "variant": 2, "pos": [11, 8]}, "10;8": {"type": "BG_grass", "variant": 8, "pos": [10, 8]}, "9;8": {"type": "BG_grass", "variant": 6, "pos": [9, 8]}, "9;7": {"type": "BG_grass", "variant": 8, "pos": [9, 7]}, "9;6": {"type": "BG_grass", "variant": 3, "pos": [9, 6]}, "9;5": {"type": "BG_grass", "variant": 2, "pos": [9, 5]}, "8;5": {"type": "BG_grass", "variant": 8, "pos": [8, 5]}, "7;5": {"type": "BG_grass", "variant": 8, "pos": [7, 5]}, "6;5": {"type": "BG_grass", "variant": 8, "pos": [6, 5]}, "5;5": {"type": "BG_grass", "variant": 8, "pos": [5, 5]}, "4;5": {"type": "BG_grass", "variant": 8, "pos": [4, 5]}, "3;5": {"type": "BG_grass", "variant": 8, "pos": [3, 5]}, "2;5": {"type": "BG_grass", "variant": 8, "pos": [2, 5]}, "1;5": {"type": "BG_grass", "variant": 8, "pos": [1, 5]}, "1;4": {"type": "BG_grass", "variant": 8, "pos": [1, 4]}, "2;4": {"type": "BG_grass", "variant": 8, "pos": [2, 4]}, "3;4": {"type": "BG_grass", "variant": 8, "pos": [3, 4]}, "4;4": {"type": "BG_grass", "variant": 8, "pos": [4, 4]}, "5;4": {"type": "BG_grass", "variant": 8, "pos": [5, 4]}, "6;4": {"type": "BG_grass", "variant": 8, "pos": [6, 4]}, "7;4": {"type": "BG_grass", "variant": 8, "pos": [7, 4]}, "8;4": {"type": "BG_grass", "variant": 2, "pos": [8, 4]}, "2;3": {"type": "BG_grass", "variant": 1, "pos": [2, 3]}, "1;3": {"type": "BG_grass", "variant": 0, "pos": [1, 3]}, "3;3": {"type": "BG_grass", "variant": 1, "pos": [3, 3]}, "4;3": {"type": "BG_grass", "variant": 1, "pos": [4, 3]}, "5;3": {"type": "BG_grass", "variant": 1, "pos": [5, 3]}, "6;3": {"type": "BG_grass", "variant": 1, "pos": [6, 3]}, "7;3": {"type": "BG_grass", "variant": 2, "pos": [7, 3]}, "7;6": {"type": "BG_grass", "variant": 8, "pos": [7, 6]}, "7;7": {"type": "BG_grass", "variant": 6, "pos": [7, 7]}, "8;7": {"type": "BG_grass", "variant": 5, "pos": [8, 7]}, "10;7": {"type": "BG_grass", "variant": 2, "pos": [10, 7]}, "10;9": {"type": "BG_grass", "variant": 6, "pos": [10, 9]}, "8;11": {"type": "BG_grass", "variant": 1, "pos": [8, 11]}, "9;11": {"type": "BG_grass", "variant": 1, "pos": [9, 11]}, "10;11": {"type": "BG_grass", "variant": 1, "pos": [10, 11]}, "8;6": {"type": "BG_grass", "variant": 8, "pos": [8, 6]}, "6;6": {"type": "BG_grass", "variant": 5, "pos": [6, 6]}, "5;6": {"type": "BG_grass", "variant": 5, "pos": [5, 6]}, "4;6": {"type": "BG_grass", "variant": 5, "pos": [4, 6]}, "3;6": {"type": "BG_grass", "variant": 5, "pos": [3, 6]}, "2;6": {"type": "BG_grass", "variant": 5, "pos": [2, 6]}, "1;6": {"type": "BG_grass", "variant": 8, "pos": [1, 6]}, "1;7": {"type": "BG_grass", "variant": 3, "pos": [1, 7]}, "13;8": {"type": "BG_grass", "variant": 0, "pos": [13, 8]}, "13;9": {"type": "BG_grass", "variant": 3, "pos": [13, 9]}, "13;10": {"type": "BG_grass", "variant": 3, "pos": [13, 10]}, "13;11": {"type": "BG_grass", "variant": 5, "pos": [13, 11]}, "14;11": {"type": "BG_grass", "variant": 0, "pos": [14, 11]}, "15;11": {"type": "BG_grass", "variant": 0, "pos": [15, 11]}, "16;11": {"type": "BG_grass", "variant": 0, "pos": [16, 11]}, "17;11": {"type": "BG_grass", "variant": 0, "pos": [17, 11]}, "18;11": {"type": "BG_grass", "variant": 0, "pos": [18, 11]}, "19;11": {"type": "BG_grass", "variant": 0, "pos": [19, 11]}, "20;11": {"type": "BG_grass", "variant": 0, "pos": [20, 11]}, "21;11": {"type": "BG_grass", "variant": 0, "pos": [21, 11]}, "22;11": {"type": "BG_grass", "variant": 4, "pos": [22, 11]}, "22;10": {"type": "BG_grass", "variant": 0, "pos": [22, 10]}, "23;10": {"type": "BG_grass", "variant": 4, "pos": [23, 10]}, "23;9": {"type": "BG_grass", "variant": 7, "pos": [23, 9]}, "24;9": {"type": "BG_grass", "variant": 4, "pos": [24, 9]}, "24;8": {"type": "BG_grass", "variant": 8, "pos": [24, 8]}, "25;8": {"type": "BG_grass", "variant": 5, "pos": [25, 8]}, "23;8": {"type": "BG_grass", "variant": 8, "pos": [23, 8]}, "22;8": {"type": "BG_grass", "variant": 0, "pos": [22, 8]}, "21;8": {"type": "BG_grass", "variant": 0, "pos": [21, 8]}, "20;8": {"type": "BG_grass", "variant": 0, "pos": [20, 8]}, "19;8": {"type": "BG_grass", "variant": 0, "pos": [19, 8]}, "18;8": {"type": "BG_grass", "variant": 0, "pos": [18, 8]}, "17;8": {"type": "BG_grass", "variant": 0, "pos": [17, 8]}, "16;8": {"type": "BG_grass", "variant": 5, "pos": [16, 8]}, "15;8": {"type": "BG_grass", "variant": 5, "pos": [15, 8]}, "14;8": {"type": "BG_grass", "variant": 0, "pos": [14, 8]}, "15;7": {"type": "BG_grass", "variant": 0, "pos": [15, 7]}, "16;7": {"type": "BG_grass", "variant": 3, "pos": [16, 7]}, "16;6": {"type": "BG_grass", "variant": 7, "pos": [16, 6]}, "17;6": {"type": "BG_grass", "variant": 4, "pos": [17, 6]}, "17;5": {"type": "BG_grass", "variant": 8, "pos": [17, 5]}, "16;5": {"type": "BG_grass", "variant": 7, "pos": [16, 5]}, "17;4": {"type": "BG_grass", "variant": 1, "pos": [17, 4]}, "18;4": {"type": "BG_grass", "variant": 8, "pos": [18, 4]}, "19;4": {"type": "BG_grass", "variant": 8, "pos": [19, 4]}, "20;4": {"type": "BG_grass", "variant": 8, "pos": [20, 4]}, "21;4": {"type": "BG_grass", "variant": 8, "pos": [21, 4]}, "22;4": {"type": "BG_grass", "variant": 2, "pos": [22, 4]}, "22;5": {"type": "BG_grass", "variant": 5, "pos": [22, 5]}, "23;5": {"type": "BG_grass", "variant": 1, "pos": [23, 5]}, "24;5": {"type": "BG_grass", "variant": 2, "pos": [24, 5]}, "24;6": {"type": "BG_grass", "variant": 8, "pos": [24, 6]}, "24;7": {"type": "BG_grass", "variant": 8, "pos": [24, 7]}, "25;7": {"type": "BG_grass", "variant": 8, "pos": [25, 7]}, "23;7": {"type": "BG_grass", "variant": 7, "pos": [23, 7]}, "23;6": {"type": "BG_grass", "variant": 7, "pos": [23, 6]}, "21;5": {"type": "BG_grass", "variant": 5, "pos": [21, 5]}, "20;5": {"type": "BG_grass", "variant": 5, "pos": [20, 5]}, "19;5": {"type": "BG_grass", "variant": 5, "pos": [19, 5]}, "18;5": {"type": "BG_grass", "variant": 5, "pos": [18, 5]}, "16;4": {"type": "BG_grass", "variant": 0, "pos": [16, 4]}, "18;3": {"type": "BG_grass", "variant": 0, "pos": [18, 3]}, "19;3": {"type": "BG_grass", "variant": 8, "pos": [19, 3]}, "19;2": {"type": "BG_grass", "variant": 0, "pos": [19, 2]}, "20;2": {"type": "BG_grass", "variant": 2, "pos": [20, 2]}, "20;3": {"type": "BG_grass", "variant": 8, "pos": [20, 3]}, "21;3": {"type": "BG_grass", "variant": 2, "pos": [21, 3]}, "25;6": {"type": "BG_grass", "variant": 1, "pos": [25, 6]}, "26;6": {"type": "BG_grass", "variant": 8, "pos": [26, 6]}, "26;7": {"type": "BG_grass", "variant": 3, "pos": [26, 7]}, "26;8": {"type": "BG_grass", "variant": 3, "pos": [26, 8]}, "26;9": {"type": "BG_grass", "variant": 6, "pos": [26, 9]}, "27;9": {"type": "BG_grass", "variant": 2, "pos": [27, 9]}, "27;10": {"type": "BG_grass", "variant": 6, "pos": [27, 10]}, "28;10": {"type": "BG_grass", "variant": 2, "pos": [28, 10]}, "28;11": {"type": "BG_grass", "variant": 6, "pos": [28, 11]}, "29;11": {"type": "BG_grass", "variant": 2, "pos": [29, 11]}, "29;12": {"type": "BG_grass", "variant": 7, "pos": [29, 12]}, "29;13": {"type": "BG_grass", "variant": 6, "pos": [29, 13]}, "30;13": {"type": "BG_grass", "variant": 5, "pos": [30, 13]}, "31;13": {"type": "BG_grass", "variant": 5, "pos": [31, 13]}, "32;13": {"type": "BG_grass", "variant": 5, "pos": [32, 13]}, "33;13": {"type": "BG_grass", "variant": 5, "pos": [33, 13]}, "34;13": {"type": "BG_grass", "variant": 5, "pos": [34, 13]}, "35;13": {"type": "BG_grass", "variant": 5, "pos": [35, 13]}, "36;13": {"type": "BG_grass", "variant": 5, "pos": [36, 13]}, "37;13": {"type": "BG_grass", "variant": 5, "pos": [37, 13]}, "38;13": {"type": "BG_grass", "variant": 5, "pos": [38, 13]}, "39;13": {"type": "BG_grass", "variant": 5, "pos": [39, 13]}, "40;13": {"type": "BG_grass", "variant": 5, "pos": [40, 13]}, "41;13": {"type": "BG_grass", "variant": 4, "pos": [41, 13]}, "41;12": {"type": "BG_grass", "variant": 8, "pos": [41, 12]}, "42;12": {"type": "BG_grass", "variant": 5, "pos": [42, 12]}, "42;11": {"type": "BG_grass", "variant": 8, "pos": [42, 11]}, "43;11": {"type": "BG_grass", "variant": 8, "pos": [43, 11]}, "41;11": {"type": "BG_grass", "variant": 7, "pos": [41, 11]}, "41;10": {"type": "BG_grass", "variant": 8, "pos": [41, 10]}, "41;9": {"type": "BG_grass", "variant": 1, "pos": [41, 9]}, "42;9": {"type": "BG_grass", "variant": 2, "pos": [42, 9]}, "42;10": {"type": "BG_grass", "variant": 8, "pos": [42, 10]}, "40;10": {"type": "BG_grass", "variant": 5, "pos": [40, 10]}, "40;9": {"type": "BG_grass", "variant": 8, "pos": [40, 9]}, "39;9": {"type": "BG_grass", "variant": 8, "pos": [39, 9]}, "39;8": {"type": "BG_grass", "variant": 1, "pos": [39, 8]}, "40;8": {"type": "BG_grass", "variant": 2, "pos": [40, 8]}, "38;8": {"type": "BG_grass", "variant": 1, "pos": [38, 8]}, "37;8": {"type": "BG_grass", "variant": 1, "pos": [37, 8]}, "36;8": {"type": "BG_grass", "variant": 1, "pos": [36, 8]}, "35;8": {"type": "BG_grass", "variant": 1, "pos": [35, 8]}, "34;8": {"type": "BG_grass", "variant": 1, "pos": [34, 8]}, "33;8": {"type": "BG_grass", "variant": 1, "pos": [33, 8]}, "32;8": {"type": "BG_grass", "variant": 8, "pos": [32, 8]}, "32;7": {"type": "BG_grass", "variant": 2, "pos": [32, 7]}, "31;7": {"type": "BG_grass", "variant": 8, "pos": [31, 7]}, "31;6": {"type": "BG_grass", "variant": 2, "pos": [31, 6]}, "30;6": {"type": "BG_grass", "variant": 8, "pos": [30, 6]}, "30;5": {"type": "BG_grass", "variant": 2, "pos": [30, 5]}, "29;5": {"type": "BG_grass", "variant": 8, "pos": [29, 5]}, "29;4": {"type": "BG_grass", "variant": 2, "pos": [29, 4]}, "28;4": {"type": "BG_grass", "variant": 1, "pos": [28, 4]}, "27;4": {"type": "BG_grass", "variant": 0, "pos": [27, 4]}, "27;5": {"type": "BG_grass", "variant": 8, "pos": [27, 5]}, "27;6": {"type": "BG_grass", "variant": 5, "pos": [27, 6]}, "28;6": {"type": "BG_grass", "variant": 8, "pos": [28, 6]}, "28;5": {"type": "BG_grass", "variant": 8, "pos": [28, 5]}, "29;6": {"type": "BG_grass", "variant": 8, "pos": [29, 6]}, "29;7": {"type": "BG_grass", "variant": 8, "pos": [29, 7]}, "29;8": {"type": "BG_grass", "variant": 6, "pos": [29, 8]}, "30;8": {"type": "BG_grass", "variant": 8, "pos": [30, 8]}, "30;7": {"type": "BG_grass", "variant": 8, "pos": [30, 7]}, "31;8": {"type": "BG_grass", "variant": 8, "pos": [31, 8]}, "31;9": {"type": "BG_grass", "variant": 8, "pos": [31, 9]}, "31;10": {"type": "BG_grass", "variant": 6, "pos": [31, 10]}, "32;10": {"type": "BG_grass", "variant": 5, "pos": [32, 10]}, "33;10": {"type": "BG_grass", "variant": 5, "pos": [33, 10]}, "34;10": {"type": "BG_grass", "variant": 5, "pos": [34, 10]}, "35;10": {"type": "BG_grass", "variant": 5, "pos": [35, 10]}, "36;10": {"type": "BG_grass", "variant": 5, "pos": [36, 10]}, "37;10": {"type": "BG_grass", "variant": 5, "pos": [37, 10]}, "38;10": {"type": "BG_grass", "variant": 5, "pos": [38, 10]}, "39;10": {"type": "BG_grass", "variant": 5, "pos": [39, 10]}, "38;9": {"type": "BG_grass", "variant": 8, "pos": [38, 9]}, "37;9": {"type": "BG_grass", "variant": 8, "pos": [37, 9]}, "36;9": {"type": "BG_grass", "variant": 8, "pos": [36, 9]}, "35;9": {"type": "BG_grass", "variant": 8, "pos": [35, 9]}, "34;9": {"type": "BG_grass", "variant": 8, "pos": [34, 9]}, "33;9": {"type": "BG_grass", "variant": 8, "pos": [33, 9]}, "32;9": {"type": "BG_grass", "variant": 8, "pos": [32, 9]}, "30;9": {"type": "BG_grass", "variant": 6, "pos": [30, 9]}, "28;7": {"type": "BG_grass", "variant": 6, "pos": [28, 7]}, "26;5": {"type": "BG_grass", "variant": 0, "pos": [26, 5]}, "31;12": {"type": "BG_grass", "variant": 1, "pos": [31, 12]}, "30;12": {"type": "BG_grass", "variant": 1, "pos": [30, 12]}, "32;12": {"type": "BG_grass", "variant": 1, "pos": [32, 12]}, "33;12": {"type": "BG_grass", "variant": 1, "pos": [33, 12]}, "34;12": {"type": "BG_grass", "variant": 1, "pos": [34, 12]}, "35;12": {"type": "BG_grass", "variant": 1, "pos": [35, 12]}, "36;12": {"type": "BG_grass", "variant": 1, "pos": [36, 12]}, "37;12": {"type": "BG_grass", "variant": 1, "pos": [37, 12]}, "38;12": {"type": "BG_grass", "variant": 1, "pos": [38, 12]}, "39;12": {"type": "BG_grass", "variant": 1, "pos": [39, 12]}, "40;12": {"type": "BG_grass", "variant": 1, "pos": [40, 12]}, "44;11": {"type": "BG_grass", "variant": 8, "pos": [44, 11]}, "43;12": {"type": "BG_grass", "variant": 5, "pos": [43, 12]}, "43;10": {"type": "BG_grass", "variant": 1, "pos": [43, 10]}, "44;10": {"type": "BG_grass", "variant": 1, "pos": [44, 10]}, "45;10": {"type": "BG_grass", "variant": 8, "pos": [45, 10]}, "45;9": {"type": "BG_grass", "variant": 0, "pos": [45, 9]}, "46;9": {"type": "BG_grass", "variant": 8, "pos": [46, 9]}, "46;8": {"type": "BG_grass", "variant": 0, "pos": [46, 8]}, "47;8": {"type": "BG_grass", "variant": 8, "pos": [47, 8]}, "47;7": {"type": "BG_grass", "variant": 0, "pos": [47, 7]}, "48;7": {"type": "BG_grass", "variant": 8, "pos": [48, 7]}, "48;6": {"type": "BG_grass", "variant": 0, "pos": [48, 6]}, "49;6": {"type": "BG_grass", "variant": 8, "pos": [49, 6]}, "49;5": {"type": "BG_grass", "variant": 0, "pos": [49, 5]}, "50;5": {"type": "BG_grass", "variant": 8, "pos": [50, 5]}, "51;5": {"type": "BG_grass", "variant": 3, "pos": [51, 5]}, "51;6": {"type": "BG_grass", "variant": 8, "pos": [51, 6]}, "51;7": {"type": "BG_grass", "variant": 8, "pos": [51, 7]}, "51;8": {"type": "BG_grass", "variant": 8, "pos": [51, 8]}, "51;9": {"type": "BG_grass", "variant": 3, "pos": [51, 9]}, "51;10": {"type": "BG_grass", "variant": 4, "pos": [51, 10]}, "50;10": {"type": "BG_grass", "variant": 8, "pos": [50, 10]}, "50;11": {"type": "BG_grass", "variant": 4, "pos": [50, 11]}, "49;11": {"type": "BG_grass", "variant": 5, "pos": [49, 11]}, "48;11": {"type": "BG_grass", "variant": 5, "pos": [48, 11]}, "47;11": {"type": "BG_grass", "variant": 5, "pos": [47, 11]}, "46;11": {"type": "BG_grass", "variant": 5, "pos": [46, 11]}, "45;11": {"type": "BG_grass", "variant": 8, "pos": [45, 11]}, "44;12": {"type": "BG_grass", "variant": 5, "pos": [44, 12]}, "45;12": {"type": "BG_grass", "variant": 4, "pos": [45, 12]}, "46;10": {"type": "BG_grass", "variant": 8, "pos": [46, 10]}, "47;10": {"type": "BG_grass", "variant": 8, "pos": [47, 10]}, "47;9": {"type": "BG_grass", "variant": 8, "pos": [47, 9]}, "48;9": {"type": "BG_grass", "variant": 8, "pos": [48, 9]}, "48;8": {"type": "BG_grass", "variant": 8, "pos": [48, 8]}, "49;8": {"type": "BG_grass", "variant": 8, "pos": [49, 8]}, "49;7": {"type": "BG_grass", "variant": 8, "pos": [49, 7]}, "50;6": {"type": "BG_grass", "variant": 8, "pos": [50, 6]}, "50;7": {"type": "BG_grass", "variant": 8, "pos": [50, 7]}, "50;8": {"type": "BG_grass", "variant": 8, "pos": [50, 8]}, "50;9": {"type": "BG_grass", "variant": 8, "pos": [50, 9]}, "49;9": {"type": "BG_grass", "variant": 8, "pos": [49, 9]}, "48;10": {"type": "BG_grass", "variant": 8, "pos": [48, 10]}, "49;10": {"type": "BG_grass", "variant": 8, "pos": [49, 10]}, "55;3": {"type": "BG_grass", "variant": 7, "pos": [55, 3]}, "55;2": {"type": "BG_grass", "variant": 8, "pos": [55, 2]}, "56;2": {"type": "BG_grass", "variant": 3, "pos": [56, 2]}, "56;1": {"type": "BG_grass", "variant": 8, "pos": [56, 1]}, "57;1": {"type": "BG_grass", "variant": 4, "pos": [57, 1]}, "57;0": {"type": "BG_grass", "variant": 8, "pos": [57, 0]}, "58;0": {"type": "BG_grass", "variant": 4, "pos": [58, 0]}, "59;-1": {"type": "BG_grass", "variant": 5, "pos": [59, -1]}, "59;-2": {"type": "BG_grass", "variant": 8, "pos": [59, -2]}, "58;-2": {"type": "BG_grass", "variant": 1, "pos": [58, -2]}, "57;-2": {"type": "BG_grass", "variant": 1, "pos": [57, -2]}, "56;-2": {"type": "BG_grass", "variant": 1, "pos": [56, -2]}, "56;-1": {"type": "BG_grass", "variant": 8, "pos": [56, -1]}, "55;-1": {"type": "BG_grass", "variant": 8, "pos": [55, -1]}, "55;0": {"type": "BG_grass", "variant": 8, "pos": [55, 0]}, "54;0": {"type": "BG_grass", "variant": 8, "pos": [54, 0]}, "54;1": {"type": "BG_grass", "variant": 8, "pos": [54, 1]}, "53;1": {"type": "BG_grass", "variant": 7, "pos": [53, 1]}, "53;2": {"type": "BG_grass", "variant": 8, "pos": [53, 2]}, "52;2": {"type": "BG_grass", "variant": 0, "pos": [52, 2]}, "52;3": {"type": "BG_grass", "variant": 5, "pos": [52, 3]}, "51;3": {"type": "BG_grass", "variant": 0, "pos": [51, 3]}, "51;4": {"type": "BG_grass", "variant": 3, "pos": [51, 4]}, "50;4": {"type": "BG_grass", "variant": 0, "pos": [50, 4]}, "54;2": {"type": "BG_grass", "variant": 5, "pos": [54, 2]}, "55;1": {"type": "BG_grass", "variant": 8, "pos": [55, 1]}, "56;0": {"type": "BG_grass", "variant": 8, "pos": [56, 0]}, "57;-1": {"type": "BG_grass", "variant": 8, "pos": [57, -1]}, "58;-1": {"type": "BG_grass", "variant": 8, "pos": [58, -1]}, "60;-2": {"type": "BG_grass", "variant": 3, "pos": [60, -2]}, "60;-1": {"type": "BG_grass", "variant": 4, "pos": [60, -1]}, "53;0": {"type": "BG_grass", "variant": 8, "pos": [53, 0]}, "52;0": {"type": "BG_grass", "variant": 5, "pos": [52, 0]}, "51;0": {"type": "BG_grass", "variant": 6, "pos": [51, 0]}, "51;-1": {"type": "BG_grass", "variant": 8, "pos": [51, -1]}, "51;-2": {"type": "BG_grass", "variant": 8, "pos": [51, -2]}, "51;-3": {"type": "BG_grass", "variant": 8, "pos": [51, -3]}, "50;-3": {"type": "BG_grass", "variant": 8, "pos": [50, -3]}, "49;-3": {"type": "BG_grass", "variant": 7, "pos": [49, -3]}, "49;-2": {"type": "BG_grass", "variant": 6, "pos": [49, -2]}, "50;-2": {"type": "BG_grass", "variant": 8, "pos": [50, -2]}, "50;-4": {"type": "BG_grass", "variant": 8, "pos": [50, -4]}, "50;-5": {"type": "BG_grass", "variant": 1, "pos": [50, -5]}, "49;-5": {"type": "BG_grass", "variant": 8, "pos": [49, -5]}, "48;-5": {"type": "BG_grass", "variant": 8, "pos": [48, -5]}, "48;-6": {"type": "BG_grass", "variant": 8, "pos": [48, -6]}, "47;-6": {"type": "BG_grass", "variant": 8, "pos": [47, -6]}, "47;-5": {"type": "BG_grass", "variant": 6, "pos": [47, -5]}, "48;-7": {"type": "BG_grass", "variant": 3, "pos": [48, -7]}, "47;-7": {"type": "BG_grass", "variant": 8, "pos": [47, -7]}, "46;-7": {"type": "BG_grass", "variant": 8, "pos": [46, -7]}, "46;-8": {"type": "BG_grass", "variant": 8, "pos": [46, -8]}, "47;-8": {"type": "BG_grass", "variant": 8, "pos": [47, -8]}, "46;-6": {"type": "BG_grass", "variant": 6, "pos": [46, -6]}, "45;-7": {"type": "BG_grass", "variant": 6, "pos": [45, -7]}, "48;-4": {"type": "BG_grass", "variant": 6, "pos": [48, -4]}, "49;-4": {"type": "BG_grass", "variant": 8, "pos": [49, -4]}, "49;-6": {"type": "BG_grass", "variant": 2, "pos": [49, -6]}, "51;-4": {"type": "BG_grass", "variant": 8, "pos": [51, -4]}, "52;-4": {"type": "BG_grass", "variant": 8, "pos": [52, -4]}, "52;-3": {"type": "BG_grass", "variant": 8, "pos": [52, -3]}, "52;-2": {"type": "BG_grass", "variant": 8, "pos": [52, -2]}, "50;-1": {"type": "BG_grass", "variant": 6, "pos": [50, -1]}, "52;-1": {"type": "BG_grass", "variant": 8, "pos": [52, -1]}, "53;-1": {"type": "BG_grass", "variant": 8, "pos": [53, -1]}, "53;-2": {"type": "BG_grass", "variant": 8, "pos": [53, -2]}, "54;-1": {"type": "BG_grass", "variant": 8, "pos": [54, -1]}, "53;-3": {"type": "BG_grass", "variant": 3, "pos": [53, -3]}, "54;-2": {"type": "BG_grass", "variant": 1, "pos": [54, -2]}, "51;-5": {"type": "BG_grass", "variant": 1, "pos": [51, -5]}, "59;-3": {"type": "BG_grass", "variant": 7, "pos": [59, -3]}, "60;-3": {"type": "BG_grass", "variant": 3, "pos": [60, -3]}, "60;-4": {"type": "BG_grass", "variant": 8, "pos": [60, -4]}, "61;-4": {"type": "BG_grass", "variant": 4, "pos": [61, -4]}, "61;-5": {"type": "BG_grass", "variant": 8, "pos": [61, -5]}, "62;-5": {"type": "BG_grass", "variant": 4, "pos": [62, -5]}, "62;-6": {"type": "BG_grass", "variant": 3, "pos": [62, -6]}, "62;-7": {"type": "BG_grass", "variant": 3, "pos": [62, -7]}, "62;-8": {"type": "BG_grass", "variant": 3, "pos": [62, -8]}, "62;-9": {"type": "BG_grass", "variant": 2, "pos": [62, -9]}, "61;-9": {"type": "BG_grass", "variant": 1, "pos": [61, -9]}, "60;-10": {"type": "BG_grass", "variant": 2, "pos": [60, -10]}, "59;-11": {"type": "BG_grass", "variant": 2, "pos": [59, -11]}, "58;-11": {"type": "BG_grass", "variant": 1, "pos": [58, -11]}, "58;-10": {"type": "BG_grass", "variant": 8, "pos": [58, -10]}, "57;-10": {"type": "BG_grass", "variant": 8, "pos": [57, -10]}, "57;-9": {"type": "BG_grass", "variant": 8, "pos": [57, -9]}, "56;-9": {"type": "BG_grass", "variant": 8, "pos": [56, -9]}, "56;-8": {"type": "BG_grass", "variant": 8, "pos": [56, -8]}, "55;-8": {"type": "BG_grass", "variant": 8, "pos": [55, -8]}, "55;-7": {"type": "BG_grass", "variant": 8, "pos": [55, -7]}, "54;-7": {"type": "BG_grass", "variant": 8, "pos": [54, -7]}, "54;-6": {"type": "BG_grass", "variant": 8, "pos": [54, -6]}, "54;-5": {"type": "BG_grass", "variant": 4, "pos": [54, -5]}, "53;-5": {"type": "BG_grass", "variant": 8, "pos": [53, -5]}, "52;-5": {"type": "BG_grass", "variant": 8, "pos": [52, -5]}, "53;-4": {"type": "BG_grass", "variant": 3, "pos": [53, -4]}, "55;-6": {"type": "BG_grass", "variant": 5, "pos": [55, -6]}, "56;-6": {"type": "BG_grass", "variant": 4, "pos": [56, -6]}, "56;-7": {"type": "BG_grass", "variant": 8, "pos": [56, -7]}, "57;-7": {"type": "BG_grass", "variant": 5, "pos": [57, -7]}, "57;-8": {"type": "BG_grass", "variant": 8, "pos": [57, -8]}, "58;-8": {"type": "BG_grass", "variant": 8, "pos": [58, -8]}, "58;-9": {"type": "BG_grass", "variant": 8, "pos": [58, -9]}, "59;-9": {"type": "BG_grass", "variant": 8, "pos": [59, -9]}, "59;-10": {"type": "BG_grass", "variant": 8, "pos": [59, -10]}, "60;-9": {"type": "BG_grass", "variant": 8, "pos": [60, -9]}, "61;-8": {"type": "BG_grass", "variant": 8, "pos": [61, -8]}, "61;-7": {"type": "BG_grass", "variant": 8, "pos": [61, -7]}, "60;-7": {"type": "BG_grass", "variant": 8, "pos": [60, -7]}, "60;-8": {"type": "BG_grass", "variant": 8, "pos": [60, -8]}, "59;-8": {"type": "BG_grass", "variant": 8, "pos": [59, -8]}, "59;-7": {"type": "BG_grass", "variant": 8, "pos": [59, -7]}, "59;-6": {"type": "BG_grass", "variant": 5, "pos": [59, -6]}, "60;-6": {"type": "BG_grass", "variant": 8, "pos": [60, -6]}, "61;-6": {"type": "BG_grass", "variant": 8, "pos": [61, -6]}, "60;-5": {"type": "BG_grass", "variant": 7, "pos": [60, -5]}, "58;-7": {"type": "BG_grass", "variant": 8, "pos": [58, -7]}, "55;-2": {"type": "BG_grass", "variant": 1, "pos": [55, -2]}, "58;-6": {"type": "BG_grass", "variant": 6, "pos": [58, -6]}, "57;-11": {"type": "BG_grass", "variant": 8, "pos": [57, -11]}, "56;-10": {"type": "BG_grass", "variant": 8, "pos": [56, -10]}, "55;-10": {"type": "BG_grass", "variant": 7, "pos": [55, -10]}, "55;-9": {"type": "BG_grass", "variant": 7, "pos": [55, -9]}, "54;-8": {"type": "BG_grass", "variant": 0, "pos": [54, -8]}, "53;-6": {"type": "BG_grass", "variant": 8, "pos": [53, -6]}, "53;-7": {"type": "BG_grass", "variant": 0, "pos": [53, -7]}, "52;-6": {"type": "BG_grass", "variant": 0, "pos": [52, -6]}, "56;-12": {"type": "BG_grass", "variant": 8, "pos": [56, -12]}, "57;-12": {"type": "BG_grass", "variant": 2, "pos": [57, -12]}, "56;-11": {"type": "BG_grass", "variant": 8, "pos": [56, -11]}, "56;-13": {"type": "BG_grass", "variant": 2, "pos": [56, -13]}, "55;-13": {"type": "BG_grass", "variant": 8, "pos": [55, -13]}, "54;-13": {"type": "BG_grass", "variant": 8, "pos": [54, -13]}, "53;-13": {"type": "BG_grass", "variant": 8, "pos": [53, -13]}, "52;-13": {"type": "BG_grass", "variant": 8, "pos": [52, -13]}, "52;-12": {"type": "BG_grass", "variant": 5, "pos": [52, -12]}, "51;-12": {"type": "BG_grass", "variant": 8, "pos": [51, -12]}, "51;-11": {"type": "BG_grass", "variant": 4, "pos": [51, -11]}, "50;-11": {"type": "BG_grass", "variant": 8, "pos": [50, -11]}, "50;-10": {"type": "BG_grass", "variant": 4, "pos": [50, -10]}, "49;-10": {"type": "BG_grass", "variant": 8, "pos": [49, -10]}, "49;-9": {"type": "BG_grass", "variant": 4, "pos": [49, -9]}, "48;-9": {"type": "BG_grass", "variant": 8, "pos": [48, -9]}, "48;-8": {"type": "BG_grass", "variant": 3, "pos": [48, -8]}, "47;-9": {"type": "BG_grass", "variant": 8, "pos": [47, -9]}, "47;-10": {"type": "BG_grass", "variant": 8, "pos": [47, -10]}, "48;-10": {"type": "BG_grass", "variant": 8, "pos": [48, -10]}, "48;-11": {"type": "BG_grass", "variant": 8, "pos": [48, -11]}, "49;-11": {"type": "BG_grass", "variant": 8, "pos": [49, -11]}, "49;-12": {"type": "BG_grass", "variant": 8, "pos": [49, -12]}, "50;-12": {"type": "BG_grass", "variant": 8, "pos": [50, -12]}, "50;-13": {"type": "BG_grass", "variant": 1, "pos": [50, -13]}, "51;-13": {"type": "BG_grass", "variant": 8, "pos": [51, -13]}, "51;-14": {"type": "BG_grass", "variant": 0, "pos": [51, -14]}, "52;-14": {"type": "BG_grass", "variant": 1, "pos": [52, -14]}, "53;-14": {"type": "BG_grass", "variant": 1, "pos": [53, -14]}, "54;-14": {"type": "BG_grass", "variant": 1, "pos": [54, -14]}, "55;-14": {"type": "BG_grass", "variant": 2, "pos": [55, -14]}, "55;-11": {"type": "BG_grass", "variant": 8, "pos": [55, -11]}, "55;-12": {"type": "BG_grass", "variant": 8, "pos": [55, -12]}, "54;-12": {"type": "BG_grass", "variant": 8, "pos": [54, -12]}, "53;-12": {"type": "BG_grass", "variant": 5, "pos": [53, -12]}, "54;-11": {"type": "BG_grass", "variant": 6, "pos": [54, -11]}, "49;-13": {"type": "BG_grass", "variant": 1, "pos": [49, -13]}, "48;-13": {"type": "BG_grass", "variant": 1, "pos": [48, -13]}, "47;-13": {"type": "BG_grass", "variant": 1, "pos": [47, -13]}, "46;-13": {"type": "BG_grass", "variant": 1, "pos": [46, -13]}, "45;-13": {"type": "BG_grass", "variant": 8, "pos": [45, -13]}, "44;-13": {"type": "BG_grass", "variant": 8, "pos": [44, -13]}, "44;-14": {"type": "BG_grass", "variant": 8, "pos": [44, -14]}, "43;-14": {"type": "BG_grass", "variant": 8, "pos": [43, -14]}, "43;-15": {"type": "BG_grass", "variant": 8, "pos": [43, -15]}, "42;-15": {"type": "BG_grass", "variant": 8, "pos": [42, -15]}, "41;-15": {"type": "BG_grass", "variant": 8, "pos": [41, -15]}, "41;-14": {"type": "BG_grass", "variant": 8, "pos": [41, -14]}, "40;-14": {"type": "BG_grass", "variant": 8, "pos": [40, -14]}, "40;-13": {"type": "BG_grass", "variant": 8, "pos": [40, -13]}, "39;-13": {"type": "BG_grass", "variant": 8, "pos": [39, -13]}, "39;-12": {"type": "BG_grass", "variant": 8, "pos": [39, -12]}, "38;-12": {"type": "BG_grass", "variant": 6, "pos": [38, -12]}, "39;-11": {"type": "BG_grass", "variant": 6, "pos": [39, -11]}, "40;-11": {"type": "BG_grass", "variant": 5, "pos": [40, -11]}, "41;-11": {"type": "BG_grass", "variant": 8, "pos": [41, -11]}, "41;-10": {"type": "BG_grass", "variant": 6, "pos": [41, -10]}, "42;-10": {"type": "BG_grass", "variant": 8, "pos": [42, -10]}, "42;-9": {"type": "BG_grass", "variant": 7, "pos": [42, -9]}, "42;-8": {"type": "BG_grass", "variant": 6, "pos": [42, -8]}, "43;-8": {"type": "BG_grass", "variant": 5, "pos": [43, -8]}, "44;-8": {"type": "BG_grass", "variant": 5, "pos": [44, -8]}, "45;-8": {"type": "BG_grass", "variant": 8, "pos": [45, -8]}, "46;-9": {"type": "BG_grass", "variant": 8, "pos": [46, -9]}, "45;-9": {"type": "BG_grass", "variant": 8, "pos": [45, -9]}, "44;-9": {"type": "BG_grass", "variant": 8, "pos": [44, -9]}, "44;-10": {"type": "BG_grass", "variant": 8, "pos": [44, -10]}, "43;-10": {"type": "BG_grass", "variant": 8, "pos": [43, -10]}, "43;-9": {"type": "BG_grass", "variant": 8, "pos": [43, -9]}, "45;-10": {"type": "BG_grass", "variant": 8, "pos": [45, -10]}, "46;-10": {"type": "BG_grass", "variant": 8, "pos": [46, -10]}, "46;-11": {"type": "BG_grass", "variant": 8, "pos": [46, -11]}, "47;-11": {"type": "BG_grass", "variant": 8, "pos": [47, -11]}, "45;-11": {"type": "BG_grass", "variant": 8, "pos": [45, -11]}, "44;-11": {"type": "BG_grass", "variant": 8, "pos": [44, -11]}, "43;-11": {"type": "BG_grass", "variant": 8, "pos": [43, -11]}, "42;-11": {"type": "BG_grass", "variant": 8, "pos": [42, -11]}, "40;-12": {"type": "BG_grass", "variant": 8, "pos": [40, -12]}, "41;-12": {"type": "BG_grass", "variant": 8, "pos": [41, -12]}, "41;-13": {"type": "BG_grass", "variant": 8, "pos": [41, -13]}, "42;-13": {"type": "BG_grass", "variant": 8, "pos": [42, -13]}, "42;-14": {"type": "BG_grass", "variant": 8, "pos": [42, -14]}, "43;-13": {"type": "BG_grass", "variant": 8, "pos": [43, -13]}, "43;-12": {"type": "BG_grass", "variant": 8, "pos": [43, -12]}, "44;-12": {"type": "BG_grass", "variant": 8, "pos": [44, -12]}, "45;-12": {"type": "BG_grass", "variant": 8, "pos": [45, -12]}, "46;-12": {"type": "BG_grass", "variant": 8, "pos": [46, -12]}, "47;-12": {"type": "BG_grass", "variant": 8, "pos": [47, -12]}, "48;-12": {"type": "BG_grass", "variant": 8, "pos": [48, -12]}, "42;-12": {"type": "BG_grass", "variant": 8, "pos": [42, -12]}, "38;-13": {"type": "BG_grass", "variant": 0, "pos": [38, -13]}, "39;-14": {"type": "BG_grass", "variant": 0, "pos": [39, -14]}, "40;-15": {"type": "BG_grass", "variant": 0, "pos": [40, -15]}, "45;-14": {"type": "BG_grass", "variant": 2, "pos": [45, -14]}, "44;-15": {"type": "BG_grass", "variant": 2, "pos": [44, -15]}, "41;-16": {"type": "BG_grass", "variant": 7, "pos": [41, -16]}, "42;-16": {"type": "BG_grass", "variant": 8, "pos": [42, -16]}, "43;-16": {"type": "BG_grass", "variant": 2, "pos": [43, -16]}, "42;-17": {"type": "BG_grass", "variant": 2, "pos": [42, -17]}, "41;-17": {"type": "BG_grass", "variant": 0, "pos": [41, -17]}, "59;-4": {"type": "BG_grass", "variant": 0, "pos": [59, -4]}, "52;8": {"type": "BG_grass", "variant": 5, "pos": [52, 8]}, "53;8": {"type": "BG_grass", "variant": 5, "pos": [53, 8]}, "54;8": {"type": "BG_grass", "variant": 4, "pos": [54, 8]}, "57;6": {"type": "BG_grass", "variant": 4, "pos": [57, 6]}, "57;5": {"type": "BG_grass", "variant": 3, "pos": [57, 5]}, "57;4": {"type": "BG_grass", "variant": 2, "pos": [57, 4]}, "55;7": {"type": "BG_grass", "variant": 4, "pos": [55, 7]}, "55;6": {"type": "BG_grass", "variant": 8, "pos": [55, 6]}, "56;6": {"type": "BG_grass", "variant": 5, "pos": [56, 6]}, "56;5": {"type": "BG_grass", "variant": 8, "pos": [56, 5]}, "55;5": {"type": "BG_grass", "variant": 7, "pos": [55, 5]}, "55;4": {"type": "BG_grass", "variant": 7, "pos": [55, 4]}, "56;4": {"type": "BG_grass", "variant": 8, "pos": [56, 4]}, "56;3": {"type": "BG_grass", "variant": 3, "pos": [56, 3]}, "52;6": {"type": "BG_grass", "variant": 2, "pos": [52, 6]}, "53;7": {"type": "BG_grass", "variant": 1, "pos": [53, 7]}, "52;7": {"type": "BG_grass", "variant": 8, "pos": [52, 7]}, "54;7": {"type": "BG_grass", "variant": 8, "pos": [54, 7]}, "54;6": {"type": "BG_grass", "variant": 0, "pos": [54, 6]}, "53;3": {"type": "BG_grass", "variant": 4, "pos": [53, 3]}}, "tile_size": 16, "offgrid": []}