{"tilemap": {"1;5": {"type": "BG_grass", "variant": 1, "pos": [1, 5]}, "0;5": {"type": "BG_grass", "variant": 0, "pos": [0, 5]}, "0;6": {"type": "BG_grass", "variant": 7, "pos": [0, 6]}, "0;7": {"type": "BG_grass", "variant": 6, "pos": [0, 7]}, "1;7": {"type": "BG_grass", "variant": 8, "pos": [1, 7]}, "1;6": {"type": "BG_grass", "variant": 8, "pos": [1, 6]}, "2;6": {"type": "BG_grass", "variant": 8, "pos": [2, 6]}, "2;7": {"type": "BG_grass", "variant": 8, "pos": [2, 7]}, "2;8": {"type": "BG_grass", "variant": 8, "pos": [2, 8]}, "2;9": {"type": "BG_grass", "variant": 8, "pos": [2, 9]}, "3;9": {"type": "BG_grass", "variant": 8, "pos": [3, 9]}, "4;9": {"type": "BG_grass", "variant": 8, "pos": [4, 9]}, "5;9": {"type": "BG_grass", "variant": 8, "pos": [5, 9]}, "5;10": {"type": "BG_grass", "variant": 8, "pos": [5, 10]}, "4;10": {"type": "BG_grass", "variant": 8, "pos": [4, 10]}, "3;10": {"type": "BG_grass", "variant": 8, "pos": [3, 10]}, "6;10": {"type": "BG_grass", "variant": 8, "pos": [6, 10]}, "7;10": {"type": "BG_grass", "variant": 8, "pos": [7, 10]}, "8;10": {"type": "BG_grass", "variant": 8, "pos": [8, 10]}, "9;10": {"type": "BG_grass", "variant": 8, "pos": [9, 10]}, "9;9": {"type": "BG_grass", "variant": 8, "pos": [9, 9]}, "9;8": {"type": "BG_grass", "variant": 8, "pos": [9, 8]}, "9;7": {"type": "BG_grass", "variant": 1, "pos": [9, 7]}, "8;7": {"type": "BG_grass", "variant": 8, "pos": [8, 7]}, "7;7": {"type": "BG_grass", "variant": 8, "pos": [7, 7]}, "6;7": {"type": "BG_grass", "variant": 8, "pos": [6, 7]}, "6;6": {"type": "BG_grass", "variant": 8, "pos": [6, 6]}, "5;6": {"type": "BG_grass", "variant": 8, "pos": [5, 6]}, "5;5": {"type": "BG_grass", "variant": 1, "pos": [5, 5]}, "4;5": {"type": "BG_grass", "variant": 1, "pos": [4, 5]}, "2;5": {"type": "BG_grass", "variant": 1, "pos": [2, 5]}, "3;5": {"type": "BG_grass", "variant": 1, "pos": [3, 5]}, "3;6": {"type": "BG_grass", "variant": 8, "pos": [3, 6]}, "4;6": {"type": "BG_grass", "variant": 8, "pos": [4, 6]}, "5;7": {"type": "BG_grass", "variant": 8, "pos": [5, 7]}, "8;8": {"type": "BG_grass", "variant": 8, "pos": [8, 8]}, "8;9": {"type": "BG_grass", "variant": 8, "pos": [8, 9]}, "7;9": {"type": "BG_grass", "variant": 8, "pos": [7, 9]}, "6;9": {"type": "BG_grass", "variant": 8, "pos": [6, 9]}, "1;8": {"type": "BG_grass", "variant": 7, "pos": [1, 8]}, "3;7": {"type": "BG_grass", "variant": 8, "pos": [3, 7]}, "4;7": {"type": "BG_grass", "variant": 8, "pos": [4, 7]}, "4;8": {"type": "BG_grass", "variant": 8, "pos": [4, 8]}, "5;8": {"type": "BG_grass", "variant": 8, "pos": [5, 8]}, "3;8": {"type": "BG_grass", "variant": 8, "pos": [3, 8]}, "6;8": {"type": "BG_grass", "variant": 8, "pos": [6, 8]}, "7;8": {"type": "BG_grass", "variant": 8, "pos": [7, 8]}, "8;6": {"type": "BG_grass", "variant": 2, "pos": [8, 6]}, "7;6": {"type": "BG_grass", "variant": 1, "pos": [7, 6]}, "6;5": {"type": "BG_grass", "variant": 2, "pos": [6, 5]}, "2;10": {"type": "BG_grass", "variant": 6, "pos": [2, 10]}, "3;11": {"type": "BG_grass", "variant": 6, "pos": [3, 11]}, "4;11": {"type": "BG_grass", "variant": 5, "pos": [4, 11]}, "5;11": {"type": "BG_grass", "variant": 5, "pos": [5, 11]}, "6;11": {"type": "BG_grass", "variant": 8, "pos": [6, 11]}, "7;11": {"type": "BG_grass", "variant": 8, "pos": [7, 11]}, "8;11": {"type": "BG_grass", "variant": 8, "pos": [8, 11]}, "1;9": {"type": "BG_grass", "variant": 6, "pos": [1, 9]}, "9;11": {"type": "BG_grass", "variant": 8, "pos": [9, 11]}, "9;12": {"type": "BG_grass", "variant": 8, "pos": [9, 12]}, "8;12": {"type": "BG_grass", "variant": 8, "pos": [8, 12]}, "7;12": {"type": "BG_grass", "variant": 8, "pos": [7, 12]}, "10;9": {"type": "BG_grass", "variant": 8, "pos": [10, 9]}, "10;8": {"type": "BG_grass", "variant": 8, "pos": [10, 8]}, "11;8": {"type": "BG_grass", "variant": 8, "pos": [11, 8]}, "11;7": {"type": "BG_grass", "variant": 1, "pos": [11, 7]}, "12;7": {"type": "BG_grass", "variant": 8, "pos": [12, 7]}, "12;6": {"type": "BG_grass", "variant": 0, "pos": [12, 6]}, "13;6": {"type": "BG_grass", "variant": 8, "pos": [13, 6]}, "13;5": {"type": "BG_grass", "variant": 0, "pos": [13, 5]}, "14;5": {"type": "BG_grass", "variant": 8, "pos": [14, 5]}, "14;4": {"type": "BG_grass", "variant": 0, "pos": [14, 4]}, "15;4": {"type": "BG_grass", "variant": 8, "pos": [15, 4]}, "15;3": {"type": "BG_grass", "variant": 0, "pos": [15, 3]}, "16;3": {"type": "BG_grass", "variant": 1, "pos": [16, 3]}, "17;3": {"type": "BG_grass", "variant": 1, "pos": [17, 3]}, "18;3": {"type": "BG_grass", "variant": 1, "pos": [18, 3]}, "19;2": {"type": "BG_grass", "variant": 0, "pos": [19, 2]}, "20;2": {"type": "BG_grass", "variant": 1, "pos": [20, 2]}, "20;3": {"type": "BG_grass", "variant": 8, "pos": [20, 3]}, "21;3": {"type": "BG_grass", "variant": 8, "pos": [21, 3]}, "22;3": {"type": "BG_grass", "variant": 8, "pos": [22, 3]}, "22;2": {"type": "BG_grass", "variant": 1, "pos": [22, 2]}, "21;2": {"type": "BG_grass", "variant": 1, "pos": [21, 2]}, "23;2": {"type": "BG_grass", "variant": 1, "pos": [23, 2]}, "24;2": {"type": "BG_grass", "variant": 1, "pos": [24, 2]}, "25;2": {"type": "BG_grass", "variant": 1, "pos": [25, 2]}, "26;2": {"type": "BG_grass", "variant": 2, "pos": [26, 2]}, "26;3": {"type": "BG_grass", "variant": 8, "pos": [26, 3]}, "27;3": {"type": "BG_grass", "variant": 1, "pos": [27, 3]}, "27;4": {"type": "BG_grass", "variant": 8, "pos": [27, 4]}, "28;4": {"type": "BG_grass", "variant": 8, "pos": [28, 4]}, "28;5": {"type": "BG_grass", "variant": 8, "pos": [28, 5]}, "29;5": {"type": "BG_grass", "variant": 8, "pos": [29, 5]}, "29;6": {"type": "BG_grass", "variant": 8, "pos": [29, 6]}, "30;6": {"type": "BG_grass", "variant": 8, "pos": [30, 6]}, "30;7": {"type": "BG_grass", "variant": 8, "pos": [30, 7]}, "31;7": {"type": "BG_grass", "variant": 8, "pos": [31, 7]}, "31;8": {"type": "BG_grass", "variant": 8, "pos": [31, 8]}, "32;8": {"type": "BG_grass", "variant": 8, "pos": [32, 8]}, "32;9": {"type": "BG_grass", "variant": 8, "pos": [32, 9]}, "33;9": {"type": "BG_grass", "variant": 8, "pos": [33, 9]}, "33;10": {"type": "BG_grass", "variant": 8, "pos": [33, 10]}, "34;10": {"type": "BG_grass", "variant": 8, "pos": [34, 10]}, "34;11": {"type": "BG_grass", "variant": 8, "pos": [34, 11]}, "35;11": {"type": "BG_grass", "variant": 8, "pos": [35, 11]}, "35;12": {"type": "BG_grass", "variant": 8, "pos": [35, 12]}, "36;12": {"type": "BG_grass", "variant": 8, "pos": [36, 12]}, "36;13": {"type": "BG_grass", "variant": 8, "pos": [36, 13]}, "37;13": {"type": "BG_grass", "variant": 8, "pos": [37, 13]}, "37;14": {"type": "BG_grass", "variant": 8, "pos": [37, 14]}, "37;15": {"type": "BG_grass", "variant": 8, "pos": [37, 15]}, "36;15": {"type": "BG_grass", "variant": 8, "pos": [36, 15]}, "35;16": {"type": "BG_grass", "variant": 8, "pos": [35, 16]}, "34;17": {"type": "BG_grass", "variant": 8, "pos": [34, 17]}, "33;18": {"type": "BG_grass", "variant": 8, "pos": [33, 18]}, "32;19": {"type": "BG_grass", "variant": 8, "pos": [32, 19]}, "31;20": {"type": "BG_grass", "variant": 8, "pos": [31, 20]}, "30;21": {"type": "BG_grass", "variant": 8, "pos": [30, 21]}, "29;21": {"type": "BG_grass", "variant": 6, "pos": [29, 21]}, "25;21": {"type": "BG_grass", "variant": 4, "pos": [25, 21]}, "24;21": {"type": "BG_grass", "variant": 5, "pos": [24, 21]}, "23;21": {"type": "BG_grass", "variant": 8, "pos": [23, 21]}, "22;21": {"type": "BG_grass", "variant": 8, "pos": [22, 21]}, "22;20": {"type": "BG_grass", "variant": 8, "pos": [22, 20]}, "21;20": {"type": "BG_grass", "variant": 8, "pos": [21, 20]}, "21;19": {"type": "BG_grass", "variant": 8, "pos": [21, 19]}, "20;19": {"type": "BG_grass", "variant": 8, "pos": [20, 19]}, "20;18": {"type": "BG_grass", "variant": 8, "pos": [20, 18]}, "19;18": {"type": "BG_grass", "variant": 8, "pos": [19, 18]}, "19;17": {"type": "BG_grass", "variant": 8, "pos": [19, 17]}, "18;17": {"type": "BG_grass", "variant": 8, "pos": [18, 17]}, "17;17": {"type": "BG_grass", "variant": 8, "pos": [17, 17]}, "17;18": {"type": "BG_grass", "variant": 8, "pos": [17, 18]}, "16;18": {"type": "BG_grass", "variant": 8, "pos": [16, 18]}, "16;19": {"type": "BG_grass", "variant": 8, "pos": [16, 19]}, "15;19": {"type": "BG_grass", "variant": 5, "pos": [15, 19]}, "14;19": {"type": "BG_grass", "variant": 5, "pos": [14, 19]}, "13;19": {"type": "BG_grass", "variant": 6, "pos": [13, 19]}, "13;18": {"type": "BG_grass", "variant": 8, "pos": [13, 18]}, "12;18": {"type": "BG_grass", "variant": 6, "pos": [12, 18]}, "12;17": {"type": "BG_grass", "variant": 8, "pos": [12, 17]}, "11;17": {"type": "BG_grass", "variant": 5, "pos": [11, 17]}, "11;16": {"type": "BG_grass", "variant": 8, "pos": [11, 16]}, "10;16": {"type": "BG_grass", "variant": 8, "pos": [10, 16]}, "10;17": {"type": "BG_grass", "variant": 5, "pos": [10, 17]}, "9;17": {"type": "BG_grass", "variant": 5, "pos": [9, 17]}, "8;17": {"type": "BG_grass", "variant": 5, "pos": [8, 17]}, "7;17": {"type": "BG_grass", "variant": 6, "pos": [7, 17]}, "7;16": {"type": "BG_grass", "variant": 8, "pos": [7, 16]}, "6;16": {"type": "BG_grass", "variant": 6, "pos": [6, 16]}, "6;15": {"type": "BG_grass", "variant": 8, "pos": [6, 15]}, "5;15": {"type": "BG_grass", "variant": 6, "pos": [5, 15]}, "5;14": {"type": "BG_grass", "variant": 0, "pos": [5, 14]}, "6;14": {"type": "BG_grass", "variant": 8, "pos": [6, 14]}, "7;14": {"type": "BG_grass", "variant": 8, "pos": [7, 14]}, "7;13": {"type": "BG_grass", "variant": 8, "pos": [7, 13]}, "8;13": {"type": "BG_grass", "variant": 8, "pos": [8, 13]}, "6;12": {"type": "BG_grass", "variant": 7, "pos": [6, 12]}, "6;13": {"type": "BG_grass", "variant": 7, "pos": [6, 13]}, "33;8": {"type": "BG_grass", "variant": 8, "pos": [33, 8]}, "34;7": {"type": "BG_grass", "variant": 8, "pos": [34, 7]}, "35;6": {"type": "BG_grass", "variant": 8, "pos": [35, 6]}, "36;5": {"type": "BG_grass", "variant": 8, "pos": [36, 5]}, "37;4": {"type": "BG_grass", "variant": 1, "pos": [37, 4]}, "38;4": {"type": "BG_grass", "variant": 8, "pos": [38, 4]}, "38;3": {"type": "BG_grass", "variant": 0, "pos": [38, 3]}, "39;3": {"type": "BG_grass", "variant": 1, "pos": [39, 3]}, "40;3": {"type": "BG_grass", "variant": 8, "pos": [40, 3]}, "40;2": {"type": "BG_grass", "variant": 0, "pos": [40, 2]}, "41;2": {"type": "BG_grass", "variant": 8, "pos": [41, 2]}, "41;1": {"type": "BG_grass", "variant": 0, "pos": [41, 1]}, "42;1": {"type": "BG_grass", "variant": 1, "pos": [42, 1]}, "43;1": {"type": "BG_grass", "variant": 2, "pos": [43, 1]}, "43;2": {"type": "BG_grass", "variant": 8, "pos": [43, 2]}, "44;2": {"type": "BG_grass", "variant": 2, "pos": [44, 2]}, "44;3": {"type": "BG_grass", "variant": 3, "pos": [44, 3]}, "44;4": {"type": "BG_grass", "variant": 4, "pos": [44, 4]}, "43;4": {"type": "BG_grass", "variant": 8, "pos": [43, 4]}, "42;5": {"type": "BG_grass", "variant": 8, "pos": [42, 5]}, "42;6": {"type": "BG_grass", "variant": 4, "pos": [42, 6]}, "41;7": {"type": "BG_grass", "variant": 4, "pos": [41, 7]}, "40;8": {"type": "BG_grass", "variant": 3, "pos": [40, 8]}, "39;9": {"type": "BG_grass", "variant": 8, "pos": [39, 9]}, "39;10": {"type": "BG_grass", "variant": 8, "pos": [39, 10]}, "38;10": {"type": "BG_grass", "variant": 8, "pos": [38, 10]}, "38;11": {"type": "BG_grass", "variant": 8, "pos": [38, 11]}, "37;11": {"type": "BG_grass", "variant": 8, "pos": [37, 11]}, "37;12": {"type": "BG_grass", "variant": 8, "pos": [37, 12]}, "43;5": {"type": "BG_grass", "variant": 4, "pos": [43, 5]}, "41;6": {"type": "BG_grass", "variant": 8, "pos": [41, 6]}, "40;7": {"type": "BG_grass", "variant": 8, "pos": [40, 7]}, "39;8": {"type": "BG_grass", "variant": 8, "pos": [39, 8]}, "43;3": {"type": "BG_grass", "variant": 8, "pos": [43, 3]}, "42;2": {"type": "BG_grass", "variant": 8, "pos": [42, 2]}, "42;3": {"type": "BG_grass", "variant": 8, "pos": [42, 3]}, "42;4": {"type": "BG_grass", "variant": 8, "pos": [42, 4]}, "41;3": {"type": "BG_grass", "variant": 8, "pos": [41, 3]}, "41;4": {"type": "BG_grass", "variant": 8, "pos": [41, 4]}, "41;5": {"type": "BG_grass", "variant": 8, "pos": [41, 5]}, "40;6": {"type": "BG_grass", "variant": 8, "pos": [40, 6]}, "40;5": {"type": "BG_grass", "variant": 8, "pos": [40, 5]}, "40;4": {"type": "BG_grass", "variant": 8, "pos": [40, 4]}, "39;5": {"type": "BG_grass", "variant": 8, "pos": [39, 5]}, "39;6": {"type": "BG_grass", "variant": 8, "pos": [39, 6]}, "39;7": {"type": "BG_grass", "variant": 8, "pos": [39, 7]}, "38;8": {"type": "BG_grass", "variant": 8, "pos": [38, 8]}, "39;4": {"type": "BG_grass", "variant": 8, "pos": [39, 4]}, "38;5": {"type": "BG_grass", "variant": 8, "pos": [38, 5]}, "38;6": {"type": "BG_grass", "variant": 8, "pos": [38, 6]}, "38;7": {"type": "BG_grass", "variant": 8, "pos": [38, 7]}, "37;5": {"type": "BG_grass", "variant": 8, "pos": [37, 5]}, "37;6": {"type": "BG_grass", "variant": 8, "pos": [37, 6]}, "37;7": {"type": "BG_grass", "variant": 8, "pos": [37, 7]}, "36;6": {"type": "BG_grass", "variant": 8, "pos": [36, 6]}, "38;9": {"type": "BG_grass", "variant": 8, "pos": [38, 9]}, "37;9": {"type": "BG_grass", "variant": 8, "pos": [37, 9]}, "36;8": {"type": "BG_grass", "variant": 8, "pos": [36, 8]}, "36;7": {"type": "BG_grass", "variant": 8, "pos": [36, 7]}, "35;7": {"type": "BG_grass", "variant": 8, "pos": [35, 7]}, "34;8": {"type": "BG_grass", "variant": 8, "pos": [34, 8]}, "34;9": {"type": "BG_grass", "variant": 8, "pos": [34, 9]}, "35;9": {"type": "BG_grass", "variant": 8, "pos": [35, 9]}, "35;10": {"type": "BG_grass", "variant": 8, "pos": [35, 10]}, "36;10": {"type": "BG_grass", "variant": 8, "pos": [36, 10]}, "36;11": {"type": "BG_grass", "variant": 8, "pos": [36, 11]}, "37;10": {"type": "BG_grass", "variant": 8, "pos": [37, 10]}, "36;9": {"type": "BG_grass", "variant": 8, "pos": [36, 9]}, "35;8": {"type": "BG_grass", "variant": 8, "pos": [35, 8]}, "37;8": {"type": "BG_grass", "variant": 8, "pos": [37, 8]}, "29;7": {"type": "BG_grass", "variant": 8, "pos": [29, 7]}, "28;7": {"type": "BG_grass", "variant": 8, "pos": [28, 7]}, "27;7": {"type": "BG_grass", "variant": 8, "pos": [27, 7]}, "27;6": {"type": "BG_grass", "variant": 8, "pos": [27, 6]}, "26;6": {"type": "BG_grass", "variant": 8, "pos": [26, 6]}, "26;5": {"type": "BG_grass", "variant": 8, "pos": [26, 5]}, "25;5": {"type": "BG_grass", "variant": 8, "pos": [25, 5]}, "25;4": {"type": "BG_grass", "variant": 8, "pos": [25, 4]}, "24;4": {"type": "BG_grass", "variant": 8, "pos": [24, 4]}, "24;3": {"type": "BG_grass", "variant": 8, "pos": [24, 3]}, "25;3": {"type": "BG_grass", "variant": 8, "pos": [25, 3]}, "23;3": {"type": "BG_grass", "variant": 8, "pos": [23, 3]}, "19;3": {"type": "BG_grass", "variant": 8, "pos": [19, 3]}, "18;4": {"type": "BG_grass", "variant": 8, "pos": [18, 4]}, "18;5": {"type": "BG_grass", "variant": 8, "pos": [18, 5]}, "19;5": {"type": "BG_grass", "variant": 8, "pos": [19, 5]}, "20;5": {"type": "BG_grass", "variant": 8, "pos": [20, 5]}, "19;4": {"type": "BG_grass", "variant": 8, "pos": [19, 4]}, "17;4": {"type": "BG_grass", "variant": 8, "pos": [17, 4]}, "16;4": {"type": "BG_grass", "variant": 8, "pos": [16, 4]}, "16;5": {"type": "BG_grass", "variant": 8, "pos": [16, 5]}, "17;5": {"type": "BG_grass", "variant": 8, "pos": [17, 5]}, "15;5": {"type": "BG_grass", "variant": 8, "pos": [15, 5]}, "20;4": {"type": "BG_grass", "variant": 8, "pos": [20, 4]}, "21;4": {"type": "BG_grass", "variant": 8, "pos": [21, 4]}, "22;4": {"type": "BG_grass", "variant": 8, "pos": [22, 4]}, "23;4": {"type": "BG_grass", "variant": 8, "pos": [23, 4]}, "23;5": {"type": "BG_grass", "variant": 8, "pos": [23, 5]}, "24;5": {"type": "BG_grass", "variant": 8, "pos": [24, 5]}, "27;5": {"type": "BG_grass", "variant": 8, "pos": [27, 5]}, "28;6": {"type": "BG_grass", "variant": 8, "pos": [28, 6]}, "29;8": {"type": "BG_grass", "variant": 8, "pos": [29, 8]}, "30;8": {"type": "BG_grass", "variant": 8, "pos": [30, 8]}, "31;9": {"type": "BG_grass", "variant": 8, "pos": [31, 9]}, "38;13": {"type": "BG_grass", "variant": 8, "pos": [38, 13]}, "38;14": {"type": "BG_grass", "variant": 8, "pos": [38, 14]}, "30;20": {"type": "BG_grass", "variant": 8, "pos": [30, 20]}, "29;20": {"type": "BG_grass", "variant": 8, "pos": [29, 20]}, "28;20": {"type": "BG_grass", "variant": 5, "pos": [28, 20]}, "27;20": {"type": "BG_grass", "variant": 5, "pos": [27, 20]}, "26;20": {"type": "BG_grass", "variant": 5, "pos": [26, 20]}, "25;20": {"type": "BG_grass", "variant": 8, "pos": [25, 20]}, "24;20": {"type": "BG_grass", "variant": 8, "pos": [24, 20]}, "24;19": {"type": "BG_grass", "variant": 8, "pos": [24, 19]}, "23;19": {"type": "BG_grass", "variant": 8, "pos": [23, 19]}, "22;19": {"type": "BG_grass", "variant": 8, "pos": [22, 19]}, "23;20": {"type": "BG_grass", "variant": 8, "pos": [23, 20]}, "25;19": {"type": "BG_grass", "variant": 8, "pos": [25, 19]}, "26;19": {"type": "BG_grass", "variant": 8, "pos": [26, 19]}, "27;19": {"type": "BG_grass", "variant": 8, "pos": [27, 19]}, "28;19": {"type": "BG_grass", "variant": 8, "pos": [28, 19]}, "29;19": {"type": "BG_grass", "variant": 8, "pos": [29, 19]}, "30;19": {"type": "BG_grass", "variant": 8, "pos": [30, 19]}, "31;19": {"type": "BG_grass", "variant": 8, "pos": [31, 19]}, "31;18": {"type": "BG_grass", "variant": 8, "pos": [31, 18]}, "32;18": {"type": "BG_grass", "variant": 8, "pos": [32, 18]}, "32;17": {"type": "BG_grass", "variant": 1, "pos": [32, 17]}, "33;17": {"type": "BG_grass", "variant": 8, "pos": [33, 17]}, "33;16": {"type": "BG_grass", "variant": 0, "pos": [33, 16]}, "34;16": {"type": "BG_grass", "variant": 8, "pos": [34, 16]}, "34;15": {"type": "BG_grass", "variant": 7, "pos": [34, 15]}, "35;15": {"type": "BG_grass", "variant": 8, "pos": [35, 15]}, "35;14": {"type": "BG_grass", "variant": 8, "pos": [35, 14]}, "36;14": {"type": "BG_grass", "variant": 8, "pos": [36, 14]}, "35;13": {"type": "BG_grass", "variant": 8, "pos": [35, 13]}, "34;13": {"type": "BG_grass", "variant": 8, "pos": [34, 13]}, "34;12": {"type": "BG_grass", "variant": 8, "pos": [34, 12]}, "33;12": {"type": "BG_grass", "variant": 8, "pos": [33, 12]}, "33;11": {"type": "BG_grass", "variant": 8, "pos": [33, 11]}, "32;11": {"type": "BG_grass", "variant": 8, "pos": [32, 11]}, "32;10": {"type": "BG_grass", "variant": 8, "pos": [32, 10]}, "31;10": {"type": "BG_grass", "variant": 8, "pos": [31, 10]}, "30;9": {"type": "BG_grass", "variant": 8, "pos": [30, 9]}, "25;7": {"type": "BG_grass", "variant": 8, "pos": [25, 7]}, "24;7": {"type": "BG_grass", "variant": 8, "pos": [24, 7]}, "23;7": {"type": "BG_grass", "variant": 8, "pos": [23, 7]}, "22;7": {"type": "BG_grass", "variant": 8, "pos": [22, 7]}, "22;6": {"type": "BG_grass", "variant": 8, "pos": [22, 6]}, "21;6": {"type": "BG_grass", "variant": 8, "pos": [21, 6]}, "21;5": {"type": "BG_grass", "variant": 8, "pos": [21, 5]}, "22;5": {"type": "BG_grass", "variant": 8, "pos": [22, 5]}, "23;6": {"type": "BG_grass", "variant": 8, "pos": [23, 6]}, "26;7": {"type": "BG_grass", "variant": 8, "pos": [26, 7]}, "25;6": {"type": "BG_grass", "variant": 8, "pos": [25, 6]}, "26;4": {"type": "BG_grass", "variant": 8, "pos": [26, 4]}, "24;6": {"type": "BG_grass", "variant": 8, "pos": [24, 6]}, "23;8": {"type": "BG_grass", "variant": 8, "pos": [23, 8]}, "22;8": {"type": "BG_grass", "variant": 8, "pos": [22, 8]}, "22;9": {"type": "BG_grass", "variant": 8, "pos": [22, 9]}, "21;9": {"type": "BG_grass", "variant": 8, "pos": [21, 9]}, "21;8": {"type": "BG_grass", "variant": 8, "pos": [21, 8]}, "21;7": {"type": "BG_grass", "variant": 8, "pos": [21, 7]}, "20;6": {"type": "BG_grass", "variant": 8, "pos": [20, 6]}, "19;6": {"type": "BG_grass", "variant": 8, "pos": [19, 6]}, "18;6": {"type": "BG_grass", "variant": 8, "pos": [18, 6]}, "17;6": {"type": "BG_grass", "variant": 8, "pos": [17, 6]}, "16;6": {"type": "BG_grass", "variant": 8, "pos": [16, 6]}, "16;7": {"type": "BG_grass", "variant": 8, "pos": [16, 7]}, "15;7": {"type": "BG_grass", "variant": 8, "pos": [15, 7]}, "14;7": {"type": "BG_grass", "variant": 8, "pos": [14, 7]}, "13;7": {"type": "BG_grass", "variant": 8, "pos": [13, 7]}, "10;10": {"type": "BG_grass", "variant": 8, "pos": [10, 10]}, "10;11": {"type": "BG_grass", "variant": 8, "pos": [10, 11]}, "10;12": {"type": "BG_grass", "variant": 8, "pos": [10, 12]}, "11;12": {"type": "BG_grass", "variant": 8, "pos": [11, 12]}, "12;12": {"type": "BG_grass", "variant": 8, "pos": [12, 12]}, "13;12": {"type": "BG_grass", "variant": 8, "pos": [13, 12]}, "14;12": {"type": "BG_grass", "variant": 8, "pos": [14, 12]}, "14;13": {"type": "BG_grass", "variant": 8, "pos": [14, 13]}, "15;13": {"type": "BG_grass", "variant": 8, "pos": [15, 13]}, "15;14": {"type": "BG_grass", "variant": 8, "pos": [15, 14]}, "16;14": {"type": "BG_grass", "variant": 8, "pos": [16, 14]}, "16;15": {"type": "BG_grass", "variant": 8, "pos": [16, 15]}, "17;15": {"type": "BG_grass", "variant": 8, "pos": [17, 15]}, "17;16": {"type": "BG_grass", "variant": 8, "pos": [17, 16]}, "14;18": {"type": "BG_grass", "variant": 8, "pos": [14, 18]}, "14;17": {"type": "BG_grass", "variant": 8, "pos": [14, 17]}, "15;17": {"type": "BG_grass", "variant": 8, "pos": [15, 17]}, "16;17": {"type": "BG_grass", "variant": 8, "pos": [16, 17]}, "15;18": {"type": "BG_grass", "variant": 8, "pos": [15, 18]}, "15;16": {"type": "BG_grass", "variant": 8, "pos": [15, 16]}, "15;15": {"type": "BG_grass", "variant": 8, "pos": [15, 15]}, "14;15": {"type": "BG_grass", "variant": 8, "pos": [14, 15]}, "13;15": {"type": "BG_grass", "variant": 8, "pos": [13, 15]}, "12;16": {"type": "BG_grass", "variant": 8, "pos": [12, 16]}, "13;17": {"type": "BG_grass", "variant": 8, "pos": [13, 17]}, "13;16": {"type": "BG_grass", "variant": 8, "pos": [13, 16]}, "13;14": {"type": "BG_grass", "variant": 8, "pos": [13, 14]}, "12;14": {"type": "BG_grass", "variant": 8, "pos": [12, 14]}, "11;14": {"type": "BG_grass", "variant": 8, "pos": [11, 14]}, "10;14": {"type": "BG_grass", "variant": 8, "pos": [10, 14]}, "9;14": {"type": "BG_grass", "variant": 8, "pos": [9, 14]}, "8;14": {"type": "BG_grass", "variant": 8, "pos": [8, 14]}, "7;15": {"type": "BG_grass", "variant": 8, "pos": [7, 15]}, "8;15": {"type": "BG_grass", "variant": 8, "pos": [8, 15]}, "9;15": {"type": "BG_grass", "variant": 8, "pos": [9, 15]}, "10;15": {"type": "BG_grass", "variant": 8, "pos": [10, 15]}, "9;16": {"type": "BG_grass", "variant": 8, "pos": [9, 16]}, "8;16": {"type": "BG_grass", "variant": 8, "pos": [8, 16]}, "11;13": {"type": "BG_grass", "variant": 8, "pos": [11, 13]}, "12;13": {"type": "BG_grass", "variant": 8, "pos": [12, 13]}, "9;13": {"type": "BG_grass", "variant": 8, "pos": [9, 13]}, "10;13": {"type": "BG_grass", "variant": 8, "pos": [10, 13]}, "13;13": {"type": "BG_grass", "variant": 8, "pos": [13, 13]}, "16;16": {"type": "BG_grass", "variant": 8, "pos": [16, 16]}, "14;16": {"type": "BG_grass", "variant": 8, "pos": [14, 16]}, "12;15": {"type": "BG_grass", "variant": 8, "pos": [12, 15]}, "11;15": {"type": "BG_grass", "variant": 8, "pos": [11, 15]}, "14;14": {"type": "BG_grass", "variant": 8, "pos": [14, 14]}, "18;16": {"type": "BG_grass", "variant": 8, "pos": [18, 16]}, "18;15": {"type": "BG_grass", "variant": 8, "pos": [18, 15]}, "18;18": {"type": "BG_grass", "variant": 8, "pos": [18, 18]}, "18;19": {"type": "BG_grass", "variant": 8, "pos": [18, 19]}, "17;19": {"type": "BG_grass", "variant": 8, "pos": [17, 19]}, "19;19": {"type": "BG_grass", "variant": 8, "pos": [19, 19]}, "19;20": {"type": "BG_grass", "variant": 8, "pos": [19, 20]}, "20;20": {"type": "BG_grass", "variant": 8, "pos": [20, 20]}, "18;20": {"type": "BG_grass", "variant": 8, "pos": [18, 20]}, "17;20": {"type": "BG_grass", "variant": 5, "pos": [17, 20]}, "18;21": {"type": "BG_grass", "variant": 6, "pos": [18, 21]}, "19;21": {"type": "BG_grass", "variant": 8, "pos": [19, 21]}, "20;21": {"type": "BG_grass", "variant": 8, "pos": [20, 21]}, "21;21": {"type": "BG_grass", "variant": 8, "pos": [21, 21]}, "21;18": {"type": "BG_grass", "variant": 8, "pos": [21, 18]}, "21;17": {"type": "BG_grass", "variant": 8, "pos": [21, 17]}, "20;17": {"type": "BG_grass", "variant": 8, "pos": [20, 17]}, "22;17": {"type": "BG_grass", "variant": 8, "pos": [22, 17]}, "23;17": {"type": "BG_grass", "variant": 8, "pos": [23, 17]}, "23;18": {"type": "BG_grass", "variant": 8, "pos": [23, 18]}, "24;18": {"type": "BG_grass", "variant": 8, "pos": [24, 18]}, "25;18": {"type": "BG_grass", "variant": 8, "pos": [25, 18]}, "26;18": {"type": "BG_grass", "variant": 8, "pos": [26, 18]}, "22;18": {"type": "BG_grass", "variant": 8, "pos": [22, 18]}, "22;16": {"type": "BG_grass", "variant": 8, "pos": [22, 16]}, "23;16": {"type": "BG_grass", "variant": 8, "pos": [23, 16]}, "21;16": {"type": "BG_grass", "variant": 8, "pos": [21, 16]}, "19;16": {"type": "BG_grass", "variant": 8, "pos": [19, 16]}, "20;16": {"type": "BG_grass", "variant": 8, "pos": [20, 16]}, "19;15": {"type": "BG_grass", "variant": 1, "pos": [19, 15]}, "18;14": {"type": "BG_grass", "variant": 2, "pos": [18, 14]}, "17;13": {"type": "BG_grass", "variant": 3, "pos": [17, 13]}, "16;12": {"type": "BG_grass", "variant": 8, "pos": [16, 12]}, "15;11": {"type": "BG_grass", "variant": 8, "pos": [15, 11]}, "14;10": {"type": "BG_grass", "variant": 8, "pos": [14, 10]}, "13;9": {"type": "BG_grass", "variant": 8, "pos": [13, 9]}, "13;10": {"type": "BG_grass", "variant": 8, "pos": [13, 10]}, "12;10": {"type": "BG_grass", "variant": 8, "pos": [12, 10]}, "11;10": {"type": "BG_grass", "variant": 8, "pos": [11, 10]}, "11;9": {"type": "BG_grass", "variant": 8, "pos": [11, 9]}, "12;9": {"type": "BG_grass", "variant": 8, "pos": [12, 9]}, "14;9": {"type": "BG_grass", "variant": 8, "pos": [14, 9]}, "14;11": {"type": "BG_grass", "variant": 8, "pos": [14, 11]}, "13;11": {"type": "BG_grass", "variant": 8, "pos": [13, 11]}, "12;11": {"type": "BG_grass", "variant": 8, "pos": [12, 11]}, "11;11": {"type": "BG_grass", "variant": 8, "pos": [11, 11]}, "17;14": {"type": "BG_grass", "variant": 8, "pos": [17, 14]}, "17;12": {"type": "BG_grass", "variant": 3, "pos": [17, 12]}, "15;12": {"type": "BG_grass", "variant": 8, "pos": [15, 12]}, "16;13": {"type": "BG_grass", "variant": 8, "pos": [16, 13]}, "17;11": {"type": "BG_grass", "variant": 8, "pos": [17, 11]}, "16;11": {"type": "BG_grass", "variant": 8, "pos": [16, 11]}, "16;10": {"type": "BG_grass", "variant": 8, "pos": [16, 10]}, "15;10": {"type": "BG_grass", "variant": 8, "pos": [15, 10]}, "15;9": {"type": "BG_grass", "variant": 8, "pos": [15, 9]}, "15;8": {"type": "BG_grass", "variant": 8, "pos": [15, 8]}, "16;8": {"type": "BG_grass", "variant": 8, "pos": [16, 8]}, "17;7": {"type": "BG_grass", "variant": 8, "pos": [17, 7]}, "18;7": {"type": "BG_grass", "variant": 8, "pos": [18, 7]}, "19;7": {"type": "BG_grass", "variant": 8, "pos": [19, 7]}, "20;7": {"type": "BG_grass", "variant": 8, "pos": [20, 7]}, "20;9": {"type": "BG_grass", "variant": 8, "pos": [20, 9]}, "19;9": {"type": "BG_grass", "variant": 8, "pos": [19, 9]}, "18;9": {"type": "BG_grass", "variant": 8, "pos": [18, 9]}, "17;9": {"type": "BG_grass", "variant": 8, "pos": [17, 9]}, "16;9": {"type": "BG_grass", "variant": 8, "pos": [16, 9]}, "10;7": {"type": "BG_grass", "variant": 1, "pos": [10, 7]}, "13;8": {"type": "BG_grass", "variant": 8, "pos": [13, 8]}, "14;8": {"type": "BG_grass", "variant": 8, "pos": [14, 8]}, "17;8": {"type": "BG_grass", "variant": 8, "pos": [17, 8]}, "18;8": {"type": "BG_grass", "variant": 8, "pos": [18, 8]}, "19;8": {"type": "BG_grass", "variant": 8, "pos": [19, 8]}, "20;8": {"type": "BG_grass", "variant": 8, "pos": [20, 8]}, "23;9": {"type": "BG_grass", "variant": 8, "pos": [23, 9]}, "23;10": {"type": "BG_grass", "variant": 8, "pos": [23, 10]}, "23;11": {"type": "BG_grass", "variant": 8, "pos": [23, 11]}, "24;11": {"type": "BG_grass", "variant": 8, "pos": [24, 11]}, "25;11": {"type": "BG_grass", "variant": 8, "pos": [25, 11]}, "26;11": {"type": "BG_grass", "variant": 8, "pos": [26, 11]}, "26;12": {"type": "BG_grass", "variant": 8, "pos": [26, 12]}, "26;13": {"type": "BG_grass", "variant": 8, "pos": [26, 13]}, "25;13": {"type": "BG_grass", "variant": 8, "pos": [25, 13]}, "25;14": {"type": "BG_grass", "variant": 8, "pos": [25, 14]}, "24;14": {"type": "BG_grass", "variant": 8, "pos": [24, 14]}, "24;15": {"type": "BG_grass", "variant": 8, "pos": [24, 15]}, "23;15": {"type": "BG_grass", "variant": 8, "pos": [23, 15]}, "24;16": {"type": "BG_grass", "variant": 8, "pos": [24, 16]}, "25;16": {"type": "BG_grass", "variant": 8, "pos": [25, 16]}, "25;17": {"type": "BG_grass", "variant": 8, "pos": [25, 17]}, "24;17": {"type": "BG_grass", "variant": 8, "pos": [24, 17]}, "26;17": {"type": "BG_grass", "variant": 8, "pos": [26, 17]}, "26;16": {"type": "BG_grass", "variant": 8, "pos": [26, 16]}, "27;16": {"type": "BG_grass", "variant": 8, "pos": [27, 16]}, "25;15": {"type": "BG_grass", "variant": 8, "pos": [25, 15]}, "26;15": {"type": "BG_grass", "variant": 8, "pos": [26, 15]}, "27;15": {"type": "BG_grass", "variant": 3, "pos": [27, 15]}, "27;14": {"type": "BG_grass", "variant": 8, "pos": [27, 14]}, "26;14": {"type": "BG_grass", "variant": 8, "pos": [26, 14]}, "26;10": {"type": "BG_grass", "variant": 8, "pos": [26, 10]}, "26;9": {"type": "BG_grass", "variant": 8, "pos": [26, 9]}, "25;9": {"type": "BG_grass", "variant": 8, "pos": [25, 9]}, "24;9": {"type": "BG_grass", "variant": 8, "pos": [24, 9]}, "24;10": {"type": "BG_grass", "variant": 8, "pos": [24, 10]}, "25;10": {"type": "BG_grass", "variant": 8, "pos": [25, 10]}, "25;8": {"type": "BG_grass", "variant": 8, "pos": [25, 8]}, "26;8": {"type": "BG_grass", "variant": 8, "pos": [26, 8]}, "24;8": {"type": "BG_grass", "variant": 8, "pos": [24, 8]}, "27;9": {"type": "BG_grass", "variant": 8, "pos": [27, 9]}, "28;10": {"type": "BG_grass", "variant": 8, "pos": [28, 10]}, "29;11": {"type": "BG_grass", "variant": 8, "pos": [29, 11]}, "30;11": {"type": "BG_grass", "variant": 8, "pos": [30, 11]}, "28;11": {"type": "BG_grass", "variant": 8, "pos": [28, 11]}, "29;12": {"type": "BG_grass", "variant": 8, "pos": [29, 12]}, "28;12": {"type": "BG_grass", "variant": 8, "pos": [28, 12]}, "27;12": {"type": "BG_grass", "variant": 8, "pos": [27, 12]}, "27;11": {"type": "BG_grass", "variant": 8, "pos": [27, 11]}, "27;10": {"type": "BG_grass", "variant": 8, "pos": [27, 10]}, "27;13": {"type": "BG_grass", "variant": 8, "pos": [27, 13]}, "27;17": {"type": "BG_grass", "variant": 8, "pos": [27, 17]}, "28;17": {"type": "BG_grass", "variant": 8, "pos": [28, 17]}, "28;18": {"type": "BG_grass", "variant": 8, "pos": [28, 18]}, "27;18": {"type": "BG_grass", "variant": 8, "pos": [27, 18]}, "29;18": {"type": "BG_grass", "variant": 8, "pos": [29, 18]}, "30;18": {"type": "BG_grass", "variant": 1, "pos": [30, 18]}, "31;17": {"type": "BG_grass", "variant": 0, "pos": [31, 17]}, "29;17": {"type": "BG_grass", "variant": 2, "pos": [29, 17]}, "28;16": {"type": "BG_grass", "variant": 2, "pos": [28, 16]}, "21;15": {"type": "BG_grass", "variant": 1, "pos": [21, 15]}, "20;15": {"type": "BG_grass", "variant": 1, "pos": [20, 15]}, "22;15": {"type": "BG_grass", "variant": 1, "pos": [22, 15]}, "23;14": {"type": "BG_grass", "variant": 0, "pos": [23, 14]}, "24;13": {"type": "BG_grass", "variant": 7, "pos": [24, 13]}, "24;12": {"type": "BG_grass", "variant": 8, "pos": [24, 12]}, "23;12": {"type": "BG_grass", "variant": 6, "pos": [23, 12]}, "22;11": {"type": "BG_grass", "variant": 6, "pos": [22, 11]}, "22;10": {"type": "BG_grass", "variant": 8, "pos": [22, 10]}, "21;10": {"type": "BG_grass", "variant": 5, "pos": [21, 10]}, "20;10": {"type": "BG_grass", "variant": 5, "pos": [20, 10]}, "19;10": {"type": "BG_grass", "variant": 5, "pos": [19, 10]}, "18;10": {"type": "BG_grass", "variant": 8, "pos": [18, 10]}, "17;10": {"type": "BG_grass", "variant": 8, "pos": [17, 10]}, "18;11": {"type": "BG_grass", "variant": 4, "pos": [18, 11]}, "25;12": {"type": "BG_grass", "variant": 8, "pos": [25, 12]}, "32;13": {"type": "BG_grass", "variant": 8, "pos": [32, 13]}, "32;12": {"type": "BG_grass", "variant": 8, "pos": [32, 12]}, "31;12": {"type": "BG_grass", "variant": 8, "pos": [31, 12]}, "30;12": {"type": "BG_grass", "variant": 8, "pos": [30, 12]}, "31;13": {"type": "BG_grass", "variant": 5, "pos": [31, 13]}, "30;13": {"type": "BG_grass", "variant": 5, "pos": [30, 13]}, "29;13": {"type": "BG_grass", "variant": 5, "pos": [29, 13]}, "28;13": {"type": "BG_grass", "variant": 8, "pos": [28, 13]}, "28;14": {"type": "BG_grass", "variant": 4, "pos": [28, 14]}, "31;11": {"type": "BG_grass", "variant": 8, "pos": [31, 11]}, "30;10": {"type": "BG_grass", "variant": 8, "pos": [30, 10]}, "29;10": {"type": "BG_grass", "variant": 8, "pos": [29, 10]}, "28;9": {"type": "BG_grass", "variant": 8, "pos": [28, 9]}, "28;8": {"type": "BG_grass", "variant": 8, "pos": [28, 8]}, "27;8": {"type": "BG_grass", "variant": 8, "pos": [27, 8]}, "29;9": {"type": "BG_grass", "variant": 8, "pos": [29, 9]}, "33;13": {"type": "BG_grass", "variant": 8, "pos": [33, 13]}, "30;22": {"type": "BG_grass", "variant": 6, "pos": [30, 22]}, "31;22": {"type": "BG_grass", "variant": 5, "pos": [31, 22]}, "32;22": {"type": "BG_grass", "variant": 8, "pos": [32, 22]}, "33;22": {"type": "BG_grass", "variant": 8, "pos": [33, 22]}, "33;23": {"type": "BG_grass", "variant": 8, "pos": [33, 23]}, "33;24": {"type": "BG_grass", "variant": 6, "pos": [33, 24]}, "34;24": {"type": "BG_grass", "variant": 8, "pos": [34, 24]}, "32;23": {"type": "BG_grass", "variant": 6, "pos": [32, 23]}, "34;25": {"type": "BG_grass", "variant": 6, "pos": [34, 25]}, "35;25": {"type": "BG_grass", "variant": 8, "pos": [35, 25]}, "36;25": {"type": "BG_grass", "variant": 8, "pos": [36, 25]}, "37;25": {"type": "BG_grass", "variant": 8, "pos": [37, 25]}, "38;25": {"type": "BG_grass", "variant": 8, "pos": [38, 25]}, "39;25": {"type": "BG_grass", "variant": 8, "pos": [39, 25]}, "40;25": {"type": "BG_grass", "variant": 8, "pos": [40, 25]}, "40;24": {"type": "BG_grass", "variant": 8, "pos": [40, 24]}, "39;23": {"type": "BG_grass", "variant": 8, "pos": [39, 23]}, "41;25": {"type": "BG_grass", "variant": 8, "pos": [41, 25]}, "41;24": {"type": "BG_grass", "variant": 8, "pos": [41, 24]}, "40;23": {"type": "BG_grass", "variant": 8, "pos": [40, 23]}, "39;22": {"type": "BG_grass", "variant": 8, "pos": [39, 22]}, "38;22": {"type": "BG_grass", "variant": 8, "pos": [38, 22]}, "38;21": {"type": "BG_grass", "variant": 8, "pos": [38, 21]}, "37;21": {"type": "BG_grass", "variant": 8, "pos": [37, 21]}, "37;20": {"type": "BG_grass", "variant": 8, "pos": [37, 20]}, "36;20": {"type": "BG_grass", "variant": 8, "pos": [36, 20]}, "35;20": {"type": "BG_grass", "variant": 8, "pos": [35, 20]}, "34;20": {"type": "BG_grass", "variant": 8, "pos": [34, 20]}, "34;19": {"type": "BG_grass", "variant": 8, "pos": [34, 19]}, "33;19": {"type": "BG_grass", "variant": 8, "pos": [33, 19]}, "33;20": {"type": "BG_grass", "variant": 8, "pos": [33, 20]}, "32;20": {"type": "BG_grass", "variant": 8, "pos": [32, 20]}, "32;21": {"type": "BG_grass", "variant": 8, "pos": [32, 21]}, "31;21": {"type": "BG_grass", "variant": 8, "pos": [31, 21]}, "33;21": {"type": "BG_grass", "variant": 8, "pos": [33, 21]}, "34;21": {"type": "BG_grass", "variant": 8, "pos": [34, 21]}, "34;22": {"type": "BG_grass", "variant": 8, "pos": [34, 22]}, "35;22": {"type": "BG_grass", "variant": 8, "pos": [35, 22]}, "35;23": {"type": "BG_grass", "variant": 8, "pos": [35, 23]}, "35;24": {"type": "BG_grass", "variant": 8, "pos": [35, 24]}, "34;23": {"type": "BG_grass", "variant": 8, "pos": [34, 23]}, "39;24": {"type": "BG_grass", "variant": 8, "pos": [39, 24]}, "38;24": {"type": "BG_grass", "variant": 8, "pos": [38, 24]}, "38;23": {"type": "BG_grass", "variant": 8, "pos": [38, 23]}, "37;23": {"type": "BG_grass", "variant": 8, "pos": [37, 23]}, "36;23": {"type": "BG_grass", "variant": 8, "pos": [36, 23]}, "36;24": {"type": "BG_grass", "variant": 8, "pos": [36, 24]}, "37;24": {"type": "BG_grass", "variant": 8, "pos": [37, 24]}, "36;22": {"type": "BG_grass", "variant": 8, "pos": [36, 22]}, "36;21": {"type": "BG_grass", "variant": 8, "pos": [36, 21]}, "35;21": {"type": "BG_grass", "variant": 8, "pos": [35, 21]}, "34;18": {"type": "BG_grass", "variant": 8, "pos": [34, 18]}, "35;19": {"type": "BG_grass", "variant": 8, "pos": [35, 19]}, "36;19": {"type": "BG_grass", "variant": 8, "pos": [36, 19]}, "38;20": {"type": "BG_grass", "variant": 8, "pos": [38, 20]}, "37;19": {"type": "BG_grass", "variant": 8, "pos": [37, 19]}, "39;21": {"type": "BG_grass", "variant": 8, "pos": [39, 21]}, "40;22": {"type": "BG_grass", "variant": 8, "pos": [40, 22]}, "41;23": {"type": "BG_grass", "variant": 8, "pos": [41, 23]}, "37;22": {"type": "BG_grass", "variant": 8, "pos": [37, 22]}, "19;22": {"type": "BG_grass", "variant": 6, "pos": [19, 22]}, "20;22": {"type": "BG_grass", "variant": 5, "pos": [20, 22]}, "21;22": {"type": "BG_grass", "variant": 5, "pos": [21, 22]}, "22;22": {"type": "BG_grass", "variant": 5, "pos": [22, 22]}, "23;22": {"type": "BG_grass", "variant": 4, "pos": [23, 22]}, "16;20": {"type": "BG_grass", "variant": 6, "pos": [16, 20]}, "38;19": {"type": "BG_grass", "variant": 8, "pos": [38, 19]}, "39;20": {"type": "BG_grass", "variant": 8, "pos": [39, 20]}, "40;21": {"type": "BG_grass", "variant": 8, "pos": [40, 21]}, "41;22": {"type": "BG_grass", "variant": 8, "pos": [41, 22]}, "42;22": {"type": "BG_grass", "variant": 8, "pos": [42, 22]}, "42;23": {"type": "BG_grass", "variant": 8, "pos": [42, 23]}, "42;24": {"type": "BG_grass", "variant": 3, "pos": [42, 24]}, "42;25": {"type": "BG_grass", "variant": 3, "pos": [42, 25]}, "42;26": {"type": "BG_grass", "variant": 4, "pos": [42, 26]}, "41;26": {"type": "BG_grass", "variant": 5, "pos": [41, 26]}, "40;26": {"type": "BG_grass", "variant": 5, "pos": [40, 26]}, "39;26": {"type": "BG_grass", "variant": 5, "pos": [39, 26]}, "38;26": {"type": "BG_grass", "variant": 5, "pos": [38, 26]}, "37;26": {"type": "BG_grass", "variant": 5, "pos": [37, 26]}, "36;26": {"type": "BG_grass", "variant": 5, "pos": [36, 26]}, "35;26": {"type": "BG_grass", "variant": 6, "pos": [35, 26]}, "33;14": {"type": "BG_grass", "variant": 5, "pos": [33, 14]}, "32;14": {"type": "BG_grass", "variant": 6, "pos": [32, 14]}, "34;14": {"type": "BG_grass", "variant": 8, "pos": [34, 14]}, "36;4": {"type": "BG_grass", "variant": 8, "pos": [36, 4]}, "36;3": {"type": "BG_grass", "variant": 2, "pos": [36, 3]}, "35;2": {"type": "BG_grass", "variant": 2, "pos": [35, 2]}, "34;2": {"type": "BG_grass", "variant": 8, "pos": [34, 2]}, "34;1": {"type": "BG_grass", "variant": 2, "pos": [34, 1]}, "33;1": {"type": "BG_grass", "variant": 1, "pos": [33, 1]}, "32;1": {"type": "BG_grass", "variant": 1, "pos": [32, 1]}, "31;1": {"type": "BG_grass", "variant": 1, "pos": [31, 1]}, "30;1": {"type": "BG_grass", "variant": 1, "pos": [30, 1]}, "29;1": {"type": "BG_grass", "variant": 0, "pos": [29, 1]}, "29;2": {"type": "BG_grass", "variant": 8, "pos": [29, 2]}, "28;2": {"type": "BG_grass", "variant": 0, "pos": [28, 2]}, "28;3": {"type": "BG_grass", "variant": 8, "pos": [28, 3]}, "29;3": {"type": "BG_grass", "variant": 8, "pos": [29, 3]}, "30;2": {"type": "BG_grass", "variant": 8, "pos": [30, 2]}, "31;2": {"type": "BG_grass", "variant": 8, "pos": [31, 2]}, "32;2": {"type": "BG_grass", "variant": 8, "pos": [32, 2]}, "33;2": {"type": "BG_grass", "variant": 8, "pos": [33, 2]}, "34;3": {"type": "BG_grass", "variant": 8, "pos": [34, 3]}, "35;3": {"type": "BG_grass", "variant": 8, "pos": [35, 3]}, "35;4": {"type": "BG_grass", "variant": 8, "pos": [35, 4]}, "35;5": {"type": "BG_grass", "variant": 8, "pos": [35, 5]}, "34;5": {"type": "BG_grass", "variant": 8, "pos": [34, 5]}, "34;6": {"type": "BG_grass", "variant": 8, "pos": [34, 6]}, "33;7": {"type": "BG_grass", "variant": 8, "pos": [33, 7]}, "33;6": {"type": "BG_grass", "variant": 8, "pos": [33, 6]}, "32;7": {"type": "BG_grass", "variant": 8, "pos": [32, 7]}, "33;5": {"type": "BG_grass", "variant": 8, "pos": [33, 5]}, "32;6": {"type": "BG_grass", "variant": 8, "pos": [32, 6]}, "34;4": {"type": "BG_grass", "variant": 8, "pos": [34, 4]}, "33;3": {"type": "BG_grass", "variant": 8, "pos": [33, 3]}, "32;3": {"type": "BG_grass", "variant": 8, "pos": [32, 3]}, "31;3": {"type": "BG_grass", "variant": 8, "pos": [31, 3]}, "30;3": {"type": "BG_grass", "variant": 8, "pos": [30, 3]}, "30;4": {"type": "BG_grass", "variant": 8, "pos": [30, 4]}, "29;4": {"type": "BG_grass", "variant": 8, "pos": [29, 4]}, "31;5": {"type": "BG_grass", "variant": 8, "pos": [31, 5]}, "30;5": {"type": "BG_grass", "variant": 8, "pos": [30, 5]}, "31;6": {"type": "BG_grass", "variant": 8, "pos": [31, 6]}, "32;5": {"type": "BG_grass", "variant": 8, "pos": [32, 5]}, "33;4": {"type": "BG_grass", "variant": 8, "pos": [33, 4]}, "32;4": {"type": "BG_grass", "variant": 8, "pos": [32, 4]}, "31;4": {"type": "BG_grass", "variant": 8, "pos": [31, 4]}, "40;9": {"type": "BG_grass", "variant": 3, "pos": [40, 9]}, "40;10": {"type": "BG_grass", "variant": 8, "pos": [40, 10]}, "41;10": {"type": "BG_grass", "variant": 2, "pos": [41, 10]}, "42;11": {"type": "BG_grass", "variant": 2, "pos": [42, 11]}, "43;12": {"type": "BG_grass", "variant": 1, "pos": [43, 12]}, "44;12": {"type": "BG_grass", "variant": 2, "pos": [44, 12]}, "44;13": {"type": "BG_grass", "variant": 3, "pos": [44, 13]}, "44;14": {"type": "BG_grass", "variant": 3, "pos": [44, 14]}, "44;15": {"type": "BG_grass", "variant": 3, "pos": [44, 15]}, "43;15": {"type": "BG_grass", "variant": 8, "pos": [43, 15]}, "43;16": {"type": "BG_grass", "variant": 8, "pos": [43, 16]}, "42;16": {"type": "BG_grass", "variant": 8, "pos": [42, 16]}, "41;16": {"type": "BG_grass", "variant": 8, "pos": [41, 16]}, "40;16": {"type": "BG_grass", "variant": 8, "pos": [40, 16]}, "39;16": {"type": "BG_grass", "variant": 8, "pos": [39, 16]}, "38;16": {"type": "BG_grass", "variant": 8, "pos": [38, 16]}, "37;16": {"type": "BG_grass", "variant": 8, "pos": [37, 16]}, "36;16": {"type": "BG_grass", "variant": 8, "pos": [36, 16]}, "35;17": {"type": "BG_grass", "variant": 8, "pos": [35, 17]}, "37;18": {"type": "BG_grass", "variant": 8, "pos": [37, 18]}, "38;18": {"type": "BG_grass", "variant": 8, "pos": [38, 18]}, "38;17": {"type": "BG_grass", "variant": 8, "pos": [38, 17]}, "39;17": {"type": "BG_grass", "variant": 8, "pos": [39, 17]}, "40;15": {"type": "BG_grass", "variant": 8, "pos": [40, 15]}, "41;15": {"type": "BG_grass", "variant": 8, "pos": [41, 15]}, "42;15": {"type": "BG_grass", "variant": 8, "pos": [42, 15]}, "37;17": {"type": "BG_grass", "variant": 8, "pos": [37, 17]}, "36;18": {"type": "BG_grass", "variant": 8, "pos": [36, 18]}, "35;18": {"type": "BG_grass", "variant": 8, "pos": [35, 18]}, "36;17": {"type": "BG_grass", "variant": 8, "pos": [36, 17]}, "38;15": {"type": "BG_grass", "variant": 8, "pos": [38, 15]}, "39;15": {"type": "BG_grass", "variant": 8, "pos": [39, 15]}, "40;14": {"type": "BG_grass", "variant": 8, "pos": [40, 14]}, "41;14": {"type": "BG_grass", "variant": 8, "pos": [41, 14]}, "42;13": {"type": "BG_grass", "variant": 8, "pos": [42, 13]}, "42;12": {"type": "BG_grass", "variant": 8, "pos": [42, 12]}, "41;12": {"type": "BG_grass", "variant": 8, "pos": [41, 12]}, "41;13": {"type": "BG_grass", "variant": 8, "pos": [41, 13]}, "40;13": {"type": "BG_grass", "variant": 8, "pos": [40, 13]}, "39;14": {"type": "BG_grass", "variant": 8, "pos": [39, 14]}, "40;12": {"type": "BG_grass", "variant": 8, "pos": [40, 12]}, "41;11": {"type": "BG_grass", "variant": 8, "pos": [41, 11]}, "40;11": {"type": "BG_grass", "variant": 8, "pos": [40, 11]}, "39;11": {"type": "BG_grass", "variant": 8, "pos": [39, 11]}, "38;12": {"type": "BG_grass", "variant": 8, "pos": [38, 12]}, "39;12": {"type": "BG_grass", "variant": 8, "pos": [39, 12]}, "39;13": {"type": "BG_grass", "variant": 8, "pos": [39, 13]}, "42;14": {"type": "BG_grass", "variant": 8, "pos": [42, 14]}, "43;14": {"type": "BG_grass", "variant": 8, "pos": [43, 14]}, "43;13": {"type": "BG_grass", "variant": 8, "pos": [43, 13]}, "12;8": {"type": "BG_grass", "variant": 8, "pos": [12, 8]}, "14;6": {"type": "BG_grass", "variant": 8, "pos": [14, 6]}, "15;6": {"type": "BG_grass", "variant": 8, "pos": [15, 6]}, "43;22": {"type": "BG_grass", "variant": 8, "pos": [43, 22]}, "43;23": {"type": "BG_grass", "variant": 5, "pos": [43, 23]}, "44;23": {"type": "BG_grass", "variant": 5, "pos": [44, 23]}, "45;23": {"type": "BG_grass", "variant": 5, "pos": [45, 23]}, "46;23": {"type": "BG_grass", "variant": 4, "pos": [46, 23]}, "50;22": {"type": "BG_grass", "variant": 4, "pos": [50, 22]}, "51;21": {"type": "BG_grass", "variant": 4, "pos": [51, 21]}, "51;20": {"type": "BG_grass", "variant": 8, "pos": [51, 20]}, "51;19": {"type": "BG_grass", "variant": 8, "pos": [51, 19]}, "51;18": {"type": "BG_grass", "variant": 8, "pos": [51, 18]}, "51;17": {"type": "BG_grass", "variant": 8, "pos": [51, 17]}, "44;16": {"type": "BG_grass", "variant": 4, "pos": [44, 16]}, "43;17": {"type": "BG_grass", "variant": 4, "pos": [43, 17]}, "42;18": {"type": "BG_grass", "variant": 3, "pos": [42, 18]}, "41;19": {"type": "BG_grass", "variant": 8, "pos": [41, 19]}, "40;19": {"type": "BG_grass", "variant": 8, "pos": [40, 19]}, "39;19": {"type": "BG_grass", "variant": 8, "pos": [39, 19]}, "39;18": {"type": "BG_grass", "variant": 8, "pos": [39, 18]}, "40;17": {"type": "BG_grass", "variant": 8, "pos": [40, 17]}, "51;15": {"type": "BG_grass", "variant": 2, "pos": [51, 15]}, "51;16": {"type": "BG_grass", "variant": 3, "pos": [51, 16]}, "48;16": {"type": "BG_grass", "variant": 0, "pos": [48, 16]}, "41;17": {"type": "BG_grass", "variant": 8, "pos": [41, 17]}, "42;17": {"type": "BG_grass", "variant": 8, "pos": [42, 17]}, "40;18": {"type": "BG_grass", "variant": 8, "pos": [40, 18]}, "47;17": {"type": "BG_grass", "variant": 0, "pos": [47, 17]}, "48;17": {"type": "BG_grass", "variant": 8, "pos": [48, 17]}, "49;17": {"type": "BG_grass", "variant": 8, "pos": [49, 17]}, "50;17": {"type": "BG_grass", "variant": 8, "pos": [50, 17]}, "50;16": {"type": "BG_grass", "variant": 8, "pos": [50, 16]}, "49;16": {"type": "BG_grass", "variant": 8, "pos": [49, 16]}, "46;18": {"type": "BG_grass", "variant": 0, "pos": [46, 18]}, "48;18": {"type": "BG_grass", "variant": 8, "pos": [48, 18]}, "42;19": {"type": "BG_grass", "variant": 3, "pos": [42, 19]}, "41;18": {"type": "BG_grass", "variant": 8, "pos": [41, 18]}, "40;20": {"type": "BG_grass", "variant": 8, "pos": [40, 20]}, "41;21": {"type": "BG_grass", "variant": 8, "pos": [41, 21]}, "42;21": {"type": "BG_grass", "variant": 8, "pos": [42, 21]}, "43;21": {"type": "BG_grass", "variant": 8, "pos": [43, 21]}, "44;22": {"type": "BG_grass", "variant": 8, "pos": [44, 22]}, "45;22": {"type": "BG_grass", "variant": 8, "pos": [45, 22]}, "46;22": {"type": "BG_grass", "variant": 8, "pos": [46, 22]}, "47;22": {"type": "BG_grass", "variant": 5, "pos": [47, 22]}, "48;22": {"type": "BG_grass", "variant": 5, "pos": [48, 22]}, "49;21": {"type": "BG_grass", "variant": 8, "pos": [49, 21]}, "50;21": {"type": "BG_grass", "variant": 8, "pos": [50, 21]}, "50;20": {"type": "BG_grass", "variant": 8, "pos": [50, 20]}, "45;21": {"type": "BG_grass", "variant": 8, "pos": [45, 21]}, "44;21": {"type": "BG_grass", "variant": 8, "pos": [44, 21]}, "44;20": {"type": "BG_grass", "variant": 1, "pos": [44, 20]}, "45;20": {"type": "BG_grass", "variant": 8, "pos": [45, 20]}, "46;20": {"type": "BG_grass", "variant": 8, "pos": [46, 20]}, "48;20": {"type": "BG_grass", "variant": 8, "pos": [48, 20]}, "49;20": {"type": "BG_grass", "variant": 8, "pos": [49, 20]}, "47;20": {"type": "BG_grass", "variant": 8, "pos": [47, 20]}, "46;21": {"type": "BG_grass", "variant": 8, "pos": [46, 21]}, "47;21": {"type": "BG_grass", "variant": 8, "pos": [47, 21]}, "50;19": {"type": "BG_grass", "variant": 8, "pos": [50, 19]}, "50;18": {"type": "BG_grass", "variant": 8, "pos": [50, 18]}, "49;18": {"type": "BG_grass", "variant": 8, "pos": [49, 18]}, "48;19": {"type": "BG_grass", "variant": 8, "pos": [48, 19]}, "47;19": {"type": "BG_grass", "variant": 8, "pos": [47, 19]}, "46;19": {"type": "BG_grass", "variant": 8, "pos": [46, 19]}, "49;19": {"type": "BG_grass", "variant": 8, "pos": [49, 19]}, "47;18": {"type": "BG_grass", "variant": 8, "pos": [47, 18]}, "42;20": {"type": "BG_grass", "variant": 8, "pos": [42, 20]}, "45;19": {"type": "BG_grass", "variant": 0, "pos": [45, 19]}, "43;20": {"type": "BG_grass", "variant": 1, "pos": [43, 20]}, "41;20": {"type": "BG_grass", "variant": 8, "pos": [41, 20]}, "48;21": {"type": "BG_grass", "variant": 8, "pos": [48, 21]}, "52;17": {"type": "BG_grass", "variant": 2, "pos": [52, 17]}, "49;22": {"type": "BG_grass", "variant": 5, "pos": [49, 22]}, "52;20": {"type": "BG_grass", "variant": 5, "pos": [52, 20]}, "53;20": {"type": "BG_grass", "variant": 4, "pos": [53, 20]}, "53;19": {"type": "BG_grass", "variant": 2, "pos": [53, 19]}, "52;19": {"type": "BG_grass", "variant": 8, "pos": [52, 19]}, "52;18": {"type": "BG_grass", "variant": 3, "pos": [52, 18]}, "50;15": {"type": "BG_grass", "variant": 1, "pos": [50, 15]}, "49;15": {"type": "BG_grass", "variant": 0, "pos": [49, 15]}, "63;1": {"type": "BG_grass", "variant": 1, "pos": [63, 1]}, "62;1": {"type": "BG_grass", "variant": 1, "pos": [62, 1]}, "61;1": {"type": "BG_grass", "variant": 1, "pos": [61, 1]}, "60;1": {"type": "BG_grass", "variant": 1, "pos": [60, 1]}, "59;1": {"type": "BG_grass", "variant": 1, "pos": [59, 1]}, "58;1": {"type": "BG_grass", "variant": 1, "pos": [58, 1]}, "57;1": {"type": "BG_grass", "variant": 1, "pos": [57, 1]}, "56;1": {"type": "BG_grass", "variant": 1, "pos": [56, 1]}, "55;1": {"type": "BG_grass", "variant": 1, "pos": [55, 1]}, "54;1": {"type": "BG_grass", "variant": 1, "pos": [54, 1]}, "53;1": {"type": "BG_grass", "variant": 1, "pos": [53, 1]}, "52;1": {"type": "BG_grass", "variant": 0, "pos": [52, 1]}, "52;2": {"type": "BG_grass", "variant": 7, "pos": [52, 2]}, "52;3": {"type": "BG_grass", "variant": 6, "pos": [52, 3]}, "53;3": {"type": "BG_grass", "variant": 8, "pos": [53, 3]}, "54;3": {"type": "BG_grass", "variant": 8, "pos": [54, 3]}, "54;4": {"type": "BG_grass", "variant": 8, "pos": [54, 4]}, "55;4": {"type": "BG_grass", "variant": 8, "pos": [55, 4]}, "55;5": {"type": "BG_grass", "variant": 8, "pos": [55, 5]}, "53;4": {"type": "BG_grass", "variant": 6, "pos": [53, 4]}, "54;5": {"type": "BG_grass", "variant": 6, "pos": [54, 5]}, "55;6": {"type": "BG_grass", "variant": 6, "pos": [55, 6]}, "56;6": {"type": "BG_grass", "variant": 5, "pos": [56, 6]}, "57;6": {"type": "BG_grass", "variant": 5, "pos": [57, 6]}, "58;6": {"type": "BG_grass", "variant": 5, "pos": [58, 6]}, "59;6": {"type": "BG_grass", "variant": 5, "pos": [59, 6]}, "60;6": {"type": "BG_grass", "variant": 5, "pos": [60, 6]}, "61;6": {"type": "BG_grass", "variant": 4, "pos": [61, 6]}, "61;5": {"type": "BG_grass", "variant": 8, "pos": [61, 5]}, "62;5": {"type": "BG_grass", "variant": 5, "pos": [62, 5]}, "63;5": {"type": "BG_grass", "variant": 4, "pos": [63, 5]}, "63;4": {"type": "BG_grass", "variant": 3, "pos": [63, 4]}, "62;4": {"type": "BG_grass", "variant": 8, "pos": [62, 4]}, "63;3": {"type": "BG_grass", "variant": 8, "pos": [63, 3]}, "64;3": {"type": "BG_grass", "variant": 5, "pos": [64, 3]}, "65;3": {"type": "BG_grass", "variant": 4, "pos": [65, 3]}, "65;2": {"type": "BG_grass", "variant": 3, "pos": [65, 2]}, "65;1": {"type": "BG_grass", "variant": 2, "pos": [65, 1]}, "64;1": {"type": "BG_grass", "variant": 1, "pos": [64, 1]}, "64;2": {"type": "BG_grass", "variant": 8, "pos": [64, 2]}, "63;2": {"type": "BG_grass", "variant": 8, "pos": [63, 2]}, "62;2": {"type": "BG_grass", "variant": 8, "pos": [62, 2]}, "61;2": {"type": "BG_grass", "variant": 8, "pos": [61, 2]}, "60;2": {"type": "BG_grass", "variant": 8, "pos": [60, 2]}, "59;2": {"type": "BG_grass", "variant": 8, "pos": [59, 2]}, "58;2": {"type": "BG_grass", "variant": 8, "pos": [58, 2]}, "57;2": {"type": "BG_grass", "variant": 8, "pos": [57, 2]}, "56;2": {"type": "BG_grass", "variant": 8, "pos": [56, 2]}, "55;2": {"type": "BG_grass", "variant": 8, "pos": [55, 2]}, "54;2": {"type": "BG_grass", "variant": 8, "pos": [54, 2]}, "53;2": {"type": "BG_grass", "variant": 8, "pos": [53, 2]}, "55;3": {"type": "BG_grass", "variant": 8, "pos": [55, 3]}, "56;3": {"type": "BG_grass", "variant": 8, "pos": [56, 3]}, "57;3": {"type": "BG_grass", "variant": 8, "pos": [57, 3]}, "58;3": {"type": "BG_grass", "variant": 8, "pos": [58, 3]}, "59;3": {"type": "BG_grass", "variant": 8, "pos": [59, 3]}, "60;3": {"type": "BG_grass", "variant": 8, "pos": [60, 3]}, "61;3": {"type": "BG_grass", "variant": 8, "pos": [61, 3]}, "62;3": {"type": "BG_grass", "variant": 8, "pos": [62, 3]}, "61;4": {"type": "BG_grass", "variant": 8, "pos": [61, 4]}, "60;4": {"type": "BG_grass", "variant": 8, "pos": [60, 4]}, "59;4": {"type": "BG_grass", "variant": 8, "pos": [59, 4]}, "59;5": {"type": "BG_grass", "variant": 8, "pos": [59, 5]}, "58;5": {"type": "BG_grass", "variant": 8, "pos": [58, 5]}, "57;5": {"type": "BG_grass", "variant": 8, "pos": [57, 5]}, "56;5": {"type": "BG_grass", "variant": 8, "pos": [56, 5]}, "56;4": {"type": "BG_grass", "variant": 8, "pos": [56, 4]}, "57;4": {"type": "BG_grass", "variant": 8, "pos": [57, 4]}, "58;4": {"type": "BG_grass", "variant": 8, "pos": [58, 4]}, "60;5": {"type": "BG_grass", "variant": 8, "pos": [60, 5]}, "59;16": {"type": "BG_grass", "variant": 5, "pos": [59, 16]}, "58;16": {"type": "BG_grass", "variant": 5, "pos": [58, 16]}, "57;16": {"type": "BG_grass", "variant": 5, "pos": [57, 16]}, "56;16": {"type": "BG_grass", "variant": 6, "pos": [56, 16]}, "56;15": {"type": "BG_grass", "variant": 8, "pos": [56, 15]}, "55;15": {"type": "BG_grass", "variant": 6, "pos": [55, 15]}, "55;14": {"type": "BG_grass", "variant": 8, "pos": [55, 14]}, "54;14": {"type": "BG_grass", "variant": 6, "pos": [54, 14]}, "54;13": {"type": "BG_grass", "variant": 8, "pos": [54, 13]}, "53;13": {"type": "BG_grass", "variant": 6, "pos": [53, 13]}, "53;12": {"type": "BG_grass", "variant": 7, "pos": [53, 12]}, "53;11": {"type": "BG_grass", "variant": 7, "pos": [53, 11]}, "54;11": {"type": "BG_grass", "variant": 8, "pos": [54, 11]}, "54;10": {"type": "BG_grass", "variant": 2, "pos": [54, 10]}, "53;10": {"type": "BG_grass", "variant": 0, "pos": [53, 10]}, "55;11": {"type": "BG_grass", "variant": 2, "pos": [55, 11]}, "55;12": {"type": "BG_grass", "variant": 8, "pos": [55, 12]}, "54;12": {"type": "BG_grass", "variant": 8, "pos": [54, 12]}, "56;13": {"type": "BG_grass", "variant": 8, "pos": [56, 13]}, "56;12": {"type": "BG_grass", "variant": 2, "pos": [56, 12]}, "55;13": {"type": "BG_grass", "variant": 8, "pos": [55, 13]}, "57;13": {"type": "BG_grass", "variant": 2, "pos": [57, 13]}, "56;14": {"type": "BG_grass", "variant": 8, "pos": [56, 14]}, "57;14": {"type": "BG_grass", "variant": 8, "pos": [57, 14]}, "58;14": {"type": "BG_grass", "variant": 2, "pos": [58, 14]}, "58;15": {"type": "BG_grass", "variant": 8, "pos": [58, 15]}, "57;15": {"type": "BG_grass", "variant": 8, "pos": [57, 15]}, "59;15": {"type": "BG_grass", "variant": 2, "pos": [59, 15]}, "60;16": {"type": "BG_grass", "variant": 0, "pos": [60, 16]}, "49;10": {"type": "BG_grass", "variant": 4, "pos": [49, 10]}, "48;10": {"type": "BG_grass", "variant": 5, "pos": [48, 10]}, "47;10": {"type": "BG_grass", "variant": 5, "pos": [47, 10]}, "46;10": {"type": "BG_grass", "variant": 5, "pos": [46, 10]}, "45;10": {"type": "BG_grass", "variant": 5, "pos": [45, 10]}, "46;9": {"type": "BG_grass", "variant": 8, "pos": [46, 9]}, "47;9": {"type": "BG_grass", "variant": 8, "pos": [47, 9]}, "48;9": {"type": "BG_grass", "variant": 8, "pos": [48, 9]}, "49;9": {"type": "BG_grass", "variant": 8, "pos": [49, 9]}, "47;8": {"type": "BG_grass", "variant": 8, "pos": [47, 8]}, "49;8": {"type": "BG_grass", "variant": 8, "pos": [49, 8]}, "48;8": {"type": "BG_grass", "variant": 8, "pos": [48, 8]}, "46;8": {"type": "BG_grass", "variant": 0, "pos": [46, 8]}, "45;9": {"type": "BG_grass", "variant": 0, "pos": [45, 9]}, "44;10": {"type": "BG_grass", "variant": 0, "pos": [44, 10]}, "50;9": {"type": "BG_grass", "variant": 4, "pos": [50, 9]}, "50;8": {"type": "BG_grass", "variant": 8, "pos": [50, 8]}, "51;8": {"type": "BG_grass", "variant": 4, "pos": [51, 8]}, "51;7": {"type": "BG_grass", "variant": 3, "pos": [51, 7]}, "51;6": {"type": "BG_grass", "variant": 3, "pos": [51, 6]}, "51;5": {"type": "BG_grass", "variant": 3, "pos": [51, 5]}, "51;4": {"type": "BG_grass", "variant": 2, "pos": [51, 4]}, "50;4": {"type": "BG_grass", "variant": 1, "pos": [50, 4]}, "49;4": {"type": "BG_grass", "variant": 0, "pos": [49, 4]}, "49;5": {"type": "BG_grass", "variant": 7, "pos": [49, 5]}, "49;6": {"type": "BG_grass", "variant": 8, "pos": [49, 6]}, "48;6": {"type": "BG_grass", "variant": 0, "pos": [48, 6]}, "47;7": {"type": "BG_grass", "variant": 0, "pos": [47, 7]}, "50;7": {"type": "BG_grass", "variant": 8, "pos": [50, 7]}, "50;6": {"type": "BG_grass", "variant": 8, "pos": [50, 6]}, "50;5": {"type": "BG_grass", "variant": 8, "pos": [50, 5]}, "49;7": {"type": "BG_grass", "variant": 8, "pos": [49, 7]}, "48;7": {"type": "BG_grass", "variant": 8, "pos": [48, 7]}}, "tile_size": 16, "offgrid": []}