{"tilemap": {"107;11": {"type": "BG_grass", "variant": 8, "pos": [107, 11]}, "106;11": {"type": "BG_grass", "variant": 1, "pos": [106, 11]}, "105;11": {"type": "BG_grass", "variant": 0, "pos": [105, 11]}, "105;12": {"type": "BG_grass", "variant": 7, "pos": [105, 12]}, "105;13": {"type": "BG_grass", "variant": 6, "pos": [105, 13]}, "106;13": {"type": "BG_grass", "variant": 8, "pos": [106, 13]}, "106;14": {"type": "BG_grass", "variant": 6, "pos": [106, 14]}, "107;14": {"type": "BG_grass", "variant": 8, "pos": [107, 14]}, "107;15": {"type": "BG_grass", "variant": 6, "pos": [107, 15]}, "108;15": {"type": "BG_grass", "variant": 8, "pos": [108, 15]}, "108;16": {"type": "BG_grass", "variant": 6, "pos": [108, 16]}, "109;16": {"type": "BG_grass", "variant": 5, "pos": [109, 16]}, "110;16": {"type": "BG_grass", "variant": 8, "pos": [110, 16]}, "110;17": {"type": "BG_grass", "variant": 6, "pos": [110, 17]}, "111;17": {"type": "BG_grass", "variant": 5, "pos": [111, 17]}, "112;17": {"type": "BG_grass", "variant": 5, "pos": [112, 17]}, "113;17": {"type": "BG_grass", "variant": 5, "pos": [113, 17]}, "114;17": {"type": "BG_grass", "variant": 5, "pos": [114, 17]}, "115;17": {"type": "BG_grass", "variant": 5, "pos": [115, 17]}, "116;17": {"type": "BG_grass", "variant": 5, "pos": [116, 17]}, "117;17": {"type": "BG_grass", "variant": 5, "pos": [117, 17]}, "118;17": {"type": "BG_grass", "variant": 4, "pos": [118, 17]}, "118;16": {"type": "BG_grass", "variant": 3, "pos": [118, 16]}, "118;15": {"type": "BG_grass", "variant": 3, "pos": [118, 15]}, "118;14": {"type": "BG_grass", "variant": 2, "pos": [118, 14]}, "117;14": {"type": "BG_grass", "variant": 1, "pos": [117, 14]}, "116;14": {"type": "BG_grass", "variant": 8, "pos": [116, 14]}, "116;13": {"type": "BG_grass", "variant": 2, "pos": [116, 13]}, "115;13": {"type": "BG_grass", "variant": 1, "pos": [115, 13]}, "114;13": {"type": "BG_grass", "variant": 8, "pos": [114, 13]}, "114;12": {"type": "BG_grass", "variant": 2, "pos": [114, 12]}, "113;12": {"type": "BG_grass", "variant": 1, "pos": [113, 12]}, "112;12": {"type": "BG_grass", "variant": 8, "pos": [112, 12]}, "112;11": {"type": "BG_grass", "variant": 2, "pos": [112, 11]}, "111;11": {"type": "BG_grass", "variant": 1, "pos": [111, 11]}, "110;11": {"type": "BG_grass", "variant": 1, "pos": [110, 11]}, "109;11": {"type": "BG_grass", "variant": 8, "pos": [109, 11]}, "109;10": {"type": "BG_grass", "variant": 2, "pos": [109, 10]}, "108;10": {"type": "BG_grass", "variant": 1, "pos": [108, 10]}, "107;10": {"type": "BG_grass", "variant": 0, "pos": [107, 10]}, "108;11": {"type": "BG_grass", "variant": 8, "pos": [108, 11]}, "107;12": {"type": "BG_grass", "variant": 8, "pos": [107, 12]}, "106;12": {"type": "BG_grass", "variant": 8, "pos": [106, 12]}, "107;13": {"type": "BG_grass", "variant": 8, "pos": [107, 13]}, "108;13": {"type": "BG_grass", "variant": 8, "pos": [108, 13]}, "108;14": {"type": "BG_grass", "variant": 8, "pos": [108, 14]}, "109;15": {"type": "BG_grass", "variant": 8, "pos": [109, 15]}, "111;16": {"type": "BG_grass", "variant": 8, "pos": [111, 16]}, "112;16": {"type": "BG_grass", "variant": 1, "pos": [112, 16]}, "117;16": {"type": "BG_grass", "variant": 8, "pos": [117, 16]}, "116;16": {"type": "BG_grass", "variant": 8, "pos": [116, 16]}, "115;16": {"type": "BG_grass", "variant": 1, "pos": [115, 16]}, "114;16": {"type": "BG_grass", "variant": 1, "pos": [114, 16]}, "113;16": {"type": "BG_grass", "variant": 1, "pos": [113, 16]}, "111;15": {"type": "BG_grass", "variant": 2, "pos": [111, 15]}, "110;15": {"type": "BG_grass", "variant": 8, "pos": [110, 15]}, "110;14": {"type": "BG_grass", "variant": 2, "pos": [110, 14]}, "109;14": {"type": "BG_grass", "variant": 8, "pos": [109, 14]}, "109;13": {"type": "BG_grass", "variant": 3, "pos": [109, 13]}, "109;12": {"type": "BG_grass", "variant": 8, "pos": [109, 12]}, "108;12": {"type": "BG_grass", "variant": 8, "pos": [108, 12]}, "110;12": {"type": "BG_grass", "variant": 5, "pos": [110, 12]}, "111;12": {"type": "BG_grass", "variant": 5, "pos": [111, 12]}, "112;13": {"type": "BG_grass", "variant": 6, "pos": [112, 13]}, "113;13": {"type": "BG_grass", "variant": 8, "pos": [113, 13]}, "113;14": {"type": "BG_grass", "variant": 6, "pos": [113, 14]}, "114;14": {"type": "BG_grass", "variant": 5, "pos": [114, 14]}, "115;14": {"type": "BG_grass", "variant": 5, "pos": [115, 14]}, "116;15": {"type": "BG_grass", "variant": 7, "pos": [116, 15]}, "117;15": {"type": "BG_grass", "variant": 8, "pos": [117, 15]}, "102;13": {"type": "BG_grass", "variant": 4, "pos": [102, 13]}, "102;12": {"type": "BG_grass", "variant": 8, "pos": [102, 12]}, "103;12": {"type": "BG_grass", "variant": 4, "pos": [103, 12]}, "103;11": {"type": "BG_grass", "variant": 2, "pos": [103, 11]}, "102;11": {"type": "BG_grass", "variant": 1, "pos": [102, 11]}, "101;11": {"type": "BG_grass", "variant": 1, "pos": [101, 11]}, "100;11": {"type": "BG_grass", "variant": 1, "pos": [100, 11]}, "99;11": {"type": "BG_grass", "variant": 1, "pos": [99, 11]}, "98;11": {"type": "BG_grass", "variant": 1, "pos": [98, 11]}, "97;11": {"type": "BG_grass", "variant": 1, "pos": [97, 11]}, "96;11": {"type": "BG_grass", "variant": 1, "pos": [96, 11]}, "95;11": {"type": "BG_grass", "variant": 1, "pos": [95, 11]}, "94;11": {"type": "BG_grass", "variant": 1, "pos": [94, 11]}, "93;11": {"type": "BG_grass", "variant": 1, "pos": [93, 11]}, "92;11": {"type": "BG_grass", "variant": 1, "pos": [92, 11]}, "91;11": {"type": "BG_grass", "variant": 1, "pos": [91, 11]}, "90;11": {"type": "BG_grass", "variant": 0, "pos": [90, 11]}, "90;12": {"type": "BG_grass", "variant": 8, "pos": [90, 12]}, "90;13": {"type": "BG_grass", "variant": 8, "pos": [90, 13]}, "89;13": {"type": "BG_grass", "variant": 8, "pos": [89, 13]}, "91;13": {"type": "BG_grass", "variant": 8, "pos": [91, 13]}, "91;12": {"type": "BG_grass", "variant": 8, "pos": [91, 12]}, "92;12": {"type": "BG_grass", "variant": 8, "pos": [92, 12]}, "89;14": {"type": "BG_grass", "variant": 8, "pos": [89, 14]}, "88;14": {"type": "BG_grass", "variant": 8, "pos": [88, 14]}, "87;14": {"type": "BG_grass", "variant": 1, "pos": [87, 14]}, "86;14": {"type": "BG_grass", "variant": 0, "pos": [86, 14]}, "86;15": {"type": "BG_grass", "variant": 8, "pos": [86, 15]}, "87;15": {"type": "BG_grass", "variant": 8, "pos": [87, 15]}, "85;15": {"type": "BG_grass", "variant": 1, "pos": [85, 15]}, "84;15": {"type": "BG_grass", "variant": 0, "pos": [84, 15]}, "84;16": {"type": "BG_grass", "variant": 8, "pos": [84, 16]}, "85;16": {"type": "BG_grass", "variant": 8, "pos": [85, 16]}, "86;16": {"type": "BG_grass", "variant": 8, "pos": [86, 16]}, "84;17": {"type": "BG_grass", "variant": 8, "pos": [84, 17]}, "83;17": {"type": "BG_grass", "variant": 8, "pos": [83, 17]}, "82;17": {"type": "BG_grass", "variant": 0, "pos": [82, 17]}, "83;16": {"type": "BG_grass", "variant": 0, "pos": [83, 16]}, "83;18": {"type": "BG_grass", "variant": 8, "pos": [83, 18]}, "82;18": {"type": "BG_grass", "variant": 7, "pos": [82, 18]}, "82;19": {"type": "BG_grass", "variant": 8, "pos": [82, 19]}, "82;20": {"type": "BG_grass", "variant": 8, "pos": [82, 20]}, "81;20": {"type": "BG_grass", "variant": 8, "pos": [81, 20]}, "80;20": {"type": "BG_grass", "variant": 0, "pos": [80, 20]}, "80;21": {"type": "BG_grass", "variant": 8, "pos": [80, 21]}, "80;22": {"type": "BG_grass", "variant": 8, "pos": [80, 22]}, "81;22": {"type": "BG_grass", "variant": 8, "pos": [81, 22]}, "81;21": {"type": "BG_grass", "variant": 8, "pos": [81, 21]}, "79;21": {"type": "BG_grass", "variant": 1, "pos": [79, 21]}, "78;21": {"type": "BG_grass", "variant": 0, "pos": [78, 21]}, "79;22": {"type": "BG_grass", "variant": 8, "pos": [79, 22]}, "79;23": {"type": "BG_grass", "variant": 8, "pos": [79, 23]}, "78;22": {"type": "BG_grass", "variant": 8, "pos": [78, 22]}, "77;22": {"type": "BG_grass", "variant": 1, "pos": [77, 22]}, "78;23": {"type": "BG_grass", "variant": 8, "pos": [78, 23]}, "77;23": {"type": "BG_grass", "variant": 8, "pos": [77, 23]}, "77;24": {"type": "BG_grass", "variant": 5, "pos": [77, 24]}, "78;24": {"type": "BG_grass", "variant": 5, "pos": [78, 24]}, "79;24": {"type": "BG_grass", "variant": 5, "pos": [79, 24]}, "80;24": {"type": "BG_grass", "variant": 4, "pos": [80, 24]}, "80;23": {"type": "BG_grass", "variant": 8, "pos": [80, 23]}, "81;23": {"type": "BG_grass", "variant": 5, "pos": [81, 23]}, "82;23": {"type": "BG_grass", "variant": 5, "pos": [82, 23]}, "83;23": {"type": "BG_grass", "variant": 5, "pos": [83, 23]}, "84;23": {"type": "BG_grass", "variant": 5, "pos": [84, 23]}, "85;23": {"type": "BG_grass", "variant": 4, "pos": [85, 23]}, "84;22": {"type": "BG_grass", "variant": 8, "pos": [84, 22]}, "86;22": {"type": "BG_grass", "variant": 4, "pos": [86, 22]}, "85;22": {"type": "BG_grass", "variant": 8, "pos": [85, 22]}, "83;22": {"type": "BG_grass", "variant": 8, "pos": [83, 22]}, "82;22": {"type": "BG_grass", "variant": 8, "pos": [82, 22]}, "82;21": {"type": "BG_grass", "variant": 8, "pos": [82, 21]}, "83;21": {"type": "BG_grass", "variant": 8, "pos": [83, 21]}, "84;21": {"type": "BG_grass", "variant": 8, "pos": [84, 21]}, "85;21": {"type": "BG_grass", "variant": 8, "pos": [85, 21]}, "86;21": {"type": "BG_grass", "variant": 8, "pos": [86, 21]}, "83;20": {"type": "BG_grass", "variant": 8, "pos": [83, 20]}, "84;20": {"type": "BG_grass", "variant": 8, "pos": [84, 20]}, "85;20": {"type": "BG_grass", "variant": 8, "pos": [85, 20]}, "86;20": {"type": "BG_grass", "variant": 8, "pos": [86, 20]}, "87;20": {"type": "BG_grass", "variant": 8, "pos": [87, 20]}, "88;20": {"type": "BG_grass", "variant": 5, "pos": [88, 20]}, "89;20": {"type": "BG_grass", "variant": 5, "pos": [89, 20]}, "87;21": {"type": "BG_grass", "variant": 4, "pos": [87, 21]}, "84;19": {"type": "BG_grass", "variant": 8, "pos": [84, 19]}, "81;19": {"type": "BG_grass", "variant": 0, "pos": [81, 19]}, "85;19": {"type": "BG_grass", "variant": 8, "pos": [85, 19]}, "86;19": {"type": "BG_grass", "variant": 8, "pos": [86, 19]}, "87;19": {"type": "BG_grass", "variant": 8, "pos": [87, 19]}, "88;19": {"type": "BG_grass", "variant": 8, "pos": [88, 19]}, "89;19": {"type": "BG_grass", "variant": 8, "pos": [89, 19]}, "90;19": {"type": "BG_grass", "variant": 8, "pos": [90, 19]}, "91;19": {"type": "BG_grass", "variant": 5, "pos": [91, 19]}, "92;19": {"type": "BG_grass", "variant": 5, "pos": [92, 19]}, "83;19": {"type": "BG_grass", "variant": 8, "pos": [83, 19]}, "90;20": {"type": "BG_grass", "variant": 4, "pos": [90, 20]}, "93;19": {"type": "BG_grass", "variant": 4, "pos": [93, 19]}, "94;18": {"type": "BG_grass", "variant": 4, "pos": [94, 18]}, "93;18": {"type": "BG_grass", "variant": 8, "pos": [93, 18]}, "92;18": {"type": "BG_grass", "variant": 8, "pos": [92, 18]}, "91;18": {"type": "BG_grass", "variant": 8, "pos": [91, 18]}, "90;18": {"type": "BG_grass", "variant": 8, "pos": [90, 18]}, "87;18": {"type": "BG_grass", "variant": 8, "pos": [87, 18]}, "86;18": {"type": "BG_grass", "variant": 8, "pos": [86, 18]}, "85;18": {"type": "BG_grass", "variant": 8, "pos": [85, 18]}, "84;18": {"type": "BG_grass", "variant": 8, "pos": [84, 18]}, "88;18": {"type": "BG_grass", "variant": 8, "pos": [88, 18]}, "89;18": {"type": "BG_grass", "variant": 8, "pos": [89, 18]}, "95;17": {"type": "BG_grass", "variant": 4, "pos": [95, 17]}, "94;17": {"type": "BG_grass", "variant": 8, "pos": [94, 17]}, "93;17": {"type": "BG_grass", "variant": 8, "pos": [93, 17]}, "92;17": {"type": "BG_grass", "variant": 8, "pos": [92, 17]}, "91;17": {"type": "BG_grass", "variant": 8, "pos": [91, 17]}, "90;17": {"type": "BG_grass", "variant": 8, "pos": [90, 17]}, "89;17": {"type": "BG_grass", "variant": 8, "pos": [89, 17]}, "87;17": {"type": "BG_grass", "variant": 8, "pos": [87, 17]}, "85;17": {"type": "BG_grass", "variant": 8, "pos": [85, 17]}, "86;17": {"type": "BG_grass", "variant": 8, "pos": [86, 17]}, "88;17": {"type": "BG_grass", "variant": 8, "pos": [88, 17]}, "87;16": {"type": "BG_grass", "variant": 8, "pos": [87, 16]}, "88;16": {"type": "BG_grass", "variant": 8, "pos": [88, 16]}, "91;16": {"type": "BG_grass", "variant": 8, "pos": [91, 16]}, "92;16": {"type": "BG_grass", "variant": 8, "pos": [92, 16]}, "93;16": {"type": "BG_grass", "variant": 8, "pos": [93, 16]}, "94;16": {"type": "BG_grass", "variant": 8, "pos": [94, 16]}, "95;16": {"type": "BG_grass", "variant": 8, "pos": [95, 16]}, "96;16": {"type": "BG_grass", "variant": 4, "pos": [96, 16]}, "90;16": {"type": "BG_grass", "variant": 8, "pos": [90, 16]}, "89;16": {"type": "BG_grass", "variant": 8, "pos": [89, 16]}, "88;15": {"type": "BG_grass", "variant": 8, "pos": [88, 15]}, "89;15": {"type": "BG_grass", "variant": 8, "pos": [89, 15]}, "90;15": {"type": "BG_grass", "variant": 8, "pos": [90, 15]}, "91;15": {"type": "BG_grass", "variant": 8, "pos": [91, 15]}, "92;15": {"type": "BG_grass", "variant": 8, "pos": [92, 15]}, "93;15": {"type": "BG_grass", "variant": 8, "pos": [93, 15]}, "94;15": {"type": "BG_grass", "variant": 8, "pos": [94, 15]}, "95;15": {"type": "BG_grass", "variant": 8, "pos": [95, 15]}, "96;15": {"type": "BG_grass", "variant": 8, "pos": [96, 15]}, "97;15": {"type": "BG_grass", "variant": 4, "pos": [97, 15]}, "99;14": {"type": "BG_grass", "variant": 4, "pos": [99, 14]}, "98;14": {"type": "BG_grass", "variant": 5, "pos": [98, 14]}, "97;14": {"type": "BG_grass", "variant": 8, "pos": [97, 14]}, "96;14": {"type": "BG_grass", "variant": 8, "pos": [96, 14]}, "95;14": {"type": "BG_grass", "variant": 8, "pos": [95, 14]}, "94;14": {"type": "BG_grass", "variant": 8, "pos": [94, 14]}, "93;14": {"type": "BG_grass", "variant": 8, "pos": [93, 14]}, "92;14": {"type": "BG_grass", "variant": 8, "pos": [92, 14]}, "91;14": {"type": "BG_grass", "variant": 8, "pos": [91, 14]}, "90;14": {"type": "BG_grass", "variant": 8, "pos": [90, 14]}, "92;13": {"type": "BG_grass", "variant": 8, "pos": [92, 13]}, "93;13": {"type": "BG_grass", "variant": 8, "pos": [93, 13]}, "94;13": {"type": "BG_grass", "variant": 8, "pos": [94, 13]}, "95;13": {"type": "BG_grass", "variant": 8, "pos": [95, 13]}, "96;13": {"type": "BG_grass", "variant": 8, "pos": [96, 13]}, "97;13": {"type": "BG_grass", "variant": 8, "pos": [97, 13]}, "100;13": {"type": "BG_grass", "variant": 5, "pos": [100, 13]}, "101;13": {"type": "BG_grass", "variant": 5, "pos": [101, 13]}, "99;13": {"type": "BG_grass", "variant": 8, "pos": [99, 13]}, "98;13": {"type": "BG_grass", "variant": 8, "pos": [98, 13]}, "101;12": {"type": "BG_grass", "variant": 8, "pos": [101, 12]}, "100;12": {"type": "BG_grass", "variant": 8, "pos": [100, 12]}, "99;12": {"type": "BG_grass", "variant": 8, "pos": [99, 12]}, "98;12": {"type": "BG_grass", "variant": 8, "pos": [98, 12]}, "97;12": {"type": "BG_grass", "variant": 8, "pos": [97, 12]}, "96;12": {"type": "BG_grass", "variant": 8, "pos": [96, 12]}, "95;12": {"type": "BG_grass", "variant": 8, "pos": [95, 12]}, "94;12": {"type": "BG_grass", "variant": 8, "pos": [94, 12]}, "93;12": {"type": "BG_grass", "variant": 8, "pos": [93, 12]}, "89;12": {"type": "BG_grass", "variant": 1, "pos": [89, 12]}, "88;12": {"type": "BG_grass", "variant": 0, "pos": [88, 12]}, "88;13": {"type": "BG_grass", "variant": 7, "pos": [88, 13]}, "82;11": {"type": "BG_grass", "variant": 8, "pos": [82, 11]}, "82;10": {"type": "BG_grass", "variant": 8, "pos": [82, 10]}, "82;9": {"type": "BG_grass", "variant": 8, "pos": [82, 9]}, "81;8": {"type": "BG_grass", "variant": 8, "pos": [81, 8]}, "80;8": {"type": "BG_grass", "variant": 8, "pos": [80, 8]}, "79;8": {"type": "BG_grass", "variant": 8, "pos": [79, 8]}, "82;8": {"type": "BG_grass", "variant": 8, "pos": [82, 8]}, "79;9": {"type": "BG_grass", "variant": 8, "pos": [79, 9]}, "79;10": {"type": "BG_grass", "variant": 8, "pos": [79, 10]}, "80;10": {"type": "BG_grass", "variant": 8, "pos": [80, 10]}, "80;9": {"type": "BG_grass", "variant": 8, "pos": [80, 9]}, "81;9": {"type": "BG_grass", "variant": 8, "pos": [81, 9]}, "81;10": {"type": "BG_grass", "variant": 8, "pos": [81, 10]}, "79;11": {"type": "BG_grass", "variant": 8, "pos": [79, 11]}, "80;11": {"type": "BG_grass", "variant": 8, "pos": [80, 11]}, "81;11": {"type": "BG_grass", "variant": 8, "pos": [81, 11]}, "83;11": {"type": "BG_grass", "variant": 4, "pos": [83, 11]}, "83;10": {"type": "BG_grass", "variant": 3, "pos": [83, 10]}, "83;9": {"type": "BG_grass", "variant": 8, "pos": [83, 9]}, "83;8": {"type": "BG_grass", "variant": 8, "pos": [83, 8]}, "83;7": {"type": "BG_grass", "variant": 2, "pos": [83, 7]}, "82;7": {"type": "BG_grass", "variant": 1, "pos": [82, 7]}, "81;7": {"type": "BG_grass", "variant": 1, "pos": [81, 7]}, "80;7": {"type": "BG_grass", "variant": 1, "pos": [80, 7]}, "79;7": {"type": "BG_grass", "variant": 1, "pos": [79, 7]}, "78;7": {"type": "BG_grass", "variant": 0, "pos": [78, 7]}, "78;8": {"type": "BG_grass", "variant": 8, "pos": [78, 8]}, "78;9": {"type": "BG_grass", "variant": 8, "pos": [78, 9]}, "84;8": {"type": "BG_grass", "variant": 2, "pos": [84, 8]}, "84;9": {"type": "BG_grass", "variant": 4, "pos": [84, 9]}, "77;8": {"type": "BG_grass", "variant": 0, "pos": [77, 8]}, "77;9": {"type": "BG_grass", "variant": 6, "pos": [77, 9]}, "78;10": {"type": "BG_grass", "variant": 7, "pos": [78, 10]}, "78;11": {"type": "BG_grass", "variant": 7, "pos": [78, 11]}, "78;12": {"type": "BG_grass", "variant": 6, "pos": [78, 12]}, "79;12": {"type": "BG_grass", "variant": 5, "pos": [79, 12]}, "80;12": {"type": "BG_grass", "variant": 5, "pos": [80, 12]}, "81;12": {"type": "BG_grass", "variant": 5, "pos": [81, 12]}, "82;12": {"type": "BG_grass", "variant": 4, "pos": [82, 12]}, "76;24": {"type": "BG_grass", "variant": 5, "pos": [76, 24]}, "76;23": {"type": "BG_grass", "variant": 8, "pos": [76, 23]}, "76;22": {"type": "BG_grass", "variant": 8, "pos": [76, 22]}, "76;21": {"type": "BG_grass", "variant": 2, "pos": [76, 21]}, "75;21": {"type": "BG_grass", "variant": 1, "pos": [75, 21]}, "74;20": {"type": "BG_grass", "variant": 2, "pos": [74, 20]}, "73;20": {"type": "BG_grass", "variant": 8, "pos": [73, 20]}, "73;19": {"type": "BG_grass", "variant": 3, "pos": [73, 19]}, "73;18": {"type": "BG_grass", "variant": 2, "pos": [73, 18]}, "72;18": {"type": "BG_grass", "variant": 1, "pos": [72, 18]}, "71;18": {"type": "BG_grass", "variant": 8, "pos": [71, 18]}, "72;19": {"type": "BG_grass", "variant": 8, "pos": [72, 19]}, "71;17": {"type": "BG_grass", "variant": 2, "pos": [71, 17]}, "71;19": {"type": "BG_grass", "variant": 8, "pos": [71, 19]}, "70;18": {"type": "BG_grass", "variant": 7, "pos": [70, 18]}, "70;17": {"type": "BG_grass", "variant": 8, "pos": [70, 17]}, "70;19": {"type": "BG_grass", "variant": 7, "pos": [70, 19]}, "70;16": {"type": "BG_grass", "variant": 2, "pos": [70, 16]}, "69;17": {"type": "BG_grass", "variant": 5, "pos": [69, 17]}, "68;17": {"type": "BG_grass", "variant": 5, "pos": [68, 17]}, "69;16": {"type": "BG_grass", "variant": 1, "pos": [69, 16]}, "68;16": {"type": "BG_grass", "variant": 1, "pos": [68, 16]}, "67;17": {"type": "BG_grass", "variant": 8, "pos": [67, 17]}, "67;18": {"type": "BG_grass", "variant": 3, "pos": [67, 18]}, "67;19": {"type": "BG_grass", "variant": 3, "pos": [67, 19]}, "67;16": {"type": "BG_grass", "variant": 0, "pos": [67, 16]}, "66;18": {"type": "BG_grass", "variant": 8, "pos": [66, 18]}, "66;19": {"type": "BG_grass", "variant": 8, "pos": [66, 19]}, "66;17": {"type": "BG_grass", "variant": 0, "pos": [66, 17]}, "65;18": {"type": "BG_grass", "variant": 1, "pos": [65, 18]}, "65;19": {"type": "BG_grass", "variant": 8, "pos": [65, 19]}, "64;19": {"type": "BG_grass", "variant": 8, "pos": [64, 19]}, "63;19": {"type": "BG_grass", "variant": 8, "pos": [63, 19]}, "64;18": {"type": "BG_grass", "variant": 1, "pos": [64, 18]}, "63;18": {"type": "BG_grass", "variant": 1, "pos": [63, 18]}, "62;18": {"type": "BG_grass", "variant": 1, "pos": [62, 18]}, "61;18": {"type": "BG_grass", "variant": 1, "pos": [61, 18]}, "60;18": {"type": "BG_grass", "variant": 1, "pos": [60, 18]}, "59;18": {"type": "BG_grass", "variant": 1, "pos": [59, 18]}, "58;18": {"type": "BG_grass", "variant": 1, "pos": [58, 18]}, "58;19": {"type": "BG_grass", "variant": 8, "pos": [58, 19]}, "58;20": {"type": "BG_grass", "variant": 8, "pos": [58, 20]}, "58;21": {"type": "BG_grass", "variant": 8, "pos": [58, 21]}, "58;22": {"type": "BG_grass", "variant": 6, "pos": [58, 22]}, "59;22": {"type": "BG_grass", "variant": 8, "pos": [59, 22]}, "59;23": {"type": "BG_grass", "variant": 6, "pos": [59, 23]}, "60;23": {"type": "BG_grass", "variant": 8, "pos": [60, 23]}, "60;24": {"type": "BG_grass", "variant": 6, "pos": [60, 24]}, "61;24": {"type": "BG_grass", "variant": 8, "pos": [61, 24]}, "61;25": {"type": "BG_grass", "variant": 6, "pos": [61, 25]}, "62;25": {"type": "BG_grass", "variant": 5, "pos": [62, 25]}, "63;25": {"type": "BG_grass", "variant": 8, "pos": [63, 25]}, "64;25": {"type": "BG_grass", "variant": 8, "pos": [64, 25]}, "64;26": {"type": "BG_grass", "variant": 5, "pos": [64, 26]}, "65;26": {"type": "BG_grass", "variant": 5, "pos": [65, 26]}, "63;26": {"type": "BG_grass", "variant": 6, "pos": [63, 26]}, "66;26": {"type": "BG_grass", "variant": 5, "pos": [66, 26]}, "67;26": {"type": "BG_grass", "variant": 5, "pos": [67, 26]}, "68;26": {"type": "BG_grass", "variant": 5, "pos": [68, 26]}, "69;26": {"type": "BG_grass", "variant": 5, "pos": [69, 26]}, "70;25": {"type": "BG_grass", "variant": 8, "pos": [70, 25]}, "71;25": {"type": "BG_grass", "variant": 5, "pos": [71, 25]}, "72;25": {"type": "BG_grass", "variant": 5, "pos": [72, 25]}, "70;26": {"type": "BG_grass", "variant": 4, "pos": [70, 26]}, "73;24": {"type": "BG_grass", "variant": 8, "pos": [73, 24]}, "73;25": {"type": "BG_grass", "variant": 4, "pos": [73, 25]}, "74;24": {"type": "BG_grass", "variant": 5, "pos": [74, 24]}, "75;24": {"type": "BG_grass", "variant": 5, "pos": [75, 24]}, "75;23": {"type": "BG_grass", "variant": 8, "pos": [75, 23]}, "75;22": {"type": "BG_grass", "variant": 8, "pos": [75, 22]}, "74;22": {"type": "BG_grass", "variant": 8, "pos": [74, 22]}, "73;22": {"type": "BG_grass", "variant": 8, "pos": [73, 22]}, "73;23": {"type": "BG_grass", "variant": 8, "pos": [73, 23]}, "72;23": {"type": "BG_grass", "variant": 8, "pos": [72, 23]}, "71;24": {"type": "BG_grass", "variant": 8, "pos": [71, 24]}, "70;24": {"type": "BG_grass", "variant": 8, "pos": [70, 24]}, "69;24": {"type": "BG_grass", "variant": 8, "pos": [69, 24]}, "68;24": {"type": "BG_grass", "variant": 8, "pos": [68, 24]}, "67;24": {"type": "BG_grass", "variant": 8, "pos": [67, 24]}, "66;24": {"type": "BG_grass", "variant": 8, "pos": [66, 24]}, "65;24": {"type": "BG_grass", "variant": 8, "pos": [65, 24]}, "64;24": {"type": "BG_grass", "variant": 8, "pos": [64, 24]}, "65;25": {"type": "BG_grass", "variant": 8, "pos": [65, 25]}, "66;25": {"type": "BG_grass", "variant": 8, "pos": [66, 25]}, "67;25": {"type": "BG_grass", "variant": 8, "pos": [67, 25]}, "68;25": {"type": "BG_grass", "variant": 8, "pos": [68, 25]}, "69;25": {"type": "BG_grass", "variant": 8, "pos": [69, 25]}, "63;24": {"type": "BG_grass", "variant": 8, "pos": [63, 24]}, "62;24": {"type": "BG_grass", "variant": 8, "pos": [62, 24]}, "61;23": {"type": "BG_grass", "variant": 8, "pos": [61, 23]}, "62;23": {"type": "BG_grass", "variant": 1, "pos": [62, 23]}, "63;23": {"type": "BG_grass", "variant": 1, "pos": [63, 23]}, "69;23": {"type": "BG_grass", "variant": 1, "pos": [69, 23]}, "70;23": {"type": "BG_grass", "variant": 8, "pos": [70, 23]}, "71;23": {"type": "BG_grass", "variant": 8, "pos": [71, 23]}, "72;24": {"type": "BG_grass", "variant": 8, "pos": [72, 24]}, "74;23": {"type": "BG_grass", "variant": 8, "pos": [74, 23]}, "74;21": {"type": "BG_grass", "variant": 8, "pos": [74, 21]}, "73;21": {"type": "BG_grass", "variant": 8, "pos": [73, 21]}, "72;21": {"type": "BG_grass", "variant": 8, "pos": [72, 21]}, "71;22": {"type": "BG_grass", "variant": 8, "pos": [71, 22]}, "72;22": {"type": "BG_grass", "variant": 8, "pos": [72, 22]}, "72;20": {"type": "BG_grass", "variant": 8, "pos": [72, 20]}, "71;20": {"type": "BG_grass", "variant": 8, "pos": [71, 20]}, "70;20": {"type": "BG_grass", "variant": 5, "pos": [70, 20]}, "69;20": {"type": "BG_grass", "variant": 5, "pos": [69, 20]}, "68;20": {"type": "BG_grass", "variant": 5, "pos": [68, 20]}, "67;20": {"type": "BG_grass", "variant": 5, "pos": [67, 20]}, "66;20": {"type": "BG_grass", "variant": 5, "pos": [66, 20]}, "65;20": {"type": "BG_grass", "variant": 5, "pos": [65, 20]}, "64;20": {"type": "BG_grass", "variant": 5, "pos": [64, 20]}, "63;20": {"type": "BG_grass", "variant": 5, "pos": [63, 20]}, "62;20": {"type": "BG_grass", "variant": 5, "pos": [62, 20]}, "62;19": {"type": "BG_grass", "variant": 8, "pos": [62, 19]}, "61;19": {"type": "BG_grass", "variant": 8, "pos": [61, 19]}, "60;19": {"type": "BG_grass", "variant": 8, "pos": [60, 19]}, "59;20": {"type": "BG_grass", "variant": 8, "pos": [59, 20]}, "59;19": {"type": "BG_grass", "variant": 8, "pos": [59, 19]}, "59;21": {"type": "BG_grass", "variant": 8, "pos": [59, 21]}, "60;21": {"type": "BG_grass", "variant": 3, "pos": [60, 21]}, "60;22": {"type": "BG_grass", "variant": 8, "pos": [60, 22]}, "61;22": {"type": "BG_grass", "variant": 2, "pos": [61, 22]}, "64;23": {"type": "BG_grass", "variant": 1, "pos": [64, 23]}, "65;23": {"type": "BG_grass", "variant": 1, "pos": [65, 23]}, "66;23": {"type": "BG_grass", "variant": 1, "pos": [66, 23]}, "67;23": {"type": "BG_grass", "variant": 1, "pos": [67, 23]}, "68;23": {"type": "BG_grass", "variant": 1, "pos": [68, 23]}, "70;22": {"type": "BG_grass", "variant": 0, "pos": [70, 22]}, "71;21": {"type": "BG_grass", "variant": 7, "pos": [71, 21]}, "60;20": {"type": "BG_grass", "variant": 8, "pos": [60, 20]}, "61;20": {"type": "BG_grass", "variant": 5, "pos": [61, 20]}, "57;18": {"type": "BG_grass", "variant": 1, "pos": [57, 18]}, "57;19": {"type": "BG_grass", "variant": 8, "pos": [57, 19]}, "57;20": {"type": "BG_grass", "variant": 8, "pos": [57, 20]}, "57;21": {"type": "BG_grass", "variant": 5, "pos": [57, 21]}, "56;21": {"type": "BG_grass", "variant": 7, "pos": [56, 21]}, "56;22": {"type": "BG_grass", "variant": 3, "pos": [56, 22]}, "56;23": {"type": "BG_grass", "variant": 4, "pos": [56, 23]}, "55;23": {"type": "BG_grass", "variant": 5, "pos": [55, 23]}, "54;23": {"type": "BG_grass", "variant": 5, "pos": [54, 23]}, "53;23": {"type": "BG_grass", "variant": 5, "pos": [53, 23]}, "52;23": {"type": "BG_grass", "variant": 6, "pos": [52, 23]}, "52;22": {"type": "BG_grass", "variant": 8, "pos": [52, 22]}, "51;22": {"type": "BG_grass", "variant": 6, "pos": [51, 22]}, "51;21": {"type": "BG_grass", "variant": 8, "pos": [51, 21]}, "50;21": {"type": "BG_grass", "variant": 6, "pos": [50, 21]}, "50;20": {"type": "BG_grass", "variant": 8, "pos": [50, 20]}, "49;20": {"type": "BG_grass", "variant": 6, "pos": [49, 20]}, "49;19": {"type": "BG_grass", "variant": 8, "pos": [49, 19]}, "49;18": {"type": "BG_grass", "variant": 2, "pos": [49, 18]}, "48;18": {"type": "BG_grass", "variant": 8, "pos": [48, 18]}, "48;19": {"type": "BG_grass", "variant": 6, "pos": [48, 19]}, "47;18": {"type": "BG_grass", "variant": 5, "pos": [47, 18]}, "46;18": {"type": "BG_grass", "variant": 6, "pos": [46, 18]}, "47;17": {"type": "BG_grass", "variant": 8, "pos": [47, 17]}, "46;17": {"type": "BG_grass", "variant": 8, "pos": [46, 17]}, "45;16": {"type": "BG_grass", "variant": 8, "pos": [45, 16]}, "45;17": {"type": "BG_grass", "variant": 6, "pos": [45, 17]}, "45;15": {"type": "BG_grass", "variant": 2, "pos": [45, 15]}, "44;15": {"type": "BG_grass", "variant": 1, "pos": [44, 15]}, "44;16": {"type": "BG_grass", "variant": 6, "pos": [44, 16]}, "43;15": {"type": "BG_grass", "variant": 6, "pos": [43, 15]}, "43;14": {"type": "BG_grass", "variant": 2, "pos": [43, 14]}, "42;14": {"type": "BG_grass", "variant": 0, "pos": [42, 14]}, "41;14": {"type": "BG_grass", "variant": 5, "pos": [41, 14]}, "40;14": {"type": "BG_grass", "variant": 5, "pos": [40, 14]}, "39;14": {"type": "BG_grass", "variant": 5, "pos": [39, 14]}, "38;14": {"type": "BG_grass", "variant": 5, "pos": [38, 14]}, "37;14": {"type": "BG_grass", "variant": 5, "pos": [37, 14]}, "36;14": {"type": "BG_grass", "variant": 5, "pos": [36, 14]}, "35;14": {"type": "BG_grass", "variant": 6, "pos": [35, 14]}, "35;13": {"type": "BG_grass", "variant": 7, "pos": [35, 13]}, "35;12": {"type": "BG_grass", "variant": 7, "pos": [35, 12]}, "35;11": {"type": "BG_grass", "variant": 8, "pos": [35, 11]}, "35;10": {"type": "BG_grass", "variant": 1, "pos": [35, 10]}, "36;10": {"type": "BG_grass", "variant": 1, "pos": [36, 10]}, "37;10": {"type": "BG_grass", "variant": 1, "pos": [37, 10]}, "38;10": {"type": "BG_grass", "variant": 2, "pos": [38, 10]}, "38;11": {"type": "BG_grass", "variant": 3, "pos": [38, 11]}, "39;11": {"type": "Extra_grass", "variant": 8, "pos": [39, 11]}, "39;12": {"type": "BG_grass", "variant": 2, "pos": [39, 12]}, "40;11": {"type": "BG_grass", "variant": 1, "pos": [40, 11]}, "41;11": {"type": "BG_grass", "variant": 1, "pos": [41, 11]}, "42;11": {"type": "BG_grass", "variant": 1, "pos": [42, 11]}, "43;11": {"type": "BG_grass", "variant": 1, "pos": [43, 11]}, "44;11": {"type": "BG_grass", "variant": 1, "pos": [44, 11]}, "45;11": {"type": "BG_grass", "variant": 1, "pos": [45, 11]}, "46;11": {"type": "BG_grass", "variant": 1, "pos": [46, 11]}, "47;11": {"type": "BG_grass", "variant": 1, "pos": [47, 11]}, "48;11": {"type": "BG_grass", "variant": 1, "pos": [48, 11]}, "49;11": {"type": "BG_grass", "variant": 1, "pos": [49, 11]}, "50;11": {"type": "Ramps_dirt", "variant": 2, "pos": [50, 11]}, "50;12": {"type": "BG_grass", "variant": 6, "pos": [50, 12]}, "51;13": {"type": "BG_grass", "variant": 6, "pos": [51, 13]}, "51;12": {"type": "Ramps_dirt", "variant": 2, "pos": [51, 12]}, "52;13": {"type": "Ramps_dirt", "variant": 2, "pos": [52, 13]}, "52;14": {"type": "BG_grass", "variant": 6, "pos": [52, 14]}, "53;14": {"type": "Ramps_dirt", "variant": 2, "pos": [53, 14]}, "53;15": {"type": "BG_grass", "variant": 6, "pos": [53, 15]}, "54;15": {"type": "Ramps_dirt", "variant": 2, "pos": [54, 15]}, "54;16": {"type": "BG_grass", "variant": 6, "pos": [54, 16]}, "55;16": {"type": "Ramps_dirt", "variant": 2, "pos": [55, 16]}, "55;17": {"type": "BG_grass", "variant": 7, "pos": [55, 17]}, "55;18": {"type": "BG_grass", "variant": 6, "pos": [55, 18]}, "56;18": {"type": "BG_grass", "variant": 1, "pos": [56, 18]}, "56;17": {"type": "Ramps_dirt", "variant": 2, "pos": [56, 17]}, "56;19": {"type": "BG_grass", "variant": 7, "pos": [56, 19]}, "56;20": {"type": "BG_grass", "variant": 7, "pos": [56, 20]}, "55;22": {"type": "BG_grass", "variant": 1, "pos": [55, 22]}, "54;22": {"type": "BG_grass", "variant": 1, "pos": [54, 22]}, "53;22": {"type": "BG_grass", "variant": 1, "pos": [53, 22]}, "52;21": {"type": "BG_grass", "variant": 2, "pos": [52, 21]}, "51;19": {"type": "BG_grass", "variant": 2, "pos": [51, 19]}, "51;20": {"type": "BG_grass", "variant": 3, "pos": [51, 20]}, "50;19": {"type": "BG_grass", "variant": 1, "pos": [50, 19]}, "48;17": {"type": "BG_grass", "variant": 2, "pos": [48, 17]}, "47;16": {"type": "BG_grass", "variant": 2, "pos": [47, 16]}, "46;16": {"type": "BG_grass", "variant": 1, "pos": [46, 16]}, "37;11": {"type": "BG_grass", "variant": 8, "pos": [37, 11]}, "36;11": {"type": "BG_grass", "variant": 8, "pos": [36, 11]}, "36;12": {"type": "BG_grass", "variant": 8, "pos": [36, 12]}, "36;13": {"type": "BG_grass", "variant": 8, "pos": [36, 13]}, "37;13": {"type": "BG_grass", "variant": 8, "pos": [37, 13]}, "37;12": {"type": "BG_grass", "variant": 8, "pos": [37, 12]}, "38;12": {"type": "BG_grass", "variant": 8, "pos": [38, 12]}, "38;13": {"type": "BG_grass", "variant": 8, "pos": [38, 13]}, "39;13": {"type": "BG_grass", "variant": 8, "pos": [39, 13]}, "40;13": {"type": "BG_grass", "variant": 1, "pos": [40, 13]}, "41;13": {"type": "BG_grass", "variant": 2, "pos": [41, 13]}, "39;10": {"type": "Ramps_dirt", "variant": 2, "pos": [39, 10]}, "0;5": {"type": "BG_grass", "variant": 7, "pos": [0, 5]}, "1;5": {"type": "BG_grass", "variant": 8, "pos": [1, 5]}, "1;4": {"type": "BG_grass", "variant": 1, "pos": [1, 4]}, "2;5": {"type": "BG_grass", "variant": 8, "pos": [2, 5]}, "2;4": {"type": "BG_grass", "variant": 2, "pos": [2, 4]}, "3;5": {"type": "BG_grass", "variant": 1, "pos": [3, 5]}, "4;5": {"type": "BG_grass", "variant": 1, "pos": [4, 5]}, "5;5": {"type": "BG_grass", "variant": 1, "pos": [5, 5]}, "6;5": {"type": "BG_grass", "variant": 1, "pos": [6, 5]}, "7;5": {"type": "BG_grass", "variant": 1, "pos": [7, 5]}, "8;5": {"type": "BG_grass", "variant": 2, "pos": [8, 5]}, "8;6": {"type": "BG_grass", "variant": 8, "pos": [8, 6]}, "9;6": {"type": "BG_grass", "variant": 1, "pos": [9, 6]}, "10;6": {"type": "BG_grass", "variant": 1, "pos": [10, 6]}, "11;6": {"type": "BG_grass", "variant": 1, "pos": [11, 6]}, "12;6": {"type": "BG_grass", "variant": 1, "pos": [12, 6]}, "13;6": {"type": "BG_grass", "variant": 2, "pos": [13, 6]}, "13;7": {"type": "BG_grass", "variant": 8, "pos": [13, 7]}, "14;7": {"type": "BG_grass", "variant": 1, "pos": [14, 7]}, "15;7": {"type": "BG_grass", "variant": 2, "pos": [15, 7]}, "15;8": {"type": "BG_grass", "variant": 3, "pos": [15, 8]}, "15;9": {"type": "BG_grass", "variant": 8, "pos": [15, 9]}, "15;10": {"type": "BG_grass", "variant": 8, "pos": [15, 10]}, "16;10": {"type": "BG_grass", "variant": 3, "pos": [16, 10]}, "16;11": {"type": "BG_grass", "variant": 3, "pos": [16, 11]}, "16;9": {"type": "BG_grass", "variant": 2, "pos": [16, 9]}, "16;12": {"type": "BG_grass", "variant": 4, "pos": [16, 12]}, "15;12": {"type": "BG_grass", "variant": 5, "pos": [15, 12]}, "14;12": {"type": "BG_grass", "variant": 5, "pos": [14, 12]}, "13;12": {"type": "BG_grass", "variant": 5, "pos": [13, 12]}, "12;12": {"type": "BG_grass", "variant": 5, "pos": [12, 12]}, "11;12": {"type": "BG_grass", "variant": 5, "pos": [11, 12]}, "10;12": {"type": "BG_grass", "variant": 5, "pos": [10, 12]}, "9;12": {"type": "BG_grass", "variant": 5, "pos": [9, 12]}, "8;12": {"type": "BG_grass", "variant": 5, "pos": [8, 12]}, "7;12": {"type": "BG_grass", "variant": 6, "pos": [7, 12]}, "7;11": {"type": "BG_grass", "variant": 8, "pos": [7, 11]}, "6;11": {"type": "BG_grass", "variant": 5, "pos": [6, 11]}, "5;11": {"type": "BG_grass", "variant": 6, "pos": [5, 11]}, "5;10": {"type": "BG_grass", "variant": 8, "pos": [5, 10]}, "4;10": {"type": "BG_grass", "variant": 5, "pos": [4, 10]}, "3;10": {"type": "BG_grass", "variant": 6, "pos": [3, 10]}, "3;9": {"type": "BG_grass", "variant": 8, "pos": [3, 9]}, "2;9": {"type": "BG_grass", "variant": 6, "pos": [2, 9]}, "2;8": {"type": "BG_grass", "variant": 8, "pos": [2, 8]}, "1;8": {"type": "BG_grass", "variant": 6, "pos": [1, 8]}, "1;7": {"type": "BG_grass", "variant": 8, "pos": [1, 7]}, "0;7": {"type": "BG_grass", "variant": 6, "pos": [0, 7]}, "0;6": {"type": "BG_grass", "variant": 7, "pos": [0, 6]}, "1;6": {"type": "BG_grass", "variant": 8, "pos": [1, 6]}, "2;6": {"type": "BG_grass", "variant": 8, "pos": [2, 6]}, "3;6": {"type": "BG_grass", "variant": 8, "pos": [3, 6]}, "4;6": {"type": "BG_grass", "variant": 8, "pos": [4, 6]}, "5;6": {"type": "BG_grass", "variant": 8, "pos": [5, 6]}, "6;6": {"type": "BG_grass", "variant": 8, "pos": [6, 6]}, "6;7": {"type": "BG_grass", "variant": 8, "pos": [6, 7]}, "5;7": {"type": "BG_grass", "variant": 8, "pos": [5, 7]}, "4;7": {"type": "BG_grass", "variant": 8, "pos": [4, 7]}, "3;7": {"type": "BG_grass", "variant": 8, "pos": [3, 7]}, "2;7": {"type": "BG_grass", "variant": 8, "pos": [2, 7]}, "3;8": {"type": "BG_grass", "variant": 8, "pos": [3, 8]}, "4;8": {"type": "BG_grass", "variant": 8, "pos": [4, 8]}, "4;9": {"type": "BG_grass", "variant": 8, "pos": [4, 9]}, "5;9": {"type": "BG_grass", "variant": 8, "pos": [5, 9]}, "6;10": {"type": "BG_grass", "variant": 8, "pos": [6, 10]}, "7;10": {"type": "BG_grass", "variant": 8, "pos": [7, 10]}, "8;10": {"type": "BG_grass", "variant": 8, "pos": [8, 10]}, "9;10": {"type": "BG_grass", "variant": 8, "pos": [9, 10]}, "9;11": {"type": "BG_grass", "variant": 8, "pos": [9, 11]}, "10;11": {"type": "BG_grass", "variant": 8, "pos": [10, 11]}, "8;11": {"type": "BG_grass", "variant": 8, "pos": [8, 11]}, "11;11": {"type": "BG_grass", "variant": 8, "pos": [11, 11]}, "12;11": {"type": "BG_grass", "variant": 8, "pos": [12, 11]}, "13;11": {"type": "BG_grass", "variant": 8, "pos": [13, 11]}, "14;11": {"type": "BG_grass", "variant": 8, "pos": [14, 11]}, "15;11": {"type": "BG_grass", "variant": 8, "pos": [15, 11]}, "14;8": {"type": "BG_grass", "variant": 8, "pos": [14, 8]}, "14;9": {"type": "BG_grass", "variant": 8, "pos": [14, 9]}, "14;10": {"type": "BG_grass", "variant": 8, "pos": [14, 10]}, "13;8": {"type": "BG_grass", "variant": 8, "pos": [13, 8]}, "13;9": {"type": "BG_grass", "variant": 8, "pos": [13, 9]}, "13;10": {"type": "BG_grass", "variant": 8, "pos": [13, 10]}, "12;7": {"type": "BG_grass", "variant": 8, "pos": [12, 7]}, "11;7": {"type": "BG_grass", "variant": 8, "pos": [11, 7]}, "12;8": {"type": "BG_grass", "variant": 8, "pos": [12, 8]}, "12;9": {"type": "BG_grass", "variant": 8, "pos": [12, 9]}, "10;7": {"type": "BG_grass", "variant": 8, "pos": [10, 7]}, "10;8": {"type": "BG_grass", "variant": 8, "pos": [10, 8]}, "7;6": {"type": "BG_grass", "variant": 8, "pos": [7, 6]}, "8;7": {"type": "BG_grass", "variant": 8, "pos": [8, 7]}, "7;7": {"type": "BG_grass", "variant": 8, "pos": [7, 7]}, "9;7": {"type": "BG_grass", "variant": 8, "pos": [9, 7]}, "11;8": {"type": "BG_grass", "variant": 8, "pos": [11, 8]}, "9;8": {"type": "BG_grass", "variant": 8, "pos": [9, 8]}, "8;8": {"type": "BG_grass", "variant": 8, "pos": [8, 8]}, "7;8": {"type": "BG_grass", "variant": 8, "pos": [7, 8]}, "6;8": {"type": "BG_grass", "variant": 8, "pos": [6, 8]}, "5;8": {"type": "BG_grass", "variant": 8, "pos": [5, 8]}, "6;9": {"type": "BG_grass", "variant": 8, "pos": [6, 9]}, "7;9": {"type": "BG_grass", "variant": 8, "pos": [7, 9]}, "8;9": {"type": "BG_grass", "variant": 8, "pos": [8, 9]}, "9;9": {"type": "BG_grass", "variant": 8, "pos": [9, 9]}, "10;9": {"type": "BG_grass", "variant": 8, "pos": [10, 9]}, "11;9": {"type": "BG_grass", "variant": 8, "pos": [11, 9]}, "12;10": {"type": "BG_grass", "variant": 8, "pos": [12, 10]}, "11;10": {"type": "BG_grass", "variant": 8, "pos": [11, 10]}, "10;10": {"type": "BG_grass", "variant": 8, "pos": [10, 10]}, "0;4": {"type": "BG_grass", "variant": 0, "pos": [0, 4]}, "18;9": {"type": "BG_grass", "variant": 0, "pos": [18, 9]}, "19;10": {"type": "BG_grass", "variant": 8, "pos": [19, 10]}, "19;11": {"type": "BG_grass", "variant": 8, "pos": [19, 11]}, "20;11": {"type": "BG_grass", "variant": 8, "pos": [20, 11]}, "20;12": {"type": "BG_grass", "variant": 8, "pos": [20, 12]}, "21;12": {"type": "BG_grass", "variant": 8, "pos": [21, 12]}, "18;10": {"type": "BG_grass", "variant": 7, "pos": [18, 10]}, "18;11": {"type": "BG_grass", "variant": 6, "pos": [18, 11]}, "19;12": {"type": "BG_grass", "variant": 6, "pos": [19, 12]}, "22;12": {"type": "BG_grass", "variant": 8, "pos": [22, 12]}, "22;13": {"type": "BG_grass", "variant": 8, "pos": [22, 13]}, "21;13": {"type": "BG_grass", "variant": 5, "pos": [21, 13]}, "20;13": {"type": "BG_grass", "variant": 6, "pos": [20, 13]}, "22;14": {"type": "BG_grass", "variant": 6, "pos": [22, 14]}, "23;14": {"type": "BG_grass", "variant": 5, "pos": [23, 14]}, "24;14": {"type": "BG_grass", "variant": 5, "pos": [24, 14]}, "25;14": {"type": "BG_grass", "variant": 5, "pos": [25, 14]}, "26;14": {"type": "BG_grass", "variant": 5, "pos": [26, 14]}, "27;14": {"type": "BG_grass", "variant": 5, "pos": [27, 14]}, "28;14": {"type": "BG_grass", "variant": 5, "pos": [28, 14]}, "29;14": {"type": "BG_grass", "variant": 5, "pos": [29, 14]}, "30;14": {"type": "BG_grass", "variant": 5, "pos": [30, 14]}, "31;14": {"type": "BG_grass", "variant": 5, "pos": [31, 14]}, "32;14": {"type": "BG_grass", "variant": 4, "pos": [32, 14]}, "32;13": {"type": "BG_grass", "variant": 8, "pos": [32, 13]}, "33;13": {"type": "BG_grass", "variant": 4, "pos": [33, 13]}, "33;12": {"type": "BG_grass", "variant": 3, "pos": [33, 12]}, "32;12": {"type": "BG_grass", "variant": 8, "pos": [32, 12]}, "31;12": {"type": "BG_grass", "variant": 8, "pos": [31, 12]}, "31;13": {"type": "BG_grass", "variant": 8, "pos": [31, 13]}, "30;13": {"type": "BG_grass", "variant": 8, "pos": [30, 13]}, "29;13": {"type": "BG_grass", "variant": 8, "pos": [29, 13]}, "28;13": {"type": "BG_grass", "variant": 8, "pos": [28, 13]}, "27;13": {"type": "BG_grass", "variant": 8, "pos": [27, 13]}, "26;12": {"type": "BG_grass", "variant": 8, "pos": [26, 12]}, "25;12": {"type": "BG_grass", "variant": 8, "pos": [25, 12]}, "24;12": {"type": "BG_grass", "variant": 8, "pos": [24, 12]}, "23;12": {"type": "BG_grass", "variant": 8, "pos": [23, 12]}, "23;13": {"type": "BG_grass", "variant": 8, "pos": [23, 13]}, "24;13": {"type": "BG_grass", "variant": 8, "pos": [24, 13]}, "25;13": {"type": "BG_grass", "variant": 8, "pos": [25, 13]}, "26;13": {"type": "BG_grass", "variant": 8, "pos": [26, 13]}, "33;11": {"type": "BG_grass", "variant": 8, "pos": [33, 11]}, "34;11": {"type": "BG_grass", "variant": 5, "pos": [34, 11]}, "34;10": {"type": "BG_grass", "variant": 1, "pos": [34, 10]}, "33;10": {"type": "BG_grass", "variant": 1, "pos": [33, 10]}, "32;10": {"type": "BG_grass", "variant": 1, "pos": [32, 10]}, "32;11": {"type": "BG_grass", "variant": 8, "pos": [32, 11]}, "31;11": {"type": "BG_grass", "variant": 8, "pos": [31, 11]}, "30;11": {"type": "BG_grass", "variant": 8, "pos": [30, 11]}, "30;12": {"type": "BG_grass", "variant": 8, "pos": [30, 12]}, "29;12": {"type": "BG_grass", "variant": 8, "pos": [29, 12]}, "31;10": {"type": "BG_grass", "variant": 1, "pos": [31, 10]}, "30;10": {"type": "BG_grass", "variant": 1, "pos": [30, 10]}, "29;10": {"type": "BG_grass", "variant": 1, "pos": [29, 10]}, "28;10": {"type": "BG_grass", "variant": 8, "pos": [28, 10]}, "27;10": {"type": "BG_grass", "variant": 8, "pos": [27, 10]}, "26;10": {"type": "BG_grass", "variant": 8, "pos": [26, 10]}, "25;10": {"type": "BG_grass", "variant": 8, "pos": [25, 10]}, "24;10": {"type": "BG_grass", "variant": 8, "pos": [24, 10]}, "23;10": {"type": "BG_grass", "variant": 8, "pos": [23, 10]}, "22;10": {"type": "BG_grass", "variant": 8, "pos": [22, 10]}, "21;10": {"type": "BG_grass", "variant": 8, "pos": [21, 10]}, "20;10": {"type": "BG_grass", "variant": 8, "pos": [20, 10]}, "19;9": {"type": "BG_grass", "variant": 1, "pos": [19, 9]}, "20;9": {"type": "BG_grass", "variant": 1, "pos": [20, 9]}, "21;9": {"type": "BG_grass", "variant": 1, "pos": [21, 9]}, "21;11": {"type": "BG_grass", "variant": 8, "pos": [21, 11]}, "22;11": {"type": "BG_grass", "variant": 8, "pos": [22, 11]}, "27;12": {"type": "BG_grass", "variant": 8, "pos": [27, 12]}, "28;12": {"type": "BG_grass", "variant": 8, "pos": [28, 12]}, "26;11": {"type": "BG_grass", "variant": 8, "pos": [26, 11]}, "24;11": {"type": "BG_grass", "variant": 8, "pos": [24, 11]}, "23;11": {"type": "BG_grass", "variant": 8, "pos": [23, 11]}, "28;11": {"type": "BG_grass", "variant": 8, "pos": [28, 11]}, "27;11": {"type": "BG_grass", "variant": 8, "pos": [27, 11]}, "25;11": {"type": "BG_grass", "variant": 8, "pos": [25, 11]}, "29;11": {"type": "BG_grass", "variant": 8, "pos": [29, 11]}, "25;9": {"type": "BG_grass", "variant": 1, "pos": [25, 9]}, "24;9": {"type": "BG_grass", "variant": 1, "pos": [24, 9]}, "23;9": {"type": "BG_grass", "variant": 1, "pos": [23, 9]}, "22;9": {"type": "BG_grass", "variant": 1, "pos": [22, 9]}, "26;9": {"type": "BG_grass", "variant": 1, "pos": [26, 9]}, "27;9": {"type": "BG_grass", "variant": 1, "pos": [27, 9]}, "28;9": {"type": "BG_grass", "variant": 2, "pos": [28, 9]}, "72;2": {"type": "BG_grass", "variant": 0, "pos": [72, 2]}, "71;2": {"type": "BG_grass", "variant": 5, "pos": [71, 2]}, "71;1": {"type": "BG_grass", "variant": 2, "pos": [71, 1]}, "70;1": {"type": "BG_grass", "variant": 8, "pos": [70, 1]}, "70;0": {"type": "BG_grass", "variant": 2, "pos": [70, 0]}, "69;0": {"type": "BG_grass", "variant": 0, "pos": [69, 0]}, "68;1": {"type": "BG_grass", "variant": 0, "pos": [68, 1]}, "68;2": {"type": "BG_grass", "variant": 5, "pos": [68, 2]}, "67;2": {"type": "BG_grass", "variant": 0, "pos": [67, 2]}, "60;-6": {"type": "BG_grass", "variant": 0, "pos": [60, -6]}, "59;-6": {"type": "BG_grass", "variant": 5, "pos": [59, -6]}, "58;-6": {"type": "BG_grass", "variant": 5, "pos": [58, -6]}, "57;-6": {"type": "BG_grass", "variant": 6, "pos": [57, -6]}, "54;-6": {"type": "BG_grass", "variant": 4, "pos": [54, -6]}, "53;-5": {"type": "BG_grass", "variant": 4, "pos": [53, -5]}, "52;-5": {"type": "BG_grass", "variant": 6, "pos": [52, -5]}, "52;-6": {"type": "BG_grass", "variant": 0, "pos": [52, -6]}, "53;-6": {"type": "BG_grass", "variant": 8, "pos": [53, -6]}, "53;-7": {"type": "BG_grass", "variant": 7, "pos": [53, -7]}, "54;-7": {"type": "BG_grass", "variant": 3, "pos": [54, -7]}, "57;-7": {"type": "BG_grass", "variant": 7, "pos": [57, -7]}, "58;-7": {"type": "BG_grass", "variant": 8, "pos": [58, -7]}, "59;-7": {"type": "BG_grass", "variant": 2, "pos": [59, -7]}, "58;-8": {"type": "BG_grass", "variant": 2, "pos": [58, -8]}, "57;-8": {"type": "BG_grass", "variant": 8, "pos": [57, -8]}, "56;-8": {"type": "BG_grass", "variant": 5, "pos": [56, -8]}, "55;-8": {"type": "BG_grass", "variant": 5, "pos": [55, -8]}, "54;-8": {"type": "BG_grass", "variant": 8, "pos": [54, -8]}, "53;-8": {"type": "BG_grass", "variant": 0, "pos": [53, -8]}, "54;-9": {"type": "BG_grass", "variant": 0, "pos": [54, -9]}, "55;-9": {"type": "BG_grass", "variant": 1, "pos": [55, -9]}, "56;-9": {"type": "BG_grass", "variant": 1, "pos": [56, -9]}, "57;-9": {"type": "BG_grass", "variant": 2, "pos": [57, -9]}, "70;2": {"type": "BG_grass", "variant": 5, "pos": [70, 2]}, "69;2": {"type": "BG_grass", "variant": 5, "pos": [69, 2]}, "69;1": {"type": "BG_grass", "variant": 8, "pos": [69, 1]}}, "tile_size": 16, "offgrid": []}