{"tilemap": {"1;6": {"type": "grass", "variant": 7, "pos": [1, 6]}, "1;5": {"type": "grass", "variant": 0, "pos": [1, 5]}, "2;5": {"type": "grass", "variant": 1, "pos": [2, 5]}, "3;5": {"type": "grass", "variant": 1, "pos": [3, 5]}, "4;5": {"type": "grass", "variant": 1, "pos": [4, 5]}, "5;5": {"type": "grass", "variant": 1, "pos": [5, 5]}, "6;5": {"type": "grass", "variant": 1, "pos": [6, 5]}, "7;5": {"type": "grass", "variant": 1, "pos": [7, 5]}, "7;6": {"type": "grass", "variant": 8, "pos": [7, 6]}, "8;6": {"type": "grass", "variant": 8, "pos": [8, 6]}, "9;6": {"type": "grass", "variant": 2, "pos": [9, 6]}, "8;5": {"type": "grass", "variant": 2, "pos": [8, 5]}, "1;4": {"type": "spawners", "variant": 0, "pos": [1, 4]}, "6;6": {"type": "grass", "variant": 8, "pos": [6, 6]}, "5;6": {"type": "grass", "variant": 8, "pos": [5, 6]}, "4;6": {"type": "grass", "variant": 8, "pos": [4, 6]}, "2;6": {"type": "grass", "variant": 8, "pos": [2, 6]}, "3;6": {"type": "grass", "variant": 8, "pos": [3, 6]}, "1;7": {"type": "grass", "variant": 6, "pos": [1, 7]}, "8;11": {"type": "grass", "variant": 5, "pos": [8, 11]}, "9;11": {"type": "grass", "variant": 5, "pos": [9, 11]}, "10;11": {"type": "grass", "variant": 5, "pos": [10, 11]}, "11;11": {"type": "grass", "variant": 4, "pos": [11, 11]}, "11;10": {"type": "grass", "variant": 3, "pos": [11, 10]}, "11;9": {"type": "grass", "variant": 2, "pos": [11, 9]}, "10;9": {"type": "grass", "variant": 8, "pos": [10, 9]}, "10;8": {"type": "grass", "variant": 2, "pos": [10, 8]}, "9;8": {"type": "grass", "variant": 8, "pos": [9, 8]}, "9;7": {"type": "grass", "variant": 3, "pos": [9, 7]}, "8;7": {"type": "grass", "variant": 8, "pos": [8, 7]}, "7;7": {"type": "grass", "variant": 8, "pos": [7, 7]}, "6;7": {"type": "grass", "variant": 8, "pos": [6, 7]}, "3;7": {"type": "grass", "variant": 5, "pos": [3, 7]}, "4;7": {"type": "grass", "variant": 8, "pos": [4, 7]}, "5;7": {"type": "grass", "variant": 8, "pos": [5, 7]}, "5;8": {"type": "grass", "variant": 8, "pos": [5, 8]}, "6;8": {"type": "grass", "variant": 8, "pos": [6, 8]}, "7;8": {"type": "grass", "variant": 8, "pos": [7, 8]}, "6;9": {"type": "grass", "variant": 8, "pos": [6, 9]}, "7;9": {"type": "grass", "variant": 8, "pos": [7, 9]}, "8;9": {"type": "grass", "variant": 8, "pos": [8, 9]}, "9;9": {"type": "grass", "variant": 8, "pos": [9, 9]}, "9;10": {"type": "grass", "variant": 8, "pos": [9, 10]}, "10;10": {"type": "grass", "variant": 8, "pos": [10, 10]}, "8;10": {"type": "grass", "variant": 8, "pos": [8, 10]}, "7;10": {"type": "grass", "variant": 8, "pos": [7, 10]}, "8;8": {"type": "grass", "variant": 8, "pos": [8, 8]}, "2;7": {"type": "grass", "variant": 5, "pos": [2, 7]}, "4;8": {"type": "grass", "variant": 6, "pos": [4, 8]}, "5;9": {"type": "grass", "variant": 6, "pos": [5, 9]}, "6;10": {"type": "grass", "variant": 6, "pos": [6, 10]}, "7;11": {"type": "grass", "variant": 6, "pos": [7, 11]}, "14;9": {"type": "grass", "variant": 0, "pos": [14, 9]}, "15;9": {"type": "grass", "variant": 8, "pos": [15, 9]}, "14;10": {"type": "grass", "variant": 7, "pos": [14, 10]}, "14;11": {"type": "grass", "variant": 6, "pos": [14, 11]}, "15;11": {"type": "grass", "variant": 5, "pos": [15, 11]}, "15;10": {"type": "grass", "variant": 8, "pos": [15, 10]}, "16;10": {"type": "grass", "variant": 8, "pos": [16, 10]}, "16;9": {"type": "grass", "variant": 8, "pos": [16, 9]}, "16;8": {"type": "grass", "variant": 8, "pos": [16, 8]}, "15;8": {"type": "grass", "variant": 0, "pos": [15, 8]}, "17;8": {"type": "grass", "variant": 8, "pos": [17, 8]}, "17;9": {"type": "grass", "variant": 8, "pos": [17, 9]}, "17;10": {"type": "grass", "variant": 8, "pos": [17, 10]}, "17;11": {"type": "grass", "variant": 5, "pos": [17, 11]}, "16;11": {"type": "grass", "variant": 5, "pos": [16, 11]}, "17;7": {"type": "grass", "variant": 8, "pos": [17, 7]}, "16;7": {"type": "grass", "variant": 0, "pos": [16, 7]}, "17;6": {"type": "grass", "variant": 7, "pos": [17, 6]}, "17;5": {"type": "grass", "variant": 0, "pos": [17, 5]}, "18;5": {"type": "grass", "variant": 1, "pos": [18, 5]}, "19;5": {"type": "grass", "variant": 1, "pos": [19, 5]}, "20;5": {"type": "grass", "variant": 1, "pos": [20, 5]}, "21;5": {"type": "grass", "variant": 1, "pos": [21, 5]}, "22;5": {"type": "grass", "variant": 1, "pos": [22, 5]}, "23;5": {"type": "grass", "variant": 2, "pos": [23, 5]}, "23;6": {"type": "grass", "variant": 3, "pos": [23, 6]}, "23;7": {"type": "grass", "variant": 3, "pos": [23, 7]}, "23;8": {"type": "grass", "variant": 3, "pos": [23, 8]}, "23;9": {"type": "grass", "variant": 3, "pos": [23, 9]}, "23;10": {"type": "grass", "variant": 3, "pos": [23, 10]}, "23;11": {"type": "grass", "variant": 4, "pos": [23, 11]}, "22;11": {"type": "grass", "variant": 5, "pos": [22, 11]}, "21;11": {"type": "grass", "variant": 5, "pos": [21, 11]}, "20;11": {"type": "grass", "variant": 5, "pos": [20, 11]}, "19;11": {"type": "grass", "variant": 5, "pos": [19, 11]}, "18;11": {"type": "grass", "variant": 5, "pos": [18, 11]}, "18;6": {"type": "grass", "variant": 8, "pos": [18, 6]}, "18;7": {"type": "grass", "variant": 8, "pos": [18, 7]}, "18;8": {"type": "grass", "variant": 8, "pos": [18, 8]}, "18;9": {"type": "grass", "variant": 8, "pos": [18, 9]}, "18;10": {"type": "grass", "variant": 8, "pos": [18, 10]}, "19;10": {"type": "grass", "variant": 8, "pos": [19, 10]}, "20;10": {"type": "grass", "variant": 8, "pos": [20, 10]}, "21;10": {"type": "grass", "variant": 8, "pos": [21, 10]}, "22;10": {"type": "grass", "variant": 8, "pos": [22, 10]}, "22;9": {"type": "grass", "variant": 8, "pos": [22, 9]}, "22;8": {"type": "grass", "variant": 8, "pos": [22, 8]}, "21;8": {"type": "grass", "variant": 8, "pos": [21, 8]}, "21;9": {"type": "grass", "variant": 8, "pos": [21, 9]}, "20;9": {"type": "grass", "variant": 8, "pos": [20, 9]}, "19;9": {"type": "grass", "variant": 8, "pos": [19, 9]}, "19;8": {"type": "grass", "variant": 8, "pos": [19, 8]}, "20;8": {"type": "grass", "variant": 8, "pos": [20, 8]}, "20;7": {"type": "grass", "variant": 8, "pos": [20, 7]}, "20;6": {"type": "grass", "variant": 8, "pos": [20, 6]}, "19;6": {"type": "grass", "variant": 8, "pos": [19, 6]}, "19;7": {"type": "grass", "variant": 8, "pos": [19, 7]}, "21;7": {"type": "grass", "variant": 8, "pos": [21, 7]}, "21;6": {"type": "grass", "variant": 8, "pos": [21, 6]}, "22;6": {"type": "grass", "variant": 8, "pos": [22, 6]}, "22;7": {"type": "grass", "variant": 8, "pos": [22, 7]}, "26;5": {"type": "grass", "variant": 0, "pos": [26, 5]}, "26;6": {"type": "grass", "variant": 7, "pos": [26, 6]}, "26;7": {"type": "grass", "variant": 7, "pos": [26, 7]}, "26;8": {"type": "grass", "variant": 7, "pos": [26, 8]}, "26;9": {"type": "grass", "variant": 6, "pos": [26, 9]}, "27;10": {"type": "grass", "variant": 6, "pos": [27, 10]}, "28;10": {"type": "grass", "variant": 8, "pos": [28, 10]}, "28;11": {"type": "grass", "variant": 6, "pos": [28, 11]}, "29;11": {"type": "grass", "variant": 8, "pos": [29, 11]}, "29;12": {"type": "grass", "variant": 6, "pos": [29, 12]}, "30;12": {"type": "grass", "variant": 5, "pos": [30, 12]}, "31;12": {"type": "grass", "variant": 5, "pos": [31, 12]}, "32;12": {"type": "grass", "variant": 5, "pos": [32, 12]}, "33;12": {"type": "grass", "variant": 5, "pos": [33, 12]}, "34;12": {"type": "grass", "variant": 5, "pos": [34, 12]}, "35;12": {"type": "grass", "variant": 5, "pos": [35, 12]}, "36;12": {"type": "grass", "variant": 5, "pos": [36, 12]}, "36;11": {"type": "grass", "variant": 8, "pos": [36, 11]}, "36;10": {"type": "grass", "variant": 1, "pos": [36, 10]}, "35;10": {"type": "grass", "variant": 1, "pos": [35, 10]}, "34;10": {"type": "grass", "variant": 1, "pos": [34, 10]}, "33;10": {"type": "grass", "variant": 1, "pos": [33, 10]}, "32;10": {"type": "grass", "variant": 1, "pos": [32, 10]}, "31;9": {"type": "grass", "variant": 2, "pos": [31, 9]}, "30;9": {"type": "grass", "variant": 8, "pos": [30, 9]}, "30;8": {"type": "grass", "variant": 2, "pos": [30, 8]}, "29;8": {"type": "grass", "variant": 8, "pos": [29, 8]}, "29;7": {"type": "grass", "variant": 2, "pos": [29, 7]}, "28;7": {"type": "grass", "variant": 8, "pos": [28, 7]}, "28;6": {"type": "grass", "variant": 2, "pos": [28, 6]}, "27;6": {"type": "grass", "variant": 8, "pos": [27, 6]}, "27;5": {"type": "grass", "variant": 2, "pos": [27, 5]}, "27;7": {"type": "grass", "variant": 8, "pos": [27, 7]}, "28;8": {"type": "grass", "variant": 8, "pos": [28, 8]}, "28;9": {"type": "grass", "variant": 8, "pos": [28, 9]}, "27;9": {"type": "grass", "variant": 8, "pos": [27, 9]}, "27;8": {"type": "grass", "variant": 8, "pos": [27, 8]}, "29;10": {"type": "grass", "variant": 8, "pos": [29, 10]}, "30;10": {"type": "grass", "variant": 8, "pos": [30, 10]}, "29;9": {"type": "grass", "variant": 8, "pos": [29, 9]}, "30;11": {"type": "grass", "variant": 8, "pos": [30, 11]}, "31;11": {"type": "grass", "variant": 8, "pos": [31, 11]}, "32;11": {"type": "grass", "variant": 8, "pos": [32, 11]}, "33;11": {"type": "grass", "variant": 8, "pos": [33, 11]}, "34;11": {"type": "grass", "variant": 8, "pos": [34, 11]}, "35;11": {"type": "grass", "variant": 8, "pos": [35, 11]}, "34;9": {"type": "spawners", "variant": 1, "pos": [34, 9]}, "35;9": {"type": "spawners", "variant": 1, "pos": [35, 9]}, "36;9": {"type": "spawners", "variant": 1, "pos": [36, 9]}, "37;9": {"type": "spawners", "variant": 1, "pos": [37, 9]}, "38;9": {"type": "spawners", "variant": 1, "pos": [38, 9]}, "39;9": {"type": "spawners", "variant": 1, "pos": [39, 9]}, "37;10": {"type": "grass", "variant": 1, "pos": [37, 10]}, "38;10": {"type": "grass", "variant": 1, "pos": [38, 10]}, "39;10": {"type": "grass", "variant": 1, "pos": [39, 10]}, "40;10": {"type": "grass", "variant": 1, "pos": [40, 10]}, "41;10": {"type": "grass", "variant": 2, "pos": [41, 10]}, "41;11": {"type": "grass", "variant": 3, "pos": [41, 11]}, "41;12": {"type": "grass", "variant": 4, "pos": [41, 12]}, "40;12": {"type": "grass", "variant": 5, "pos": [40, 12]}, "39;12": {"type": "grass", "variant": 5, "pos": [39, 12]}, "38;12": {"type": "grass", "variant": 5, "pos": [38, 12]}, "37;12": {"type": "grass", "variant": 5, "pos": [37, 12]}, "37;11": {"type": "grass", "variant": 8, "pos": [37, 11]}, "38;11": {"type": "grass", "variant": 8, "pos": [38, 11]}, "39;11": {"type": "grass", "variant": 8, "pos": [39, 11]}, "40;11": {"type": "grass", "variant": 8, "pos": [40, 11]}, "45;10": {"type": "grass", "variant": 0, "pos": [45, 10]}, "45;11": {"type": "grass", "variant": 7, "pos": [45, 11]}, "45;12": {"type": "grass", "variant": 6, "pos": [45, 12]}, "46;12": {"type": "grass", "variant": 5, "pos": [46, 12]}, "47;12": {"type": "grass", "variant": 5, "pos": [47, 12]}, "48;12": {"type": "grass", "variant": 5, "pos": [48, 12]}, "49;12": {"type": "grass", "variant": 5, "pos": [49, 12]}, "50;12": {"type": "grass", "variant": 4, "pos": [50, 12]}, "50;11": {"type": "grass", "variant": 3, "pos": [50, 11]}, "50;10": {"type": "grass", "variant": 3, "pos": [50, 10]}, "49;10": {"type": "grass", "variant": 8, "pos": [49, 10]}, "47;10": {"type": "grass", "variant": 8, "pos": [47, 10]}, "47;11": {"type": "grass", "variant": 8, "pos": [47, 11]}, "46;11": {"type": "grass", "variant": 8, "pos": [46, 11]}, "46;10": {"type": "Extra", "variant": 3, "pos": [46, 10]}, "48;10": {"type": "grass", "variant": 8, "pos": [48, 10]}, "48;11": {"type": "grass", "variant": 8, "pos": [48, 11]}, "49;11": {"type": "grass", "variant": 8, "pos": [49, 11]}, "48;9": {"type": "grass", "variant": 8, "pos": [48, 9]}, "49;9": {"type": "grass", "variant": 8, "pos": [49, 9]}, "49;8": {"type": "grass", "variant": 8, "pos": [49, 8]}, "50;8": {"type": "grass", "variant": 3, "pos": [50, 8]}, "50;9": {"type": "grass", "variant": 3, "pos": [50, 9]}, "50;7": {"type": "grass", "variant": 3, "pos": [50, 7]}, "50;6": {"type": "grass", "variant": 2, "pos": [50, 6]}, "49;7": {"type": "Extra", "variant": 3, "pos": [49, 7]}, "49;6": {"type": "Ramps_grass", "variant": 0, "pos": [49, 6]}, "48;8": {"type": "Extra", "variant": 3, "pos": [48, 8]}, "47;8": {"type": "Ramps_grass", "variant": 0, "pos": [47, 8]}, "47;9": {"type": "Extra", "variant": 3, "pos": [47, 9]}, "48;7": {"type": "Ramps_grass", "variant": 0, "pos": [48, 7]}, "46;9": {"type": "Ramps_grass", "variant": 0, "pos": [46, 9]}, "56;0": {"type": "grass", "variant": 0, "pos": [56, 0]}, "56;1": {"type": "grass", "variant": 7, "pos": [56, 1]}, "56;2": {"type": "grass", "variant": 7, "pos": [56, 2]}, "56;3": {"type": "grass", "variant": 7, "pos": [56, 3]}, "56;4": {"type": "grass", "variant": 6, "pos": [56, 4]}, "57;4": {"type": "grass", "variant": 5, "pos": [57, 4]}, "58;4": {"type": "grass", "variant": 5, "pos": [58, 4]}, "59;4": {"type": "grass", "variant": 2, "pos": [59, 4]}, "57;3": {"type": "grass", "variant": 8, "pos": [57, 3]}, "57;2": {"type": "grass", "variant": 2, "pos": [57, 2]}, "58;3": {"type": "grass", "variant": 2, "pos": [58, 3]}, "52;-1": {"type": "grass", "variant": 4, "pos": [52, -1]}, "51;-1": {"type": "grass", "variant": 5, "pos": [51, -1]}, "52;-2": {"type": "grass", "variant": 3, "pos": [52, -2]}, "52;-3": {"type": "grass", "variant": 3, "pos": [52, -3]}, "52;-4": {"type": "grass", "variant": 3, "pos": [52, -4]}, "52;-5": {"type": "grass", "variant": 0, "pos": [52, -5]}, "51;-4": {"type": "grass", "variant": 0, "pos": [51, -4]}, "51;-3": {"type": "grass", "variant": 8, "pos": [51, -3]}, "51;-2": {"type": "grass", "variant": 8, "pos": [51, -2]}, "50;-1": {"type": "grass", "variant": 6, "pos": [50, -1]}, "50;-2": {"type": "grass", "variant": 7, "pos": [50, -2]}, "50;-3": {"type": "grass", "variant": 0, "pos": [50, -3]}, "56;-7": {"type": "grass", "variant": 6, "pos": [56, -7]}, "56;-8": {"type": "grass", "variant": 7, "pos": [56, -8]}, "56;-9": {"type": "grass", "variant": 7, "pos": [56, -9]}, "56;-10": {"type": "grass", "variant": 7, "pos": [56, -10]}, "56;-11": {"type": "grass", "variant": 7, "pos": [56, -11]}, "56;-12": {"type": "grass", "variant": 0, "pos": [56, -12]}, "57;-9": {"type": "grass", "variant": 3, "pos": [57, -9]}, "57;-8": {"type": "grass", "variant": 8, "pos": [57, -8]}, "57;-7": {"type": "grass", "variant": 5, "pos": [57, -7]}, "58;-7": {"type": "grass", "variant": 5, "pos": [58, -7]}, "57;-10": {"type": "grass", "variant": 2, "pos": [57, -10]}, "58;-8": {"type": "grass", "variant": 2, "pos": [58, -8]}, "59;-7": {"type": "grass", "variant": 2, "pos": [59, -7]}, "51;-13": {"type": "grass", "variant": 2, "pos": [51, -13]}, "50;-13": {"type": "grass", "variant": 1, "pos": [50, -13]}, "49;-13": {"type": "grass", "variant": 1, "pos": [49, -13]}, "48;-13": {"type": "grass", "variant": 1, "pos": [48, -13]}, "47;-13": {"type": "grass", "variant": 1, "pos": [47, -13]}, "46;-13": {"type": "grass", "variant": 1, "pos": [46, -13]}, "45;-13": {"type": "grass", "variant": 1, "pos": [45, -13]}, "44;-13": {"type": "grass", "variant": 1, "pos": [44, -13]}, "43;-13": {"type": "grass", "variant": 1, "pos": [43, -13]}, "43;-12": {"type": "grass", "variant": 8, "pos": [43, -12]}, "44;-12": {"type": "grass", "variant": 8, "pos": [44, -12]}, "45;-12": {"type": "grass", "variant": 8, "pos": [45, -12]}, "46;-12": {"type": "grass", "variant": 8, "pos": [46, -12]}, "47;-12": {"type": "grass", "variant": 8, "pos": [47, -12]}, "48;-12": {"type": "grass", "variant": 8, "pos": [48, -12]}, "49;-12": {"type": "grass", "variant": 4, "pos": [49, -12]}, "48;-11": {"type": "grass", "variant": 4, "pos": [48, -11]}, "47;-11": {"type": "grass", "variant": 5, "pos": [47, -11]}, "46;-11": {"type": "grass", "variant": 5, "pos": [46, -11]}, "45;-11": {"type": "grass", "variant": 5, "pos": [45, -11]}, "44;-11": {"type": "grass", "variant": 5, "pos": [44, -11]}, "43;-11": {"type": "grass", "variant": 5, "pos": [43, -11]}, "42;-11": {"type": "grass", "variant": 5, "pos": [42, -11]}, "42;-12": {"type": "grass", "variant": 8, "pos": [42, -12]}, "42;-13": {"type": "grass", "variant": 1, "pos": [42, -13]}, "41;-13": {"type": "grass", "variant": 1, "pos": [41, -13]}, "40;-13": {"type": "grass", "variant": 1, "pos": [40, -13]}, "39;-13": {"type": "grass", "variant": 1, "pos": [39, -13]}, "39;-12": {"type": "grass", "variant": 8, "pos": [39, -12]}, "39;-11": {"type": "grass", "variant": 6, "pos": [39, -11]}, "40;-11": {"type": "grass", "variant": 5, "pos": [40, -11]}, "41;-11": {"type": "grass", "variant": 5, "pos": [41, -11]}, "40;-12": {"type": "grass", "variant": 8, "pos": [40, -12]}, "41;-12": {"type": "grass", "variant": 8, "pos": [41, -12]}, "38;-12": {"type": "grass", "variant": 5, "pos": [38, -12]}, "37;-12": {"type": "grass", "variant": 6, "pos": [37, -12]}, "37;-13": {"type": "grass", "variant": 1, "pos": [37, -13]}, "38;-13": {"type": "grass", "variant": 1, "pos": [38, -13]}, "36;-13": {"type": "grass", "variant": 0, "pos": [36, -13]}, "49;-14": {"type": "spawners", "variant": 1, "pos": [49, -14]}, "46;-14": {"type": "spawners", "variant": 1, "pos": [46, -14]}, "45;-14": {"type": "spawners", "variant": 1, "pos": [45, -14]}, "42;-14": {"type": "spawners", "variant": 1, "pos": [42, -14]}, "6;3": {"type": "large_decor", "variant": 2, "pos": [6, 3]}, "31;10": {"type": "grass", "variant": 8, "pos": [31, 10]}}, "tile_size": 16, "offgrid": [{"type": "large_decor", "variant": 0, "pos": [278.5, 74.0]}, {"type": "large_decor", "variant": 1, "pos": [298.0, 72.0]}, {"type": "large_decor", "variant": 2, "pos": [310.0, 46.5]}, {"type": "spawners", "variant": 1, "pos": [263.5, 97.0]}, {"type": "spawners", "variant": 1, "pos": [358.5, 65.0]}, {"type": "large_decor", "variant": 1, "pos": [88.5, 69.0]}, {"type": "large_decor", "variant": 1, "pos": [423.5, 71.5]}, {"type": "large_decor", "variant": 2, "pos": [508.5, 116.5]}]}