{"tilemap": {"3;7": {"type": "grass", "variant": 0, "pos": [3, 7]}, "4;7": {"type": "grass", "variant": 1, "pos": [4, 7]}, "5;7": {"type": "grass", "variant": 1, "pos": [5, 7]}, "6;7": {"type": "grass", "variant": 1, "pos": [6, 7]}, "7;7": {"type": "grass", "variant": 1, "pos": [7, 7]}, "8;7": {"type": "grass", "variant": 1, "pos": [8, 7]}, "9;7": {"type": "grass", "variant": 1, "pos": [9, 7]}, "10;7": {"type": "grass", "variant": 1, "pos": [10, 7]}, "11;7": {"type": "grass", "variant": 1, "pos": [11, 7]}, "12;7": {"type": "grass", "variant": 1, "pos": [12, 7]}, "13;7": {"type": "grass", "variant": 1, "pos": [13, 7]}, "14;7": {"type": "grass", "variant": 1, "pos": [14, 7]}, "15;7": {"type": "grass", "variant": 1, "pos": [15, 7]}, "16;7": {"type": "grass", "variant": 1, "pos": [16, 7]}, "17;7": {"type": "grass", "variant": 1, "pos": [17, 7]}, "18;7": {"type": "grass", "variant": 1, "pos": [18, 7]}, "19;7": {"type": "grass", "variant": 1, "pos": [19, 7]}, "20;7": {"type": "grass", "variant": 1, "pos": [20, 7]}, "21;7": {"type": "grass", "variant": 1, "pos": [21, 7]}, "22;7": {"type": "grass", "variant": 1, "pos": [22, 7]}, "23;7": {"type": "grass", "variant": 1, "pos": [23, 7]}, "24;7": {"type": "grass", "variant": 1, "pos": [24, 7]}, "25;7": {"type": "grass", "variant": 1, "pos": [25, 7]}, "26;7": {"type": "grass", "variant": 1, "pos": [26, 7]}, "27;7": {"type": "grass", "variant": 1, "pos": [27, 7]}, "28;7": {"type": "grass", "variant": 2, "pos": [28, 7]}, "26;8": {"type": "grass", "variant": 3, "pos": [26, 8]}, "25;8": {"type": "grass", "variant": 8, "pos": [25, 8]}, "24;8": {"type": "grass", "variant": 8, "pos": [24, 8]}, "23;8": {"type": "grass", "variant": 8, "pos": [23, 8]}, "22;8": {"type": "grass", "variant": 8, "pos": [22, 8]}, "21;8": {"type": "grass", "variant": 8, "pos": [21, 8]}, "20;8": {"type": "grass", "variant": 8, "pos": [20, 8]}, "19;8": {"type": "grass", "variant": 8, "pos": [19, 8]}, "18;8": {"type": "grass", "variant": 8, "pos": [18, 8]}, "17;8": {"type": "grass", "variant": 8, "pos": [17, 8]}, "16;8": {"type": "grass", "variant": 8, "pos": [16, 8]}, "15;8": {"type": "grass", "variant": 8, "pos": [15, 8]}, "14;8": {"type": "grass", "variant": 8, "pos": [14, 8]}, "13;8": {"type": "grass", "variant": 8, "pos": [13, 8]}, "12;8": {"type": "grass", "variant": 8, "pos": [12, 8]}, "11;8": {"type": "grass", "variant": 8, "pos": [11, 8]}, "10;8": {"type": "grass", "variant": 8, "pos": [10, 8]}, "9;8": {"type": "grass", "variant": 8, "pos": [9, 8]}, "8;8": {"type": "grass", "variant": 8, "pos": [8, 8]}, "7;8": {"type": "grass", "variant": 8, "pos": [7, 8]}, "6;8": {"type": "grass", "variant": 8, "pos": [6, 8]}, "5;8": {"type": "grass", "variant": 5, "pos": [5, 8]}, "4;8": {"type": "grass", "variant": 6, "pos": [4, 8]}, "6;9": {"type": "grass", "variant": 6, "pos": [6, 9]}, "7;9": {"type": "grass", "variant": 5, "pos": [7, 9]}, "8;9": {"type": "grass", "variant": 5, "pos": [8, 9]}, "9;9": {"type": "grass", "variant": 5, "pos": [9, 9]}, "10;9": {"type": "grass", "variant": 5, "pos": [10, 9]}, "11;9": {"type": "grass", "variant": 5, "pos": [11, 9]}, "12;9": {"type": "grass", "variant": 5, "pos": [12, 9]}, "13;9": {"type": "grass", "variant": 5, "pos": [13, 9]}, "14;9": {"type": "grass", "variant": 5, "pos": [14, 9]}, "15;9": {"type": "grass", "variant": 5, "pos": [15, 9]}, "16;9": {"type": "grass", "variant": 5, "pos": [16, 9]}, "17;9": {"type": "grass", "variant": 5, "pos": [17, 9]}, "18;9": {"type": "grass", "variant": 5, "pos": [18, 9]}, "19;9": {"type": "grass", "variant": 5, "pos": [19, 9]}, "20;9": {"type": "grass", "variant": 5, "pos": [20, 9]}, "21;9": {"type": "grass", "variant": 5, "pos": [21, 9]}, "22;9": {"type": "grass", "variant": 5, "pos": [22, 9]}, "23;9": {"type": "grass", "variant": 5, "pos": [23, 9]}, "24;9": {"type": "grass", "variant": 5, "pos": [24, 9]}, "25;9": {"type": "grass", "variant": 5, "pos": [25, 9]}, "26;9": {"type": "grass", "variant": 4, "pos": [26, 9]}, "3;6": {"type": "spawners", "variant": 0, "pos": [3, 6]}}, "tile_size": 16, "offgrid": []}