{"tilemap": {"3;6": {"type": "grass", "variant": 1, "pos": [3, 6]}, "4;6": {"type": "grass", "variant": 1, "pos": [4, 6]}, "5;6": {"type": "grass", "variant": 2, "pos": [5, 6]}, "5;7": {"type": "grass", "variant": 8, "pos": [5, 7]}, "5;8": {"type": "grass", "variant": 8, "pos": [5, 8]}, "4;8": {"type": "grass", "variant": 8, "pos": [4, 8]}, "4;7": {"type": "grass", "variant": 8, "pos": [4, 7]}, "6;8": {"type": "grass", "variant": 8, "pos": [6, 8]}, "6;7": {"type": "grass", "variant": 2, "pos": [6, 7]}, "7;8": {"type": "grass", "variant": 2, "pos": [7, 8]}, "3;7": {"type": "grass", "variant": 8, "pos": [3, 7]}, "2;7": {"type": "grass", "variant": 7, "pos": [2, 7]}, "2;6": {"type": "grass", "variant": 1, "pos": [2, 6]}, "1;6": {"type": "grass", "variant": 0, "pos": [1, 6]}, "3;8": {"type": "grass", "variant": 8, "pos": [3, 8]}, "2;8": {"type": "grass", "variant": 6, "pos": [2, 8]}, "3;9": {"type": "Extra_grass", "variant": 6, "pos": [3, 9]}, "4;9": {"type": "grass", "variant": 5, "pos": [4, 9]}, "5;9": {"type": "grass", "variant": 5, "pos": [5, 9]}, "6;9": {"type": "grass", "variant": 5, "pos": [6, 9]}, "7;9": {"type": "grass", "variant": 5, "pos": [7, 9]}, "8;9": {"type": "grass", "variant": 2, "pos": [8, 9]}, "11;9": {"type": "grass", "variant": 0, "pos": [11, 9]}, "12;9": {"type": "grass", "variant": 5, "pos": [12, 9]}, "12;8": {"type": "grass", "variant": 0, "pos": [12, 8]}, "13;8": {"type": "grass", "variant": 8, "pos": [13, 8]}, "13;9": {"type": "grass", "variant": 5, "pos": [13, 9]}, "13;7": {"type": "grass", "variant": 0, "pos": [13, 7]}, "14;7": {"type": "grass", "variant": 8, "pos": [14, 7]}, "14;8": {"type": "grass", "variant": 8, "pos": [14, 8]}, "14;6": {"type": "grass", "variant": 0, "pos": [14, 6]}, "15;6": {"type": "grass", "variant": 1, "pos": [15, 6]}, "16;6": {"type": "grass", "variant": 1, "pos": [16, 6]}, "17;6": {"type": "grass", "variant": 1, "pos": [17, 6]}, "18;6": {"type": "grass", "variant": 8, "pos": [18, 6]}, "19;6": {"type": "grass", "variant": 8, "pos": [19, 6]}, "20;6": {"type": "grass", "variant": 8, "pos": [20, 6]}, "21;6": {"type": "grass", "variant": 8, "pos": [21, 6]}, "22;6": {"type": "grass", "variant": 3, "pos": [22, 6]}, "22;7": {"type": "grass", "variant": 4, "pos": [22, 7]}, "21;7": {"type": "grass", "variant": 5, "pos": [21, 7]}, "20;7": {"type": "grass", "variant": 5, "pos": [20, 7]}, "19;7": {"type": "grass", "variant": 8, "pos": [19, 7]}, "18;7": {"type": "grass", "variant": 8, "pos": [18, 7]}, "17;7": {"type": "grass", "variant": 8, "pos": [17, 7]}, "16;7": {"type": "grass", "variant": 8, "pos": [16, 7]}, "15;7": {"type": "grass", "variant": 8, "pos": [15, 7]}, "17;8": {"type": "grass", "variant": 5, "pos": [17, 8]}, "16;8": {"type": "grass", "variant": 8, "pos": [16, 8]}, "16;9": {"type": "Extra_grass", "variant": 5, "pos": [16, 9]}, "15;9": {"type": "grass", "variant": 5, "pos": [15, 9]}, "14;9": {"type": "grass", "variant": 5, "pos": [14, 9]}, "15;8": {"type": "grass", "variant": 8, "pos": [15, 8]}, "19;8": {"type": "Extra_grass", "variant": 5, "pos": [19, 8]}, "18;8": {"type": "grass", "variant": 5, "pos": [18, 8]}, "24;6": {"type": "grass", "variant": 7, "pos": [24, 6]}, "24;7": {"type": "grass", "variant": 6, "pos": [24, 7]}, "25;7": {"type": "grass", "variant": 5, "pos": [25, 7]}, "26;7": {"type": "grass", "variant": 5, "pos": [26, 7]}, "27;7": {"type": "grass", "variant": 8, "pos": [27, 7]}, "28;7": {"type": "grass", "variant": 8, "pos": [28, 7]}, "29;7": {"type": "grass", "variant": 8, "pos": [29, 7]}, "30;7": {"type": "grass", "variant": 8, "pos": [30, 7]}, "30;8": {"type": "grass", "variant": 8, "pos": [30, 8]}, "30;9": {"type": "grass", "variant": 8, "pos": [30, 9]}, "31;9": {"type": "grass", "variant": 8, "pos": [31, 9]}, "32;9": {"type": "grass", "variant": 8, "pos": [32, 9]}, "33;9": {"type": "grass", "variant": 8, "pos": [33, 9]}, "33;10": {"type": "grass", "variant": 8, "pos": [33, 10]}, "34;10": {"type": "grass", "variant": 8, "pos": [34, 10]}, "34;11": {"type": "grass", "variant": 8, "pos": [34, 11]}, "35;11": {"type": "grass", "variant": 8, "pos": [35, 11]}, "35;12": {"type": "grass", "variant": 5, "pos": [35, 12]}, "36;12": {"type": "grass", "variant": 5, "pos": [36, 12]}, "37;12": {"type": "grass", "variant": 8, "pos": [37, 12]}, "37;13": {"type": "Extra_grass", "variant": 6, "pos": [37, 13]}, "38;13": {"type": "grass", "variant": 8, "pos": [38, 13]}, "38;14": {"type": "grass", "variant": 6, "pos": [38, 14]}, "39;14": {"type": "grass", "variant": 5, "pos": [39, 14]}, "40;14": {"type": "grass", "variant": 5, "pos": [40, 14]}, "41;14": {"type": "grass", "variant": 5, "pos": [41, 14]}, "42;14": {"type": "grass", "variant": 5, "pos": [42, 14]}, "43;14": {"type": "grass", "variant": 4, "pos": [43, 14]}, "43;13": {"type": "grass", "variant": 2, "pos": [43, 13]}, "42;13": {"type": "grass", "variant": 1, "pos": [42, 13]}, "41;13": {"type": "Extra", "variant": 0, "pos": [41, 13]}, "41;12": {"type": "Ramps_grass", "variant": 2, "pos": [41, 12]}, "40;12": {"type": "Extra", "variant": 0, "pos": [40, 12]}, "40;11": {"type": "Ramps_grass", "variant": 2, "pos": [40, 11]}, "39;11": {"type": "Extra", "variant": 0, "pos": [39, 11]}, "39;10": {"type": "Ramps_grass", "variant": 2, "pos": [39, 10]}, "38;10": {"type": "Extra", "variant": 0, "pos": [38, 10]}, "38;9": {"type": "Ramps_grass", "variant": 2, "pos": [38, 9]}, "37;9": {"type": "Extra", "variant": 0, "pos": [37, 9]}, "37;8": {"type": "Ramps_grass", "variant": 2, "pos": [37, 8]}, "36;8": {"type": "Extra", "variant": 0, "pos": [36, 8]}, "36;7": {"type": "Ramps_grass", "variant": 2, "pos": [36, 7]}, "35;7": {"type": "Extra", "variant": 0, "pos": [35, 7]}, "35;6": {"type": "Ramps_grass", "variant": 2, "pos": [35, 6]}, "34;6": {"type": "grass", "variant": 1, "pos": [34, 6]}, "33;5": {"type": "grass", "variant": 3, "pos": [33, 5]}, "33;4": {"type": "grass", "variant": 2, "pos": [33, 4]}, "32;4": {"type": "grass", "variant": 1, "pos": [32, 4]}, "32;5": {"type": "grass", "variant": 8, "pos": [32, 5]}, "31;5": {"type": "grass", "variant": 8, "pos": [31, 5]}, "31;6": {"type": "grass", "variant": 8, "pos": [31, 6]}, "30;6": {"type": "grass", "variant": 8, "pos": [30, 6]}, "29;6": {"type": "grass", "variant": 8, "pos": [29, 6]}, "28;6": {"type": "grass", "variant": 8, "pos": [28, 6]}, "28;5": {"type": "grass", "variant": 8, "pos": [28, 5]}, "27;5": {"type": "grass", "variant": 8, "pos": [27, 5]}, "27;4": {"type": "grass", "variant": 1, "pos": [27, 4]}, "26;4": {"type": "grass", "variant": 1, "pos": [26, 4]}, "25;4": {"type": "grass", "variant": 1, "pos": [25, 4]}, "24;4": {"type": "grass", "variant": 0, "pos": [24, 4]}, "24;5": {"type": "grass", "variant": 7, "pos": [24, 5]}, "25;6": {"type": "grass", "variant": 8, "pos": [25, 6]}, "26;6": {"type": "grass", "variant": 8, "pos": [26, 6]}, "27;6": {"type": "grass", "variant": 8, "pos": [27, 6]}, "26;5": {"type": "grass", "variant": 8, "pos": [26, 5]}, "25;5": {"type": "grass", "variant": 8, "pos": [25, 5]}, "29;5": {"type": "grass", "variant": 8, "pos": [29, 5]}, "30;5": {"type": "grass", "variant": 8, "pos": [30, 5]}, "30;4": {"type": "grass", "variant": 1, "pos": [30, 4]}, "31;4": {"type": "grass", "variant": 1, "pos": [31, 4]}, "29;4": {"type": "grass", "variant": 1, "pos": [29, 4]}, "28;4": {"type": "grass", "variant": 1, "pos": [28, 4]}, "32;6": {"type": "grass", "variant": 8, "pos": [32, 6]}, "32;7": {"type": "grass", "variant": 8, "pos": [32, 7]}, "33;7": {"type": "grass", "variant": 8, "pos": [33, 7]}, "34;7": {"type": "grass", "variant": 8, "pos": [34, 7]}, "33;6": {"type": "grass", "variant": 8, "pos": [33, 6]}, "31;7": {"type": "grass", "variant": 8, "pos": [31, 7]}, "31;8": {"type": "grass", "variant": 8, "pos": [31, 8]}, "32;8": {"type": "grass", "variant": 8, "pos": [32, 8]}, "33;8": {"type": "grass", "variant": 8, "pos": [33, 8]}, "34;8": {"type": "grass", "variant": 8, "pos": [34, 8]}, "35;8": {"type": "grass", "variant": 8, "pos": [35, 8]}, "36;9": {"type": "grass", "variant": 8, "pos": [36, 9]}, "35;9": {"type": "grass", "variant": 8, "pos": [35, 9]}, "34;9": {"type": "grass", "variant": 8, "pos": [34, 9]}, "36;11": {"type": "grass", "variant": 8, "pos": [36, 11]}, "37;11": {"type": "grass", "variant": 8, "pos": [37, 11]}, "38;11": {"type": "grass", "variant": 8, "pos": [38, 11]}, "38;12": {"type": "grass", "variant": 8, "pos": [38, 12]}, "40;13": {"type": "grass", "variant": 8, "pos": [40, 13]}, "39;13": {"type": "grass", "variant": 8, "pos": [39, 13]}, "39;12": {"type": "grass", "variant": 8, "pos": [39, 12]}, "36;10": {"type": "grass", "variant": 8, "pos": [36, 10]}, "37;10": {"type": "grass", "variant": 8, "pos": [37, 10]}, "35;10": {"type": "grass", "variant": 8, "pos": [35, 10]}, "22;5": {"type": "grass", "variant": 3, "pos": [22, 5]}, "22;4": {"type": "grass", "variant": 2, "pos": [22, 4]}, "21;4": {"type": "grass", "variant": 1, "pos": [21, 4]}, "20;4": {"type": "grass", "variant": 0, "pos": [20, 4]}, "20;5": {"type": "grass", "variant": 8, "pos": [20, 5]}, "21;5": {"type": "grass", "variant": 8, "pos": [21, 5]}, "19;5": {"type": "grass", "variant": 1, "pos": [19, 5]}, "18;5": {"type": "grass", "variant": 0, "pos": [18, 5]}, "27;8": {"type": "Extra_grass", "variant": 6, "pos": [27, 8]}, "27;9": {"type": "grass", "variant": 6, "pos": [27, 9]}, "28;9": {"type": "grass", "variant": 8, "pos": [28, 9]}, "29;9": {"type": "grass", "variant": 8, "pos": [29, 9]}, "29;10": {"type": "grass", "variant": 8, "pos": [29, 10]}, "28;10": {"type": "grass", "variant": 7, "pos": [28, 10]}, "28;11": {"type": "grass", "variant": 6, "pos": [28, 11]}, "29;11": {"type": "grass", "variant": 5, "pos": [29, 11]}, "30;11": {"type": "grass", "variant": 8, "pos": [30, 11]}, "31;11": {"type": "grass", "variant": 8, "pos": [31, 11]}, "32;11": {"type": "grass", "variant": 8, "pos": [32, 11]}, "33;11": {"type": "grass", "variant": 8, "pos": [33, 11]}, "28;8": {"type": "grass", "variant": 8, "pos": [28, 8]}, "29;8": {"type": "grass", "variant": 8, "pos": [29, 8]}, "32;10": {"type": "grass", "variant": 8, "pos": [32, 10]}, "31;10": {"type": "grass", "variant": 8, "pos": [31, 10]}, "30;10": {"type": "grass", "variant": 8, "pos": [30, 10]}, "1;5": {"type": "spawners", "variant": 0, "pos": [1, 5]}, "15;5": {"type": "spawners", "variant": 1, "pos": [15, 5]}, "25;3": {"type": "spawners", "variant": 1, "pos": [25, 3]}, "27;3": {"type": "spawners", "variant": 1, "pos": [27, 3]}, "30;3": {"type": "spawners", "variant": 1, "pos": [30, 3]}, "32;3": {"type": "spawners", "variant": 1, "pos": [32, 3]}, "9;13": {"type": "grass", "variant": 0, "pos": [9, 13]}, "10;13": {"type": "grass", "variant": 1, "pos": [10, 13]}, "11;13": {"type": "grass", "variant": 1, "pos": [11, 13]}, "12;13": {"type": "grass", "variant": 1, "pos": [12, 13]}, "13;13": {"type": "grass", "variant": 1, "pos": [13, 13]}, "14;13": {"type": "grass", "variant": 2, "pos": [14, 13]}, "14;14": {"type": "grass", "variant": 3, "pos": [14, 14]}, "13;14": {"type": "grass", "variant": 8, "pos": [13, 14]}, "12;14": {"type": "grass", "variant": 8, "pos": [12, 14]}, "11;14": {"type": "grass", "variant": 8, "pos": [11, 14]}, "11;15": {"type": "grass", "variant": 8, "pos": [11, 15]}, "10;15": {"type": "grass", "variant": 6, "pos": [10, 15]}, "10;14": {"type": "grass", "variant": 8, "pos": [10, 14]}, "12;15": {"type": "grass", "variant": 8, "pos": [12, 15]}, "13;15": {"type": "grass", "variant": 8, "pos": [13, 15]}, "9;14": {"type": "grass", "variant": 6, "pos": [9, 14]}, "14;15": {"type": "grass", "variant": 3, "pos": [14, 15]}, "14;16": {"type": "grass", "variant": 4, "pos": [14, 16]}, "13;16": {"type": "grass", "variant": 5, "pos": [13, 16]}, "12;16": {"type": "grass", "variant": 5, "pos": [12, 16]}, "16;14": {"type": "grass", "variant": 0, "pos": [16, 14]}, "16;15": {"type": "grass", "variant": 7, "pos": [16, 15]}, "16;16": {"type": "grass", "variant": 7, "pos": [16, 16]}, "16;17": {"type": "grass", "variant": 7, "pos": [16, 17]}, "16;18": {"type": "grass", "variant": 6, "pos": [16, 18]}, "17;18": {"type": "grass", "variant": 8, "pos": [17, 18]}, "17;19": {"type": "Extra_grass", "variant": 6, "pos": [17, 19]}, "18;19": {"type": "grass", "variant": 8, "pos": [18, 19]}, "19;20": {"type": "grass", "variant": 5, "pos": [19, 20]}, "22;20": {"type": "grass", "variant": 5, "pos": [22, 20]}, "23;20": {"type": "Extra_grass", "variant": 5, "pos": [23, 20]}, "23;19": {"type": "grass", "variant": 8, "pos": [23, 19]}, "24;19": {"type": "Extra_grass", "variant": 5, "pos": [24, 19]}, "24;18": {"type": "grass", "variant": 8, "pos": [24, 18]}, "25;18": {"type": "Extra_grass", "variant": 5, "pos": [25, 18]}, "25;17": {"type": "grass", "variant": 8, "pos": [25, 17]}, "26;17": {"type": "grass", "variant": 4, "pos": [26, 17]}, "26;16": {"type": "grass", "variant": 2, "pos": [26, 16]}, "25;16": {"type": "grass", "variant": 1, "pos": [25, 16]}, "24;16": {"type": "grass", "variant": 1, "pos": [24, 16]}, "23;16": {"type": "grass", "variant": 1, "pos": [23, 16]}, "22;16": {"type": "grass", "variant": 1, "pos": [22, 16]}, "21;16": {"type": "grass", "variant": 1, "pos": [21, 16]}, "20;16": {"type": "grass", "variant": 1, "pos": [20, 16]}, "19;16": {"type": "grass", "variant": 1, "pos": [19, 16]}, "18;16": {"type": "grass", "variant": 8, "pos": [18, 16]}, "18;15": {"type": "grass", "variant": 2, "pos": [18, 15]}, "17;15": {"type": "grass", "variant": 1, "pos": [17, 15]}, "17;16": {"type": "grass", "variant": 8, "pos": [17, 16]}, "17;17": {"type": "grass", "variant": 8, "pos": [17, 17]}, "18;18": {"type": "grass", "variant": 8, "pos": [18, 18]}, "19;18": {"type": "grass", "variant": 8, "pos": [19, 18]}, "20;18": {"type": "grass", "variant": 8, "pos": [20, 18]}, "21;18": {"type": "grass", "variant": 8, "pos": [21, 18]}, "22;18": {"type": "grass", "variant": 8, "pos": [22, 18]}, "23;18": {"type": "grass", "variant": 8, "pos": [23, 18]}, "24;17": {"type": "grass", "variant": 8, "pos": [24, 17]}, "23;17": {"type": "grass", "variant": 8, "pos": [23, 17]}, "22;17": {"type": "grass", "variant": 8, "pos": [22, 17]}, "21;17": {"type": "grass", "variant": 8, "pos": [21, 17]}, "20;17": {"type": "grass", "variant": 8, "pos": [20, 17]}, "19;17": {"type": "grass", "variant": 8, "pos": [19, 17]}, "18;17": {"type": "grass", "variant": 8, "pos": [18, 17]}, "19;19": {"type": "grass", "variant": 8, "pos": [19, 19]}, "20;19": {"type": "grass", "variant": 8, "pos": [20, 19]}, "21;19": {"type": "grass", "variant": 8, "pos": [21, 19]}, "22;19": {"type": "grass", "variant": 8, "pos": [22, 19]}, "20;20": {"type": "grass", "variant": 5, "pos": [20, 20]}, "21;20": {"type": "grass", "variant": 5, "pos": [21, 20]}, "20;15": {"type": "spawners", "variant": 1, "pos": [20, 15]}, "23;15": {"type": "spawners", "variant": 1, "pos": [23, 15]}, "24;15": {"type": "spawners", "variant": 1, "pos": [24, 15]}, "14;12": {"type": "spawners", "variant": 1, "pos": [14, 12]}, "30;18": {"type": "grass", "variant": 7, "pos": [30, 18]}, "30;17": {"type": "grass", "variant": 0, "pos": [30, 17]}, "30;19": {"type": "grass", "variant": 7, "pos": [30, 19]}, "30;20": {"type": "grass", "variant": 6, "pos": [30, 20]}, "31;20": {"type": "grass", "variant": 8, "pos": [31, 20]}, "32;20": {"type": "grass", "variant": 8, "pos": [32, 20]}, "33;20": {"type": "grass", "variant": 8, "pos": [33, 20]}, "34;20": {"type": "grass", "variant": 1, "pos": [34, 20]}, "35;20": {"type": "grass", "variant": 1, "pos": [35, 20]}, "36;20": {"type": "grass", "variant": 1, "pos": [36, 20]}, "37;20": {"type": "grass", "variant": 2, "pos": [37, 20]}, "37;21": {"type": "grass", "variant": 8, "pos": [37, 21]}, "38;21": {"type": "grass", "variant": 2, "pos": [38, 21]}, "38;22": {"type": "grass", "variant": 8, "pos": [38, 22]}, "39;22": {"type": "grass", "variant": 2, "pos": [39, 22]}, "39;23": {"type": "grass", "variant": 8, "pos": [39, 23]}, "40;23": {"type": "grass", "variant": 2, "pos": [40, 23]}, "40;24": {"type": "grass", "variant": 4, "pos": [40, 24]}, "39;24": {"type": "grass", "variant": 5, "pos": [39, 24]}, "38;24": {"type": "grass", "variant": 5, "pos": [38, 24]}, "37;24": {"type": "grass", "variant": 5, "pos": [37, 24]}, "36;24": {"type": "grass", "variant": 5, "pos": [36, 24]}, "35;24": {"type": "grass", "variant": 6, "pos": [35, 24]}, "34;22": {"type": "grass", "variant": 8, "pos": [34, 22]}, "33;22": {"type": "grass", "variant": 6, "pos": [33, 22]}, "33;21": {"type": "grass", "variant": 8, "pos": [33, 21]}, "32;21": {"type": "grass", "variant": 5, "pos": [32, 21]}, "34;21": {"type": "grass", "variant": 8, "pos": [34, 21]}, "35;21": {"type": "grass", "variant": 8, "pos": [35, 21]}, "36;21": {"type": "grass", "variant": 8, "pos": [36, 21]}, "37;22": {"type": "grass", "variant": 8, "pos": [37, 22]}, "36;22": {"type": "grass", "variant": 8, "pos": [36, 22]}, "35;22": {"type": "grass", "variant": 8, "pos": [35, 22]}, "38;23": {"type": "grass", "variant": 8, "pos": [38, 23]}, "37;23": {"type": "grass", "variant": 8, "pos": [37, 23]}, "36;23": {"type": "grass", "variant": 8, "pos": [36, 23]}, "35;23": {"type": "grass", "variant": 8, "pos": [35, 23]}, "34;23": {"type": "grass", "variant": 6, "pos": [34, 23]}, "31;18": {"type": "grass", "variant": 2, "pos": [31, 18]}, "31;19": {"type": "grass", "variant": 8, "pos": [31, 19]}, "33;19": {"type": "grass", "variant": 2, "pos": [33, 19]}, "32;19": {"type": "grass", "variant": 1, "pos": [32, 19]}, "31;21": {"type": "grass", "variant": 6, "pos": [31, 21]}, "34;12": {"type": "grass", "variant": 5, "pos": [34, 12]}, "33;12": {"type": "grass", "variant": 5, "pos": [33, 12]}, "32;12": {"type": "grass", "variant": 5, "pos": [32, 12]}, "31;12": {"type": "grass", "variant": 5, "pos": [31, 12]}, "30;12": {"type": "grass", "variant": 6, "pos": [30, 12]}, "45;21": {"type": "grass", "variant": 0, "pos": [45, 21]}, "46;21": {"type": "grass", "variant": 5, "pos": [46, 21]}, "47;21": {"type": "grass", "variant": 5, "pos": [47, 21]}, "48;21": {"type": "grass", "variant": 4, "pos": [48, 21]}, "47;20": {"type": "grass", "variant": 8, "pos": [47, 20]}, "46;20": {"type": "grass", "variant": 0, "pos": [46, 20]}, "48;20": {"type": "grass", "variant": 8, "pos": [48, 20]}, "47;19": {"type": "grass", "variant": 0, "pos": [47, 19]}, "48;19": {"type": "grass", "variant": 8, "pos": [48, 19]}, "49;19": {"type": "grass", "variant": 8, "pos": [49, 19]}, "49;20": {"type": "grass", "variant": 4, "pos": [49, 20]}, "50;19": {"type": "grass", "variant": 4, "pos": [50, 19]}, "50;18": {"type": "grass", "variant": 3, "pos": [50, 18]}, "50;17": {"type": "grass", "variant": 3, "pos": [50, 17]}, "50;16": {"type": "grass", "variant": 0, "pos": [50, 16]}, "49;18": {"type": "grass", "variant": 8, "pos": [49, 18]}, "49;17": {"type": "grass", "variant": 0, "pos": [49, 17]}, "48;18": {"type": "grass", "variant": 0, "pos": [48, 18]}, "57;15": {"type": "grass", "variant": 5, "pos": [57, 15]}, "56;15": {"type": "grass", "variant": 6, "pos": [56, 15]}, "58;15": {"type": "grass", "variant": 2, "pos": [58, 15]}, "57;14": {"type": "grass", "variant": 2, "pos": [57, 14]}, "56;14": {"type": "grass", "variant": 8, "pos": [56, 14]}, "55;14": {"type": "grass", "variant": 6, "pos": [55, 14]}, "56;13": {"type": "grass", "variant": 2, "pos": [56, 13]}, "55;13": {"type": "grass", "variant": 8, "pos": [55, 13]}, "54;13": {"type": "grass", "variant": 6, "pos": [54, 13]}, "55;12": {"type": "grass", "variant": 2, "pos": [55, 12]}, "54;12": {"type": "grass", "variant": 7, "pos": [54, 12]}, "54;11": {"type": "grass", "variant": 0, "pos": [54, 11]}, "49;6": {"type": "grass", "variant": 0, "pos": [49, 6]}, "49;7": {"type": "grass", "variant": 8, "pos": [49, 7]}, "49;8": {"type": "grass", "variant": 8, "pos": [49, 8]}, "48;9": {"type": "grass", "variant": 5, "pos": [48, 9]}, "47;9": {"type": "grass", "variant": 5, "pos": [47, 9]}, "46;9": {"type": "grass", "variant": 0, "pos": [46, 9]}, "48;8": {"type": "grass", "variant": 8, "pos": [48, 8]}, "47;8": {"type": "grass", "variant": 0, "pos": [47, 8]}, "48;7": {"type": "grass", "variant": 0, "pos": [48, 7]}, "50;7": {"type": "grass", "variant": 3, "pos": [50, 7]}, "50;6": {"type": "grass", "variant": 3, "pos": [50, 6]}, "50;5": {"type": "grass", "variant": 0, "pos": [50, 5]}, "50;8": {"type": "grass", "variant": 4, "pos": [50, 8]}, "49;9": {"type": "grass", "variant": 4, "pos": [49, 9]}, "54;2": {"type": "grass", "variant": 1, "pos": [54, 2]}, "54;3": {"type": "grass", "variant": 6, "pos": [54, 3]}, "55;3": {"type": "grass", "variant": 8, "pos": [55, 3]}, "55;4": {"type": "grass", "variant": 6, "pos": [55, 4]}, "56;4": {"type": "grass", "variant": 8, "pos": [56, 4]}, "56;5": {"type": "grass", "variant": 6, "pos": [56, 5]}, "57;5": {"type": "grass", "variant": 5, "pos": [57, 5]}, "58;5": {"type": "grass", "variant": 5, "pos": [58, 5]}, "59;5": {"type": "grass", "variant": 5, "pos": [59, 5]}, "60;5": {"type": "grass", "variant": 4, "pos": [60, 5]}, "60;4": {"type": "grass", "variant": 8, "pos": [60, 4]}, "61;4": {"type": "grass", "variant": 4, "pos": [61, 4]}, "61;3": {"type": "grass", "variant": 8, "pos": [61, 3]}, "62;3": {"type": "grass", "variant": 5, "pos": [62, 3]}, "63;3": {"type": "grass", "variant": 4, "pos": [63, 3]}, "63;2": {"type": "grass", "variant": 1, "pos": [63, 2]}, "62;2": {"type": "grass", "variant": 1, "pos": [62, 2]}, "61;2": {"type": "grass", "variant": 1, "pos": [61, 2]}, "60;2": {"type": "grass", "variant": 1, "pos": [60, 2]}, "59;2": {"type": "grass", "variant": 1, "pos": [59, 2]}, "58;2": {"type": "grass", "variant": 1, "pos": [58, 2]}, "57;2": {"type": "grass", "variant": 1, "pos": [57, 2]}, "56;2": {"type": "grass", "variant": 1, "pos": [56, 2]}, "55;2": {"type": "grass", "variant": 1, "pos": [55, 2]}, "57;3": {"type": "grass", "variant": 8, "pos": [57, 3]}, "58;3": {"type": "grass", "variant": 8, "pos": [58, 3]}, "59;3": {"type": "grass", "variant": 8, "pos": [59, 3]}, "60;3": {"type": "grass", "variant": 8, "pos": [60, 3]}, "56;3": {"type": "grass", "variant": 8, "pos": [56, 3]}, "57;4": {"type": "grass", "variant": 8, "pos": [57, 4]}, "58;4": {"type": "grass", "variant": 8, "pos": [58, 4]}, "59;4": {"type": "grass", "variant": 8, "pos": [59, 4]}, "64;2": {"type": "grass", "variant": 2, "pos": [64, 2]}, "53;2": {"type": "grass", "variant": 0, "pos": [53, 2]}, "26;8": {"type": "Ramps_dirt", "variant": 1, "pos": [26, 8]}, "36;13": {"type": "Ramps_dirt", "variant": 1, "pos": [36, 13]}, "20;8": {"type": "Ramps_dirt", "variant": 3, "pos": [20, 8]}, "17;9": {"type": "Ramps_dirt", "variant": 3, "pos": [17, 9]}, "2;9": {"type": "Ramps_dirt", "variant": 1, "pos": [2, 9]}, "10;16": {"type": "Ramps_dirt", "variant": 1, "pos": [10, 16]}, "16;19": {"type": "Ramps_dirt", "variant": 1, "pos": [16, 19]}, "17;20": {"type": "Ramps_dirt", "variant": 1, "pos": [17, 20]}, "24;20": {"type": "Ramps_dirt", "variant": 3, "pos": [24, 20]}, "25;19": {"type": "Ramps_dirt", "variant": 3, "pos": [25, 19]}, "26;18": {"type": "Ramps_dirt", "variant": 3, "pos": [26, 18]}, "18;20": {"type": "grass", "variant": 5, "pos": [18, 20]}, "11;16": {"type": "Extra_grass", "variant": 6, "pos": [11, 16]}}, "tile_size": 16, "offgrid": []}