{"tilemap": {"1;6": {"type": "grass", "variant": 0, "pos": [1, 6]}, "1;7": {"type": "grass", "variant": 6, "pos": [1, 7]}, "2;7": {"type": "grass", "variant": 8, "pos": [2, 7]}, "2;6": {"type": "grass", "variant": 2, "pos": [2, 6]}, "2;8": {"type": "grass", "variant": 6, "pos": [2, 8]}, "3;8": {"type": "grass", "variant": 8, "pos": [3, 8]}, "3;7": {"type": "grass", "variant": 2, "pos": [3, 7]}, "3;9": {"type": "grass", "variant": 6, "pos": [3, 9]}, "4;9": {"type": "grass", "variant": 5, "pos": [4, 9]}, "4;8": {"type": "grass", "variant": 1, "pos": [4, 8]}, "5;8": {"type": "grass", "variant": 1, "pos": [5, 8]}, "5;9": {"type": "grass", "variant": 8, "pos": [5, 9]}, "5;10": {"type": "grass", "variant": 6, "pos": [5, 10]}, "6;10": {"type": "grass", "variant": 5, "pos": [6, 10]}, "7;10": {"type": "grass", "variant": 5, "pos": [7, 10]}, "8;10": {"type": "grass", "variant": 8, "pos": [8, 10]}, "8;11": {"type": "grass", "variant": 6, "pos": [8, 11]}, "9;11": {"type": "grass", "variant": 5, "pos": [9, 11]}, "10;11": {"type": "grass", "variant": 5, "pos": [10, 11]}, "11;11": {"type": "grass", "variant": 5, "pos": [11, 11]}, "12;11": {"type": "grass", "variant": 5, "pos": [12, 11]}, "13;11": {"type": "grass", "variant": 5, "pos": [13, 11]}, "14;11": {"type": "grass", "variant": 5, "pos": [14, 11]}, "15;11": {"type": "grass", "variant": 4, "pos": [15, 11]}, "15;10": {"type": "grass", "variant": 2, "pos": [15, 10]}, "14;10": {"type": "grass", "variant": 1, "pos": [14, 10]}, "13;10": {"type": "grass", "variant": 8, "pos": [13, 10]}, "13;9": {"type": "grass", "variant": 2, "pos": [13, 9]}, "12;9": {"type": "grass", "variant": 1, "pos": [12, 9]}, "11;9": {"type": "grass", "variant": 1, "pos": [11, 9]}, "10;9": {"type": "grass", "variant": 8, "pos": [10, 9]}, "10;8": {"type": "grass", "variant": 2, "pos": [10, 8]}, "9;8": {"type": "grass", "variant": 1, "pos": [9, 8]}, "8;8": {"type": "grass", "variant": 1, "pos": [8, 8]}, "7;8": {"type": "grass", "variant": 1, "pos": [7, 8]}, "6;8": {"type": "grass", "variant": 1, "pos": [6, 8]}, "6;9": {"type": "grass", "variant": 8, "pos": [6, 9]}, "7;9": {"type": "grass", "variant": 8, "pos": [7, 9]}, "8;9": {"type": "grass", "variant": 8, "pos": [8, 9]}, "9;10": {"type": "grass", "variant": 8, "pos": [9, 10]}, "10;10": {"type": "grass", "variant": 8, "pos": [10, 10]}, "11;10": {"type": "grass", "variant": 8, "pos": [11, 10]}, "12;10": {"type": "grass", "variant": 8, "pos": [12, 10]}, "9;9": {"type": "grass", "variant": 8, "pos": [9, 9]}, "1;5": {"type": "spawners", "variant": 0, "pos": [1, 5]}, "19;10": {"type": "grass", "variant": 0, "pos": [19, 10]}, "20;10": {"type": "grass", "variant": 1, "pos": [20, 10]}, "19;11": {"type": "grass", "variant": 6, "pos": [19, 11]}, "20;11": {"type": "grass", "variant": 5, "pos": [20, 11]}, "21;11": {"type": "Extra", "variant": 0, "pos": [21, 11]}, "10;7": {"type": "spawners", "variant": 1, "pos": [10, 7]}, "13;8": {"type": "spawners", "variant": 1, "pos": [13, 8]}, "9;7": {"type": "spawners", "variant": 1, "pos": [9, 7]}, "21;12": {"type": "grass", "variant": 5, "pos": [21, 12]}, "20;12": {"type": "grass", "variant": 6, "pos": [20, 12]}, "22;12": {"type": "grass", "variant": 8, "pos": [22, 12]}, "23;12": {"type": "grass", "variant": 8, "pos": [23, 12]}, "24;12": {"type": "grass", "variant": 8, "pos": [24, 12]}, "25;12": {"type": "grass", "variant": 8, "pos": [25, 12]}, "26;12": {"type": "grass", "variant": 8, "pos": [26, 12]}, "27;12": {"type": "grass", "variant": 8, "pos": [27, 12]}, "28;12": {"type": "grass", "variant": 8, "pos": [28, 12]}, "29;12": {"type": "grass", "variant": 8, "pos": [29, 12]}, "29;13": {"type": "grass", "variant": 4, "pos": [29, 13]}, "28;13": {"type": "grass", "variant": 5, "pos": [28, 13]}, "27;13": {"type": "grass", "variant": 5, "pos": [27, 13]}, "26;13": {"type": "grass", "variant": 5, "pos": [26, 13]}, "25;13": {"type": "grass", "variant": 5, "pos": [25, 13]}, "24;13": {"type": "grass", "variant": 5, "pos": [24, 13]}, "23;13": {"type": "grass", "variant": 5, "pos": [23, 13]}, "22;13": {"type": "grass", "variant": 6, "pos": [22, 13]}, "23;11": {"type": "grass", "variant": 1, "pos": [23, 11]}, "22;11": {"type": "grass", "variant": 1, "pos": [22, 11]}, "24;11": {"type": "grass", "variant": 1, "pos": [24, 11]}, "25;11": {"type": "grass", "variant": 1, "pos": [25, 11]}, "26;11": {"type": "grass", "variant": 1, "pos": [26, 11]}, "27;11": {"type": "grass", "variant": 1, "pos": [27, 11]}, "28;11": {"type": "grass", "variant": 1, "pos": [28, 11]}, "29;11": {"type": "grass", "variant": 1, "pos": [29, 11]}, "30;11": {"type": "grass", "variant": 1, "pos": [30, 11]}, "31;11": {"type": "grass", "variant": 1, "pos": [31, 11]}, "32;11": {"type": "grass", "variant": 1, "pos": [32, 11]}, "33;11": {"type": "grass", "variant": 2, "pos": [33, 11]}, "30;12": {"type": "grass", "variant": 5, "pos": [30, 12]}, "31;12": {"type": "grass", "variant": 5, "pos": [31, 12]}, "32;12": {"type": "grass", "variant": 4, "pos": [32, 12]}, "36;11": {"type": "grass", "variant": 0, "pos": [36, 11]}, "37;12": {"type": "grass", "variant": 8, "pos": [37, 12]}, "40;12": {"type": "grass", "variant": 1, "pos": [40, 12]}, "42;12": {"type": "grass", "variant": 1, "pos": [42, 12]}, "43;12": {"type": "grass", "variant": 1, "pos": [43, 12]}, "44;12": {"type": "grass", "variant": 1, "pos": [44, 12]}, "44;13": {"type": "grass", "variant": 8, "pos": [44, 13]}, "44;14": {"type": "grass", "variant": 8, "pos": [44, 14]}, "44;15": {"type": "grass", "variant": 6, "pos": [44, 15]}, "45;15": {"type": "grass", "variant": 5, "pos": [45, 15]}, "46;15": {"type": "grass", "variant": 8, "pos": [46, 15]}, "46;16": {"type": "grass", "variant": 6, "pos": [46, 16]}, "47;16": {"type": "grass", "variant": 8, "pos": [47, 16]}, "47;17": {"type": "grass", "variant": 6, "pos": [47, 17]}, "48;17": {"type": "grass", "variant": 8, "pos": [48, 17]}, "48;18": {"type": "grass", "variant": 6, "pos": [48, 18]}, "49;18": {"type": "grass", "variant": 8, "pos": [49, 18]}, "49;19": {"type": "grass", "variant": 6, "pos": [49, 19]}, "50;19": {"type": "grass", "variant": 8, "pos": [50, 19]}, "50;20": {"type": "grass", "variant": 6, "pos": [50, 20]}, "51;20": {"type": "grass", "variant": 8, "pos": [51, 20]}, "51;21": {"type": "grass", "variant": 6, "pos": [51, 21]}, "52;21": {"type": "grass", "variant": 8, "pos": [52, 21]}, "52;22": {"type": "grass", "variant": 6, "pos": [52, 22]}, "53;22": {"type": "grass", "variant": 5, "pos": [53, 22]}, "54;22": {"type": "grass", "variant": 5, "pos": [54, 22]}, "55;22": {"type": "grass", "variant": 4, "pos": [55, 22]}, "55;21": {"type": "grass", "variant": 8, "pos": [55, 21]}, "56;21": {"type": "grass", "variant": 4, "pos": [56, 21]}, "56;20": {"type": "grass", "variant": 3, "pos": [56, 20]}, "56;19": {"type": "grass", "variant": 3, "pos": [56, 19]}, "56;18": {"type": "grass", "variant": 2, "pos": [56, 18]}, "55;17": {"type": "Ramps_grass", "variant": 2, "pos": [55, 17]}, "54;16": {"type": "Ramps_grass", "variant": 2, "pos": [54, 16]}, "53;15": {"type": "Ramps_grass", "variant": 2, "pos": [53, 15]}, "52;14": {"type": "Ramps_grass", "variant": 2, "pos": [52, 14]}, "51;13": {"type": "Ramps_grass", "variant": 2, "pos": [51, 13]}, "49;12": {"type": "grass", "variant": 1, "pos": [49, 12]}, "48;12": {"type": "grass", "variant": 1, "pos": [48, 12]}, "48;13": {"type": "grass", "variant": 8, "pos": [48, 13]}, "47;13": {"type": "grass", "variant": 8, "pos": [47, 13]}, "47;14": {"type": "grass", "variant": 8, "pos": [47, 14]}, "46;14": {"type": "grass", "variant": 8, "pos": [46, 14]}, "45;14": {"type": "grass", "variant": 8, "pos": [45, 14]}, "45;13": {"type": "grass", "variant": 8, "pos": [45, 13]}, "38;13": {"type": "grass", "variant": 8, "pos": [38, 13]}, "38;14": {"type": "grass", "variant": 5, "pos": [38, 14]}, "39;14": {"type": "grass", "variant": 5, "pos": [39, 14]}, "40;14": {"type": "grass", "variant": 5, "pos": [40, 14]}, "41;14": {"type": "grass", "variant": 5, "pos": [41, 14]}, "42;14": {"type": "grass", "variant": 5, "pos": [42, 14]}, "43;14": {"type": "grass", "variant": 5, "pos": [43, 14]}, "40;13": {"type": "grass", "variant": 8, "pos": [40, 13]}, "39;13": {"type": "grass", "variant": 5, "pos": [39, 13]}, "41;13": {"type": "grass", "variant": 8, "pos": [41, 13]}, "42;13": {"type": "grass", "variant": 8, "pos": [42, 13]}, "43;13": {"type": "grass", "variant": 8, "pos": [43, 13]}, "47;12": {"type": "grass", "variant": 1, "pos": [47, 12]}, "46;12": {"type": "grass", "variant": 1, "pos": [46, 12]}, "45;12": {"type": "grass", "variant": 1, "pos": [45, 12]}, "46;13": {"type": "grass", "variant": 8, "pos": [46, 13]}, "49;13": {"type": "grass", "variant": 5, "pos": [49, 13]}, "50;13": {"type": "Extra", "variant": 0, "pos": [50, 13]}, "51;14": {"type": "Extra", "variant": 0, "pos": [51, 14]}, "52;15": {"type": "Extra", "variant": 0, "pos": [52, 15]}, "52;16": {"type": "grass", "variant": 5, "pos": [52, 16]}, "52;17": {"type": "grass", "variant": 8, "pos": [52, 17]}, "52;18": {"type": "grass", "variant": 8, "pos": [52, 18]}, "53;18": {"type": "grass", "variant": 8, "pos": [53, 18]}, "53;19": {"type": "grass", "variant": 8, "pos": [53, 19]}, "54;19": {"type": "grass", "variant": 8, "pos": [54, 19]}, "54;20": {"type": "grass", "variant": 8, "pos": [54, 20]}, "55;20": {"type": "grass", "variant": 8, "pos": [55, 20]}, "53;20": {"type": "grass", "variant": 8, "pos": [53, 20]}, "52;20": {"type": "grass", "variant": 8, "pos": [52, 20]}, "53;21": {"type": "grass", "variant": 8, "pos": [53, 21]}, "54;21": {"type": "grass", "variant": 8, "pos": [54, 21]}, "55;19": {"type": "grass", "variant": 5, "pos": [55, 19]}, "55;18": {"type": "Extra", "variant": 0, "pos": [55, 18]}, "54;17": {"type": "Extra", "variant": 0, "pos": [54, 17]}, "53;17": {"type": "grass", "variant": 5, "pos": [53, 17]}, "53;16": {"type": "Extra", "variant": 0, "pos": [53, 16]}, "54;18": {"type": "grass", "variant": 5, "pos": [54, 18]}, "52;19": {"type": "grass", "variant": 8, "pos": [52, 19]}, "51;19": {"type": "grass", "variant": 8, "pos": [51, 19]}, "51;18": {"type": "grass", "variant": 8, "pos": [51, 18]}, "51;17": {"type": "grass", "variant": 8, "pos": [51, 17]}, "51;16": {"type": "grass", "variant": 8, "pos": [51, 16]}, "51;15": {"type": "grass", "variant": 5, "pos": [51, 15]}, "50;15": {"type": "grass", "variant": 8, "pos": [50, 15]}, "50;14": {"type": "grass", "variant": 5, "pos": [50, 14]}, "49;14": {"type": "grass", "variant": 8, "pos": [49, 14]}, "48;14": {"type": "grass", "variant": 8, "pos": [48, 14]}, "47;15": {"type": "grass", "variant": 8, "pos": [47, 15]}, "48;15": {"type": "grass", "variant": 8, "pos": [48, 15]}, "49;15": {"type": "grass", "variant": 8, "pos": [49, 15]}, "49;16": {"type": "grass", "variant": 8, "pos": [49, 16]}, "49;17": {"type": "grass", "variant": 8, "pos": [49, 17]}, "50;18": {"type": "grass", "variant": 8, "pos": [50, 18]}, "50;17": {"type": "grass", "variant": 8, "pos": [50, 17]}, "50;16": {"type": "grass", "variant": 8, "pos": [50, 16]}, "48;16": {"type": "grass", "variant": 8, "pos": [48, 16]}, "36;12": {"type": "grass", "variant": 7, "pos": [36, 12]}, "37;13": {"type": "grass", "variant": 8, "pos": [37, 13]}, "36;13": {"type": "grass", "variant": 6, "pos": [36, 13]}, "37;14": {"type": "grass", "variant": 6, "pos": [37, 14]}, "59;19": {"type": "grass", "variant": 0, "pos": [59, 19]}, "59;20": {"type": "grass", "variant": 7, "pos": [59, 20]}, "59;21": {"type": "grass", "variant": 6, "pos": [59, 21]}, "60;21": {"type": "grass", "variant": 8, "pos": [60, 21]}, "60;22": {"type": "grass", "variant": 6, "pos": [60, 22]}, "61;22": {"type": "grass", "variant": 8, "pos": [61, 22]}, "61;23": {"type": "grass", "variant": 6, "pos": [61, 23]}, "62;23": {"type": "grass", "variant": 8, "pos": [62, 23]}, "62;24": {"type": "grass", "variant": 6, "pos": [62, 24]}, "63;24": {"type": "grass", "variant": 8, "pos": [63, 24]}, "63;25": {"type": "grass", "variant": 6, "pos": [63, 25]}, "64;25": {"type": "grass", "variant": 5, "pos": [64, 25]}, "65;25": {"type": "grass", "variant": 5, "pos": [65, 25]}, "66;25": {"type": "grass", "variant": 5, "pos": [66, 25]}, "67;25": {"type": "grass", "variant": 5, "pos": [67, 25]}, "68;25": {"type": "grass", "variant": 5, "pos": [68, 25]}, "69;25": {"type": "grass", "variant": 4, "pos": [69, 25]}, "69;24": {"type": "grass", "variant": 8, "pos": [69, 24]}, "70;24": {"type": "grass", "variant": 5, "pos": [70, 24]}, "71;24": {"type": "grass", "variant": 5, "pos": [71, 24]}, "72;24": {"type": "grass", "variant": 5, "pos": [72, 24]}, "73;24": {"type": "grass", "variant": 5, "pos": [73, 24]}, "74;24": {"type": "grass", "variant": 5, "pos": [74, 24]}, "75;24": {"type": "grass", "variant": 4, "pos": [75, 24]}, "75;23": {"type": "grass", "variant": 3, "pos": [75, 23]}, "75;22": {"type": "grass", "variant": 2, "pos": [75, 22]}, "74;22": {"type": "grass", "variant": 8, "pos": [74, 22]}, "74;21": {"type": "grass", "variant": 2, "pos": [74, 21]}, "73;21": {"type": "grass", "variant": 8, "pos": [73, 21]}, "73;20": {"type": "grass", "variant": 2, "pos": [73, 20]}, "72;20": {"type": "grass", "variant": 1, "pos": [72, 20]}, "71;20": {"type": "grass", "variant": 1, "pos": [71, 20]}, "66;20": {"type": "grass", "variant": 1, "pos": [66, 20]}, "65;20": {"type": "grass", "variant": 1, "pos": [65, 20]}, "64;20": {"type": "grass", "variant": 1, "pos": [64, 20]}, "63;20": {"type": "grass", "variant": 1, "pos": [63, 20]}, "62;20": {"type": "grass", "variant": 8, "pos": [62, 20]}, "62;19": {"type": "grass", "variant": 2, "pos": [62, 19]}, "61;19": {"type": "grass", "variant": 1, "pos": [61, 19]}, "60;19": {"type": "grass", "variant": 1, "pos": [60, 19]}, "60;20": {"type": "grass", "variant": 8, "pos": [60, 20]}, "61;20": {"type": "grass", "variant": 8, "pos": [61, 20]}, "61;21": {"type": "grass", "variant": 8, "pos": [61, 21]}, "62;22": {"type": "grass", "variant": 8, "pos": [62, 22]}, "62;21": {"type": "grass", "variant": 8, "pos": [62, 21]}, "63;22": {"type": "grass", "variant": 8, "pos": [63, 22]}, "63;23": {"type": "grass", "variant": 8, "pos": [63, 23]}, "64;23": {"type": "grass", "variant": 8, "pos": [64, 23]}, "64;24": {"type": "grass", "variant": 8, "pos": [64, 24]}, "65;24": {"type": "grass", "variant": 8, "pos": [65, 24]}, "66;24": {"type": "grass", "variant": 8, "pos": [66, 24]}, "67;24": {"type": "grass", "variant": 8, "pos": [67, 24]}, "68;24": {"type": "grass", "variant": 8, "pos": [68, 24]}, "68;23": {"type": "grass", "variant": 8, "pos": [68, 23]}, "69;23": {"type": "grass", "variant": 8, "pos": [69, 23]}, "70;23": {"type": "grass", "variant": 8, "pos": [70, 23]}, "71;23": {"type": "grass", "variant": 8, "pos": [71, 23]}, "72;23": {"type": "grass", "variant": 8, "pos": [72, 23]}, "73;23": {"type": "grass", "variant": 8, "pos": [73, 23]}, "74;23": {"type": "grass", "variant": 8, "pos": [74, 23]}, "73;22": {"type": "grass", "variant": 8, "pos": [73, 22]}, "72;22": {"type": "grass", "variant": 8, "pos": [72, 22]}, "71;22": {"type": "grass", "variant": 8, "pos": [71, 22]}, "70;22": {"type": "grass", "variant": 8, "pos": [70, 22]}, "71;21": {"type": "grass", "variant": 8, "pos": [71, 21]}, "72;21": {"type": "grass", "variant": 8, "pos": [72, 21]}, "70;21": {"type": "grass", "variant": 8, "pos": [70, 21]}, "69;21": {"type": "grass", "variant": 8, "pos": [69, 21]}, "68;21": {"type": "grass", "variant": 8, "pos": [68, 21]}, "67;21": {"type": "grass", "variant": 8, "pos": [67, 21]}, "66;21": {"type": "grass", "variant": 8, "pos": [66, 21]}, "65;21": {"type": "grass", "variant": 8, "pos": [65, 21]}, "64;21": {"type": "grass", "variant": 8, "pos": [64, 21]}, "63;21": {"type": "grass", "variant": 8, "pos": [63, 21]}, "64;22": {"type": "grass", "variant": 8, "pos": [64, 22]}, "65;22": {"type": "grass", "variant": 8, "pos": [65, 22]}, "66;22": {"type": "grass", "variant": 8, "pos": [66, 22]}, "67;22": {"type": "grass", "variant": 8, "pos": [67, 22]}, "68;22": {"type": "grass", "variant": 8, "pos": [68, 22]}, "69;22": {"type": "grass", "variant": 8, "pos": [69, 22]}, "67;23": {"type": "grass", "variant": 8, "pos": [67, 23]}, "66;23": {"type": "grass", "variant": 8, "pos": [66, 23]}, "65;23": {"type": "grass", "variant": 8, "pos": [65, 23]}, "41;12": {"type": "grass", "variant": 1, "pos": [41, 12]}, "37;11": {"type": "grass", "variant": 1, "pos": [37, 11]}, "21;10": {"type": "Ramps_grass", "variant": 2, "pos": [21, 10]}, "70;19": {"type": "spawners", "variant": 1, "pos": [70, 19]}, "68;19": {"type": "spawners", "variant": 1, "pos": [68, 19]}, "66;19": {"type": "spawners", "variant": 1, "pos": [66, 19]}, "64;19": {"type": "spawners", "variant": 1, "pos": [64, 19]}, "46;11": {"type": "spawners", "variant": 1, "pos": [46, 11]}, "45;11": {"type": "spawners", "variant": 1, "pos": [45, 11]}, "44;11": {"type": "spawners", "variant": 1, "pos": [44, 11]}, "32;10": {"type": "spawners", "variant": 1, "pos": [32, 10]}, "31;10": {"type": "spawners", "variant": 1, "pos": [31, 10]}, "29;10": {"type": "spawners", "variant": 1, "pos": [29, 10]}, "70;20": {"type": "grass", "variant": 1, "pos": [70, 20]}, "69;20": {"type": "grass", "variant": 1, "pos": [69, 20]}, "67;20": {"type": "grass", "variant": 1, "pos": [67, 20]}, "68;20": {"type": "grass", "variant": 1, "pos": [68, 20]}, "80;22": {"type": "grass", "variant": 0, "pos": [80, 22]}, "81;22": {"type": "grass", "variant": 1, "pos": [81, 22]}, "82;22": {"type": "grass", "variant": 8, "pos": [82, 22]}, "82;21": {"type": "grass", "variant": 0, "pos": [82, 21]}, "83;21": {"type": "grass", "variant": 8, "pos": [83, 21]}, "83;20": {"type": "grass", "variant": 7, "pos": [83, 20]}, "83;19": {"type": "grass", "variant": 0, "pos": [83, 19]}, "84;19": {"type": "grass", "variant": 8, "pos": [84, 19]}, "84;18": {"type": "grass", "variant": 0, "pos": [84, 18]}, "85;18": {"type": "grass", "variant": 8, "pos": [85, 18]}, "85;19": {"type": "grass", "variant": 8, "pos": [85, 19]}, "84;20": {"type": "grass", "variant": 8, "pos": [84, 20]}, "84;21": {"type": "grass", "variant": 8, "pos": [84, 21]}, "84;22": {"type": "grass", "variant": 4, "pos": [84, 22]}, "85;21": {"type": "grass", "variant": 4, "pos": [85, 21]}, "85;20": {"type": "grass", "variant": 8, "pos": [85, 20]}, "83;22": {"type": "grass", "variant": 8, "pos": [83, 22]}, "82;23": {"type": "grass", "variant": 5, "pos": [82, 23]}, "81;23": {"type": "grass", "variant": 5, "pos": [81, 23]}, "80;23": {"type": "grass", "variant": 5, "pos": [80, 23]}, "79;23": {"type": "grass", "variant": 0, "pos": [79, 23]}, "83;23": {"type": "grass", "variant": 4, "pos": [83, 23]}, "82;8": {"type": "grass", "variant": 2, "pos": [82, 8]}, "82;9": {"type": "grass", "variant": 4, "pos": [82, 9]}, "82;10": {"type": "Ramps_dirt", "variant": 3, "pos": [82, 10]}, "81;10": {"type": "spawners", "variant": 1, "pos": [81, 10]}, "82;11": {"type": "grass", "variant": 2, "pos": [82, 11]}, "81;9": {"type": "grass", "variant": 5, "pos": [81, 9]}, "80;9": {"type": "grass", "variant": 5, "pos": [80, 9]}, "80;11": {"type": "grass", "variant": 5, "pos": [80, 11]}, "81;11": {"type": "grass", "variant": 5, "pos": [81, 11]}, "81;8": {"type": "grass", "variant": 1, "pos": [81, 8]}, "80;8": {"type": "grass", "variant": 1, "pos": [80, 8]}, "80;10": {"type": "spawners", "variant": 1, "pos": [80, 10]}, "79;9": {"type": "grass", "variant": 7, "pos": [79, 9]}, "79;10": {"type": "grass", "variant": 7, "pos": [79, 10]}, "79;11": {"type": "grass", "variant": 6, "pos": [79, 11]}, "79;8": {"type": "grass", "variant": 0, "pos": [79, 8]}, "86;19": {"type": "grass", "variant": 8, "pos": [86, 19]}, "87;19": {"type": "grass", "variant": 8, "pos": [87, 19]}, "88;19": {"type": "grass", "variant": 8, "pos": [88, 19]}, "89;19": {"type": "grass", "variant": 5, "pos": [89, 19]}, "90;19": {"type": "grass", "variant": 5, "pos": [90, 19]}, "91;19": {"type": "grass", "variant": 5, "pos": [91, 19]}, "91;18": {"type": "grass", "variant": 8, "pos": [91, 18]}, "92;18": {"type": "grass", "variant": 3, "pos": [92, 18]}, "90;18": {"type": "grass", "variant": 8, "pos": [90, 18]}, "89;18": {"type": "grass", "variant": 8, "pos": [89, 18]}, "88;18": {"type": "grass", "variant": 8, "pos": [88, 18]}, "87;18": {"type": "grass", "variant": 8, "pos": [87, 18]}, "86;18": {"type": "grass", "variant": 8, "pos": [86, 18]}, "92;19": {"type": "grass", "variant": 4, "pos": [92, 19]}, "86;20": {"type": "grass", "variant": 5, "pos": [86, 20]}, "87;20": {"type": "grass", "variant": 5, "pos": [87, 20]}, "88;20": {"type": "grass", "variant": 4, "pos": [88, 20]}, "85;17": {"type": "grass", "variant": 0, "pos": [85, 17]}, "86;17": {"type": "grass", "variant": 1, "pos": [86, 17]}, "87;17": {"type": "grass", "variant": 8, "pos": [87, 17]}, "88;17": {"type": "grass", "variant": 8, "pos": [88, 17]}, "89;17": {"type": "grass", "variant": 8, "pos": [89, 17]}, "90;17": {"type": "grass", "variant": 8, "pos": [90, 17]}, "91;16": {"type": "grass", "variant": 8, "pos": [91, 16]}, "92;16": {"type": "grass", "variant": 8, "pos": [92, 16]}, "93;16": {"type": "grass", "variant": 8, "pos": [93, 16]}, "92;17": {"type": "grass", "variant": 8, "pos": [92, 17]}, "91;17": {"type": "grass", "variant": 8, "pos": [91, 17]}, "93;17": {"type": "grass", "variant": 4, "pos": [93, 17]}, "94;16": {"type": "grass", "variant": 5, "pos": [94, 16]}, "90;16": {"type": "grass", "variant": 8, "pos": [90, 16]}, "89;16": {"type": "grass", "variant": 8, "pos": [89, 16]}, "88;16": {"type": "grass", "variant": 8, "pos": [88, 16]}, "87;16": {"type": "grass", "variant": 0, "pos": [87, 16]}, "88;15": {"type": "grass", "variant": 0, "pos": [88, 15]}, "89;15": {"type": "grass", "variant": 1, "pos": [89, 15]}, "90;15": {"type": "grass", "variant": 8, "pos": [90, 15]}, "91;15": {"type": "grass", "variant": 8, "pos": [91, 15]}, "95;15": {"type": "grass", "variant": 8, "pos": [95, 15]}, "96;15": {"type": "grass", "variant": 4, "pos": [96, 15]}, "94;15": {"type": "grass", "variant": 8, "pos": [94, 15]}, "93;15": {"type": "grass", "variant": 8, "pos": [93, 15]}, "92;15": {"type": "grass", "variant": 8, "pos": [92, 15]}, "95;16": {"type": "grass", "variant": 4, "pos": [95, 16]}, "90;14": {"type": "grass", "variant": 0, "pos": [90, 14]}, "92;14": {"type": "grass", "variant": 8, "pos": [92, 14]}, "93;14": {"type": "grass", "variant": 8, "pos": [93, 14]}, "94;14": {"type": "grass", "variant": 8, "pos": [94, 14]}, "91;14": {"type": "grass", "variant": 8, "pos": [91, 14]}, "95;14": {"type": "grass", "variant": 8, "pos": [95, 14]}, "96;14": {"type": "grass", "variant": 8, "pos": [96, 14]}, "97;14": {"type": "grass", "variant": 5, "pos": [97, 14]}, "98;14": {"type": "grass", "variant": 4, "pos": [98, 14]}, "92;13": {"type": "grass", "variant": 8, "pos": [92, 13]}, "93;13": {"type": "grass", "variant": 8, "pos": [93, 13]}, "94;13": {"type": "grass", "variant": 8, "pos": [94, 13]}, "95;13": {"type": "grass", "variant": 8, "pos": [95, 13]}, "96;13": {"type": "grass", "variant": 8, "pos": [96, 13]}, "97;13": {"type": "grass", "variant": 8, "pos": [97, 13]}, "98;13": {"type": "grass", "variant": 8, "pos": [98, 13]}, "99;13": {"type": "grass", "variant": 5, "pos": [99, 13]}, "91;13": {"type": "grass", "variant": 0, "pos": [91, 13]}, "92;12": {"type": "grass", "variant": 0, "pos": [92, 12]}, "93;12": {"type": "grass", "variant": 1, "pos": [93, 12]}, "94;12": {"type": "grass", "variant": 1, "pos": [94, 12]}, "95;12": {"type": "grass", "variant": 1, "pos": [95, 12]}, "96;12": {"type": "grass", "variant": 1, "pos": [96, 12]}, "97;12": {"type": "grass", "variant": 1, "pos": [97, 12]}, "98;12": {"type": "grass", "variant": 1, "pos": [98, 12]}, "99;12": {"type": "grass", "variant": 1, "pos": [99, 12]}, "100;12": {"type": "grass", "variant": 1, "pos": [100, 12]}, "101;12": {"type": "grass", "variant": 1, "pos": [101, 12]}, "102;12": {"type": "grass", "variant": 2, "pos": [102, 12]}, "101;13": {"type": "grass", "variant": 4, "pos": [101, 13]}, "100;13": {"type": "grass", "variant": 5, "pos": [100, 13]}, "93;11": {"type": "spawners", "variant": 1, "pos": [93, 11]}, "94;11": {"type": "spawners", "variant": 1, "pos": [94, 11]}, "95;11": {"type": "spawners", "variant": 1, "pos": [95, 11]}, "96;11": {"type": "spawners", "variant": 1, "pos": [96, 11]}, "97;11": {"type": "spawners", "variant": 1, "pos": [97, 11]}, "98;11": {"type": "spawners", "variant": 1, "pos": [98, 11]}, "39;11": {"type": "Ramps_grass", "variant": 2, "pos": [39, 11]}, "38;11": {"type": "grass", "variant": 1, "pos": [38, 11]}, "39;12": {"type": "Extra", "variant": 0, "pos": [39, 12]}, "38;12": {"type": "grass", "variant": 5, "pos": [38, 12]}, "50;12": {"type": "Ramps_grass", "variant": 2, "pos": [50, 12]}, "71;3": {"type": "grass", "variant": 1, "pos": [71, 3]}, "70;3": {"type": "grass", "variant": 1, "pos": [70, 3]}, "69;3": {"type": "grass", "variant": 1, "pos": [69, 3]}, "68;3": {"type": "grass", "variant": 1, "pos": [68, 3]}, "67;3": {"type": "grass", "variant": 0, "pos": [67, 3]}, "68;4": {"type": "grass", "variant": 6, "pos": [68, 4]}, "69;4": {"type": "grass", "variant": 5, "pos": [69, 4]}, "70;4": {"type": "grass", "variant": 5, "pos": [70, 4]}, "71;4": {"type": "grass", "variant": 4, "pos": [71, 4]}, "72;3": {"type": "grass", "variant": 2, "pos": [72, 3]}, "60;-5": {"type": "grass", "variant": 2, "pos": [60, -5]}, "59;-5": {"type": "grass", "variant": 1, "pos": [59, -5]}, "58;-5": {"type": "grass", "variant": 1, "pos": [58, -5]}, "57;-5": {"type": "grass", "variant": 1, "pos": [57, -5]}, "56;-5": {"type": "grass", "variant": 1, "pos": [56, -5]}, "55;-5": {"type": "grass", "variant": 1, "pos": [55, -5]}, "54;-5": {"type": "grass", "variant": 1, "pos": [54, -5]}, "53;-5": {"type": "grass", "variant": 1, "pos": [53, -5]}, "52;-5": {"type": "grass", "variant": 0, "pos": [52, -5]}, "53;-4": {"type": "grass", "variant": 7, "pos": [53, -4]}, "54;-4": {"type": "grass", "variant": 8, "pos": [54, -4]}, "55;-4": {"type": "grass", "variant": 8, "pos": [55, -4]}, "56;-4": {"type": "grass", "variant": 8, "pos": [56, -4]}, "57;-4": {"type": "grass", "variant": 8, "pos": [57, -4]}, "58;-4": {"type": "grass", "variant": 8, "pos": [58, -4]}, "59;-4": {"type": "grass", "variant": 8, "pos": [59, -4]}, "60;-4": {"type": "grass", "variant": 4, "pos": [60, -4]}, "59;-3": {"type": "grass", "variant": 4, "pos": [59, -3]}, "58;-3": {"type": "grass", "variant": 5, "pos": [58, -3]}, "57;-3": {"type": "grass", "variant": 5, "pos": [57, -3]}, "56;-3": {"type": "grass", "variant": 5, "pos": [56, -3]}, "55;-3": {"type": "grass", "variant": 5, "pos": [55, -3]}, "54;-3": {"type": "grass", "variant": 5, "pos": [54, -3]}, "53;-3": {"type": "grass", "variant": 6, "pos": [53, -3]}, "6;7": {"type": "decor", "variant": 0, "pos": [6, 7]}, "91;12": {"type": "decor", "variant": 3, "pos": [91, 12]}, "87;15": {"type": "decor", "variant": 3, "pos": [87, 15]}, "92;11": {"type": "decor", "variant": 2, "pos": [92, 11]}, "100;11": {"type": "decor", "variant": 2, "pos": [100, 11]}, "106;12": {"type": "grass", "variant": 0, "pos": [106, 12]}, "107;12": {"type": "grass", "variant": 1, "pos": [107, 12]}, "107;13": {"type": "grass", "variant": 6, "pos": [107, 13]}, "108;13": {"type": "grass", "variant": 8, "pos": [108, 13]}, "108;14": {"type": "grass", "variant": 6, "pos": [108, 14]}, "109;14": {"type": "grass", "variant": 5, "pos": [109, 14]}, "110;14": {"type": "grass", "variant": 8, "pos": [110, 14]}, "110;15": {"type": "grass", "variant": 6, "pos": [110, 15]}, "111;15": {"type": "grass", "variant": 8, "pos": [111, 15]}, "111;16": {"type": "grass", "variant": 6, "pos": [111, 16]}, "112;16": {"type": "grass", "variant": 5, "pos": [112, 16]}, "113;16": {"type": "grass", "variant": 5, "pos": [113, 16]}, "114;16": {"type": "grass", "variant": 5, "pos": [114, 16]}, "115;16": {"type": "grass", "variant": 5, "pos": [115, 16]}, "116;16": {"type": "grass", "variant": 5, "pos": [116, 16]}, "117;16": {"type": "grass", "variant": 4, "pos": [117, 16]}, "117;15": {"type": "grass", "variant": 2, "pos": [117, 15]}, "116;15": {"type": "grass", "variant": 1, "pos": [116, 15]}, "115;15": {"type": "grass", "variant": 8, "pos": [115, 15]}, "115;14": {"type": "grass", "variant": 2, "pos": [115, 14]}, "114;14": {"type": "grass", "variant": 1, "pos": [114, 14]}, "113;13": {"type": "grass", "variant": 2, "pos": [113, 13]}, "112;13": {"type": "grass", "variant": 8, "pos": [112, 13]}, "112;12": {"type": "grass", "variant": 2, "pos": [112, 12]}, "111;12": {"type": "grass", "variant": 1, "pos": [111, 12]}, "110;12": {"type": "grass", "variant": 1, "pos": [110, 12]}, "109;12": {"type": "grass", "variant": 1, "pos": [109, 12]}, "108;12": {"type": "grass", "variant": 1, "pos": [108, 12]}, "109;13": {"type": "grass", "variant": 8, "pos": [109, 13]}, "110;13": {"type": "grass", "variant": 8, "pos": [110, 13]}, "111;13": {"type": "grass", "variant": 8, "pos": [111, 13]}, "111;14": {"type": "grass", "variant": 8, "pos": [111, 14]}, "112;14": {"type": "grass", "variant": 8, "pos": [112, 14]}, "112;15": {"type": "grass", "variant": 8, "pos": [112, 15]}, "113;15": {"type": "grass", "variant": 8, "pos": [113, 15]}, "114;15": {"type": "grass", "variant": 8, "pos": [114, 15]}, "113;14": {"type": "grass", "variant": 8, "pos": [113, 14]}}, "tile_size": 16, "offgrid": [{"type": "spawners", "variant": 1, "pos": [1288.0, 160.5]}, {"type": "spawners", "variant": 1, "pos": [1304.5, 161.0]}, {"type": "decor", "variant": 3, "pos": [121.0, 115.0]}, {"type": "decor", "variant": 3, "pos": [348.5, 161.0]}, {"type": "decor", "variant": 3, "pos": [643.0, 177.5]}, {"type": "decor", "variant": 3, "pos": [775.5, 178.5]}, {"type": "decor", "variant": 3, "pos": [893.5, 276.5]}, {"type": "decor", "variant": 3, "pos": [984.5, 291.0]}, {"type": "large_decor", "variant": 0, "pos": [963.5, 298.0]}, {"type": "large_decor", "variant": 2, "pos": [1064.0, 277.5]}, {"type": "large_decor", "variant": 1, "pos": [1037.5, 309.5]}, {"type": "decor", "variant": 0, "pos": [1002.0, 304.0]}, {"type": "large_decor", "variant": 2, "pos": [951.0, -113.5]}, {"type": "large_decor", "variant": 2, "pos": [1111.5, 14.5]}, {"type": "large_decor", "variant": 0, "pos": [596.5, 170.5]}, {"type": "large_decor", "variant": 1, "pos": [663.5, 180.5]}, {"type": "large_decor", "variant": 1, "pos": [521.0, 164.5]}, {"type": "large_decor", "variant": 1, "pos": [448.5, 166.5]}, {"type": "large_decor", "variant": 1, "pos": [75.5, 116.5]}, {"type": "large_decor", "variant": 2, "pos": [823.0, 200.5]}, {"type": "large_decor", "variant": 2, "pos": [850.5, 220.5]}, {"type": "large_decor", "variant": 2, "pos": [1144.5, 282.0]}, {"type": "large_decor", "variant": 1, "pos": [1302.5, 122.0]}]}