{"tilemap": {"35;8": {"type": "BG_grass", "variant": 8, "pos": [35, 8]}, "35;9": {"type": "BG_grass", "variant": 8, "pos": [35, 9]}, "34;8": {"type": "BG_grass", "variant": 8, "pos": [34, 8]}, "34;9": {"type": "BG_grass", "variant": 5, "pos": [34, 9]}, "35;10": {"type": "BG_grass", "variant": 6, "pos": [35, 10]}, "36;10": {"type": "BG_grass", "variant": 5, "pos": [36, 10]}, "37;11": {"type": "BG_grass", "variant": 6, "pos": [37, 11]}, "38;12": {"type": "BG_grass", "variant": 7, "pos": [38, 12]}, "38;11": {"type": "BG_grass", "variant": 8, "pos": [38, 11]}, "38;13": {"type": "BG_grass", "variant": 7, "pos": [38, 13]}, "39;13": {"type": "BG_grass", "variant": 5, "pos": [39, 13]}, "39;14": {"type": "BG_grass", "variant": 8, "pos": [39, 14]}, "40;14": {"type": "BG_grass", "variant": 5, "pos": [40, 14]}, "38;14": {"type": "BG_grass", "variant": 8, "pos": [38, 14]}, "38;15": {"type": "BG_grass", "variant": 8, "pos": [38, 15]}, "39;15": {"type": "BG_grass", "variant": 3, "pos": [39, 15]}, "41;14": {"type": "BG_grass", "variant": 5, "pos": [41, 14]}, "42;14": {"type": "BG_grass", "variant": 5, "pos": [42, 14]}, "43;14": {"type": "BG_grass", "variant": 5, "pos": [43, 14]}, "44;14": {"type": "BG_grass", "variant": 5, "pos": [44, 14]}, "45;14": {"type": "BG_grass", "variant": 8, "pos": [45, 14]}, "45;15": {"type": "BG_grass", "variant": 6, "pos": [45, 15]}, "40;16": {"type": "BG_grass", "variant": 2, "pos": [40, 16]}, "39;16": {"type": "BG_grass", "variant": 8, "pos": [39, 16]}, "39;17": {"type": "BG_grass", "variant": 8, "pos": [39, 17]}, "38;16": {"type": "BG_grass", "variant": 8, "pos": [38, 16]}, "37;15": {"type": "BG_grass", "variant": 8, "pos": [37, 15]}, "37;14": {"type": "BG_grass", "variant": 1, "pos": [37, 14]}, "36;14": {"type": "BG_grass", "variant": 1, "pos": [36, 14]}, "41;17": {"type": "BG_grass", "variant": 1, "pos": [41, 17]}, "40;17": {"type": "BG_grass", "variant": 8, "pos": [40, 17]}, "41;18": {"type": "BG_grass", "variant": 8, "pos": [41, 18]}, "42;18": {"type": "BG_grass", "variant": 8, "pos": [42, 18]}, "43;18": {"type": "BG_grass", "variant": 8, "pos": [43, 18]}, "44;19": {"type": "BG_grass", "variant": 4, "pos": [44, 19]}, "43;19": {"type": "BG_grass", "variant": 8, "pos": [43, 19]}, "46;18": {"type": "BG_grass", "variant": 4, "pos": [46, 18]}, "46;17": {"type": "BG_grass", "variant": 3, "pos": [46, 17]}, "46;16": {"type": "BG_grass", "variant": 7, "pos": [46, 16]}, "46;15": {"type": "BG_grass", "variant": 8, "pos": [46, 15]}, "46;14": {"type": "BG_grass", "variant": 8, "pos": [46, 14]}, "47;14": {"type": "BG_grass", "variant": 3, "pos": [47, 14]}, "47;15": {"type": "BG_grass", "variant": 3, "pos": [47, 15]}, "47;16": {"type": "BG_grass", "variant": 4, "pos": [47, 16]}, "45;18": {"type": "BG_grass", "variant": 5, "pos": [45, 18]}, "44;17": {"type": "BG_grass", "variant": 1, "pos": [44, 17]}, "44;18": {"type": "BG_grass", "variant": 8, "pos": [44, 18]}, "43;17": {"type": "BG_grass", "variant": 1, "pos": [43, 17]}, "45;17": {"type": "BG_grass", "variant": 1, "pos": [45, 17]}, "42;17": {"type": "BG_grass", "variant": 1, "pos": [42, 17]}, "35;7": {"type": "BG_grass", "variant": 8, "pos": [35, 7]}, "34;7": {"type": "BG_grass", "variant": 8, "pos": [34, 7]}, "36;8": {"type": "BG_grass", "variant": 8, "pos": [36, 8]}, "36;9": {"type": "BG_grass", "variant": 8, "pos": [36, 9]}, "36;7": {"type": "BG_grass", "variant": 2, "pos": [36, 7]}, "37;9": {"type": "BG_grass", "variant": 3, "pos": [37, 9]}, "37;10": {"type": "BG_grass", "variant": 8, "pos": [37, 10]}, "38;10": {"type": "BG_grass", "variant": 1, "pos": [38, 10]}, "39;10": {"type": "BG_grass", "variant": 2, "pos": [39, 10]}, "40;12": {"type": "BG_grass", "variant": 8, "pos": [40, 12]}, "41;13": {"type": "BG_grass", "variant": 8, "pos": [41, 13]}, "42;13": {"type": "BG_grass", "variant": 8, "pos": [42, 13]}, "43;13": {"type": "BG_grass", "variant": 8, "pos": [43, 13]}, "44;13": {"type": "BG_grass", "variant": 1, "pos": [44, 13]}, "45;13": {"type": "BG_grass", "variant": 1, "pos": [45, 13]}, "46;13": {"type": "BG_grass", "variant": 1, "pos": [46, 13]}, "47;13": {"type": "BG_grass", "variant": 2, "pos": [47, 13]}, "33;7": {"type": "BG_grass", "variant": 8, "pos": [33, 7]}, "33;8": {"type": "BG_grass", "variant": 8, "pos": [33, 8]}, "33;9": {"type": "BG_grass", "variant": 8, "pos": [33, 9]}, "33;11": {"type": "BG_grass", "variant": 3, "pos": [33, 11]}, "33;10": {"type": "BG_grass", "variant": 3, "pos": [33, 10]}, "34;6": {"type": "BG_grass", "variant": 8, "pos": [34, 6]}, "34;5": {"type": "BG_grass", "variant": 2, "pos": [34, 5]}, "33;6": {"type": "BG_grass", "variant": 8, "pos": [33, 6]}, "33;5": {"type": "BG_grass", "variant": 1, "pos": [33, 5]}, "32;5": {"type": "BG_grass", "variant": 0, "pos": [32, 5]}, "32;6": {"type": "BG_grass", "variant": 8, "pos": [32, 6]}, "31;6": {"type": "BG_grass", "variant": 1, "pos": [31, 6]}, "31;7": {"type": "BG_grass", "variant": 8, "pos": [31, 7]}, "31;8": {"type": "BG_grass", "variant": 5, "pos": [31, 8]}, "30;8": {"type": "BG_grass", "variant": 7, "pos": [30, 8]}, "30;9": {"type": "BG_grass", "variant": 4, "pos": [30, 9]}, "29;9": {"type": "BG_grass", "variant": 1, "pos": [29, 9]}, "29;10": {"type": "BG_grass", "variant": 4, "pos": [29, 10]}, "28;10": {"type": "BG_grass", "variant": 8, "pos": [28, 10]}, "27;10": {"type": "BG_grass", "variant": 8, "pos": [27, 10]}, "28;9": {"type": "BG_grass", "variant": 1, "pos": [28, 9]}, "26;10": {"type": "BG_grass", "variant": 0, "pos": [26, 10]}, "26;11": {"type": "BG_grass", "variant": 8, "pos": [26, 11]}, "25;11": {"type": "BG_grass", "variant": 1, "pos": [25, 11]}, "24;11": {"type": "BG_grass", "variant": 1, "pos": [24, 11]}, "23;11": {"type": "BG_grass", "variant": 1, "pos": [23, 11]}, "23;12": {"type": "BG_grass", "variant": 5, "pos": [23, 12]}, "22;12": {"type": "BG_grass", "variant": 6, "pos": [22, 12]}, "32;7": {"type": "BG_grass", "variant": 8, "pos": [32, 7]}, "32;8": {"type": "BG_grass", "variant": 8, "pos": [32, 8]}, "32;9": {"type": "BG_grass", "variant": 7, "pos": [32, 9]}, "32;10": {"type": "BG_grass", "variant": 7, "pos": [32, 10]}, "32;11": {"type": "BG_grass", "variant": 7, "pos": [32, 11]}, "28;12": {"type": "BG_grass", "variant": 3, "pos": [28, 12]}, "28;11": {"type": "BG_grass", "variant": 3, "pos": [28, 11]}, "27;11": {"type": "BG_grass", "variant": 8, "pos": [27, 11]}, "25;12": {"type": "BG_grass", "variant": 5, "pos": [25, 12]}, "24;12": {"type": "BG_grass", "variant": 5, "pos": [24, 12]}, "26;12": {"type": "BG_grass", "variant": 8, "pos": [26, 12]}, "27;12": {"type": "BG_grass", "variant": 8, "pos": [27, 12]}, "32;12": {"type": "BG_grass", "variant": 7, "pos": [32, 12]}, "33;12": {"type": "BG_grass", "variant": 3, "pos": [33, 12]}, "34;13": {"type": "BG_grass", "variant": 1, "pos": [34, 13]}, "35;13": {"type": "BG_grass", "variant": 2, "pos": [35, 13]}, "35;14": {"type": "BG_grass", "variant": 8, "pos": [35, 14]}, "36;15": {"type": "BG_grass", "variant": 8, "pos": [36, 15]}, "35;15": {"type": "BG_grass", "variant": 8, "pos": [35, 15]}, "34;15": {"type": "BG_grass", "variant": 8, "pos": [34, 15]}, "34;14": {"type": "BG_grass", "variant": 8, "pos": [34, 14]}, "33;13": {"type": "BG_grass", "variant": 8, "pos": [33, 13]}, "33;14": {"type": "BG_grass", "variant": 8, "pos": [33, 14]}, "33;15": {"type": "BG_grass", "variant": 8, "pos": [33, 15]}, "33;16": {"type": "BG_grass", "variant": 8, "pos": [33, 16]}, "42;20": {"type": "BG_grass", "variant": 8, "pos": [42, 20]}, "42;19": {"type": "BG_grass", "variant": 8, "pos": [42, 19]}, "41;20": {"type": "BG_grass", "variant": 8, "pos": [41, 20]}, "41;19": {"type": "BG_grass", "variant": 8, "pos": [41, 19]}, "40;20": {"type": "BG_grass", "variant": 8, "pos": [40, 20]}, "40;19": {"type": "BG_grass", "variant": 8, "pos": [40, 19]}, "40;18": {"type": "BG_grass", "variant": 8, "pos": [40, 18]}, "39;19": {"type": "BG_grass", "variant": 8, "pos": [39, 19]}, "39;20": {"type": "BG_grass", "variant": 8, "pos": [39, 20]}, "39;18": {"type": "BG_grass", "variant": 8, "pos": [39, 18]}, "38;19": {"type": "BG_grass", "variant": 8, "pos": [38, 19]}, "38;20": {"type": "BG_grass", "variant": 5, "pos": [38, 20]}, "37;19": {"type": "BG_grass", "variant": 8, "pos": [37, 19]}, "37;20": {"type": "BG_grass", "variant": 6, "pos": [37, 20]}, "38;18": {"type": "BG_grass", "variant": 8, "pos": [38, 18]}, "38;17": {"type": "BG_grass", "variant": 8, "pos": [38, 17]}, "37;18": {"type": "BG_grass", "variant": 8, "pos": [37, 18]}, "36;19": {"type": "BG_grass", "variant": 5, "pos": [36, 19]}, "37;17": {"type": "BG_grass", "variant": 8, "pos": [37, 17]}, "36;18": {"type": "BG_grass", "variant": 8, "pos": [36, 18]}, "36;17": {"type": "BG_grass", "variant": 8, "pos": [36, 17]}, "35;18": {"type": "BG_grass", "variant": 8, "pos": [35, 18]}, "36;16": {"type": "BG_grass", "variant": 8, "pos": [36, 16]}, "37;16": {"type": "BG_grass", "variant": 8, "pos": [37, 16]}, "35;16": {"type": "BG_grass", "variant": 8, "pos": [35, 16]}, "35;17": {"type": "BG_grass", "variant": 8, "pos": [35, 17]}, "34;17": {"type": "BG_grass", "variant": 8, "pos": [34, 17]}, "34;18": {"type": "BG_grass", "variant": 6, "pos": [34, 18]}, "34;16": {"type": "BG_grass", "variant": 8, "pos": [34, 16]}, "35;19": {"type": "BG_grass", "variant": 6, "pos": [35, 19]}, "33;17": {"type": "BG_grass", "variant": 6, "pos": [33, 17]}, "32;16": {"type": "BG_grass", "variant": 5, "pos": [32, 16]}, "31;16": {"type": "BG_grass", "variant": 5, "pos": [31, 16]}, "30;16": {"type": "BG_grass", "variant": 6, "pos": [30, 16]}, "30;15": {"type": "BG_grass", "variant": 8, "pos": [30, 15]}, "30;14": {"type": "BG_grass", "variant": 8, "pos": [30, 14]}, "29;14": {"type": "BG_grass", "variant": 8, "pos": [29, 14]}, "28;14": {"type": "BG_grass", "variant": 5, "pos": [28, 14]}, "29;15": {"type": "BG_grass", "variant": 6, "pos": [29, 15]}, "27;14": {"type": "BG_grass", "variant": 6, "pos": [27, 14]}, "27;13": {"type": "BG_grass", "variant": 8, "pos": [27, 13]}, "26;13": {"type": "BG_grass", "variant": 6, "pos": [26, 13]}, "28;13": {"type": "BG_grass", "variant": 8, "pos": [28, 13]}, "29;13": {"type": "BG_grass", "variant": 1, "pos": [29, 13]}, "30;13": {"type": "BG_grass", "variant": 1, "pos": [30, 13]}, "31;13": {"type": "BG_grass", "variant": 1, "pos": [31, 13]}, "32;13": {"type": "BG_grass", "variant": 8, "pos": [32, 13]}, "31;14": {"type": "BG_grass", "variant": 8, "pos": [31, 14]}, "31;15": {"type": "BG_grass", "variant": 8, "pos": [31, 15]}, "32;15": {"type": "BG_grass", "variant": 8, "pos": [32, 15]}, "32;14": {"type": "BG_grass", "variant": 8, "pos": [32, 14]}, "39;12": {"type": "BG_grass", "variant": 8, "pos": [39, 12]}, "39;11": {"type": "BG_grass", "variant": 8, "pos": [39, 11]}, "40;11": {"type": "BG_grass", "variant": 1, "pos": [40, 11]}, "41;11": {"type": "BG_grass", "variant": 2, "pos": [41, 11]}, "41;12": {"type": "BG_grass", "variant": 8, "pos": [41, 12]}, "42;12": {"type": "BG_grass", "variant": 1, "pos": [42, 12]}, "43;12": {"type": "BG_grass", "variant": 2, "pos": [43, 12]}, "27;9": {"type": "BG_grass", "variant": 0, "pos": [27, 9]}, "22;11": {"type": "BG_grass", "variant": 0, "pos": [22, 11]}, "43;20": {"type": "BG_grass", "variant": 3, "pos": [43, 20]}, "43;21": {"type": "BG_grass", "variant": 4, "pos": [43, 21]}, "42;21": {"type": "BG_grass", "variant": 5, "pos": [42, 21]}, "41;21": {"type": "BG_grass", "variant": 5, "pos": [41, 21]}, "40;21": {"type": "BG_grass", "variant": 5, "pos": [40, 21]}, "39;21": {"type": "BG_grass", "variant": 6, "pos": [39, 21]}, "30;6": {"type": "BG_grass", "variant": 0, "pos": [30, 6]}, "30;7": {"type": "BG_grass", "variant": 7, "pos": [30, 7]}, "35;6": {"type": "BG_grass", "variant": 2, "pos": [35, 6]}, "37;8": {"type": "BG_grass", "variant": 2, "pos": [37, 8]}, "3;7": {"type": "BG_grass", "variant": 7, "pos": [3, 7]}, "3;8": {"type": "BG_grass", "variant": 6, "pos": [3, 8]}, "4;8": {"type": "BG_grass", "variant": 8, "pos": [4, 8]}, "4;9": {"type": "BG_grass", "variant": 6, "pos": [4, 9]}, "5;9": {"type": "BG_grass", "variant": 8, "pos": [5, 9]}, "5;10": {"type": "BG_grass", "variant": 6, "pos": [5, 10]}, "6;10": {"type": "BG_grass", "variant": 8, "pos": [6, 10]}, "6;11": {"type": "BG_grass", "variant": 6, "pos": [6, 11]}, "7;11": {"type": "BG_grass", "variant": 8, "pos": [7, 11]}, "7;12": {"type": "BG_grass", "variant": 6, "pos": [7, 12]}, "8;12": {"type": "BG_grass", "variant": 5, "pos": [8, 12]}, "9;12": {"type": "BG_grass", "variant": 5, "pos": [9, 12]}, "10;12": {"type": "BG_grass", "variant": 5, "pos": [10, 12]}, "11;12": {"type": "BG_grass", "variant": 5, "pos": [11, 12]}, "12;12": {"type": "BG_grass", "variant": 5, "pos": [12, 12]}, "13;12": {"type": "BG_grass", "variant": 4, "pos": [13, 12]}, "13;11": {"type": "BG_grass", "variant": 3, "pos": [13, 11]}, "12;11": {"type": "BG_grass", "variant": 8, "pos": [12, 11]}, "13;10": {"type": "BG_grass", "variant": 2, "pos": [13, 10]}, "12;10": {"type": "BG_grass", "variant": 1, "pos": [12, 10]}, "11;10": {"type": "BG_grass", "variant": 8, "pos": [11, 10]}, "11;11": {"type": "BG_grass", "variant": 8, "pos": [11, 11]}, "10;11": {"type": "BG_grass", "variant": 8, "pos": [10, 11]}, "9;11": {"type": "BG_grass", "variant": 8, "pos": [9, 11]}, "10;10": {"type": "BG_grass", "variant": 8, "pos": [10, 10]}, "9;10": {"type": "BG_grass", "variant": 8, "pos": [9, 10]}, "8;11": {"type": "BG_grass", "variant": 8, "pos": [8, 11]}, "10;9": {"type": "BG_grass", "variant": 1, "pos": [10, 9]}, "11;9": {"type": "BG_grass", "variant": 2, "pos": [11, 9]}, "8;10": {"type": "BG_grass", "variant": 8, "pos": [8, 10]}, "9;9": {"type": "BG_grass", "variant": 1, "pos": [9, 9]}, "7;10": {"type": "BG_grass", "variant": 8, "pos": [7, 10]}, "7;9": {"type": "BG_grass", "variant": 8, "pos": [7, 9]}, "8;9": {"type": "BG_grass", "variant": 8, "pos": [8, 9]}, "6;9": {"type": "BG_grass", "variant": 8, "pos": [6, 9]}, "5;8": {"type": "BG_grass", "variant": 8, "pos": [5, 8]}, "6;8": {"type": "BG_grass", "variant": 8, "pos": [6, 8]}, "7;8": {"type": "BG_grass", "variant": 1, "pos": [7, 8]}, "8;8": {"type": "BG_grass", "variant": 2, "pos": [8, 8]}, "6;7": {"type": "BG_grass", "variant": 2, "pos": [6, 7]}, "5;7": {"type": "BG_grass", "variant": 8, "pos": [5, 7]}, "4;7": {"type": "BG_grass", "variant": 8, "pos": [4, 7]}, "5;6": {"type": "BG_grass", "variant": 2, "pos": [5, 6]}, "4;6": {"type": "BG_grass", "variant": 1, "pos": [4, 6]}, "3;6": {"type": "BG_grass", "variant": 0, "pos": [3, 6]}, "49;18": {"type": "stone", "variant": 0, "pos": [49, 18]}, "50;19": {"type": "stone", "variant": 5, "pos": [50, 19]}, "49;19": {"type": "stone", "variant": 6, "pos": [49, 19]}, "50;18": {"type": "stone", "variant": 1, "pos": [50, 18]}, "51;18": {"type": "stone", "variant": 1, "pos": [51, 18]}, "52;18": {"type": "stone", "variant": 1, "pos": [52, 18]}, "53;18": {"type": "stone", "variant": 1, "pos": [53, 18]}, "54;18": {"type": "stone", "variant": 1, "pos": [54, 18]}, "55;18": {"type": "stone", "variant": 1, "pos": [55, 18]}, "56;18": {"type": "stone", "variant": 2, "pos": [56, 18]}, "56;19": {"type": "stone", "variant": 8, "pos": [56, 19]}, "57;19": {"type": "stone", "variant": 2, "pos": [57, 19]}, "57;20": {"type": "stone", "variant": 3, "pos": [57, 20]}, "57;21": {"type": "stone", "variant": 3, "pos": [57, 21]}, "57;22": {"type": "stone", "variant": 3, "pos": [57, 22]}, "57;23": {"type": "stone", "variant": 4, "pos": [57, 23]}, "56;23": {"type": "stone", "variant": 5, "pos": [56, 23]}, "55;23": {"type": "stone", "variant": 6, "pos": [55, 23]}, "55;22": {"type": "stone", "variant": 8, "pos": [55, 22]}, "54;22": {"type": "stone", "variant": 5, "pos": [54, 22]}, "53;22": {"type": "stone", "variant": 6, "pos": [53, 22]}, "53;21": {"type": "stone", "variant": 8, "pos": [53, 21]}, "52;21": {"type": "stone", "variant": 6, "pos": [52, 21]}, "52;20": {"type": "stone", "variant": 8, "pos": [52, 20]}, "51;20": {"type": "stone", "variant": 6, "pos": [51, 20]}, "51;19": {"type": "stone", "variant": 8, "pos": [51, 19]}, "52;19": {"type": "stone", "variant": 8, "pos": [52, 19]}, "53;19": {"type": "stone", "variant": 8, "pos": [53, 19]}, "54;19": {"type": "stone", "variant": 8, "pos": [54, 19]}, "55;20": {"type": "stone", "variant": 8, "pos": [55, 20]}, "56;20": {"type": "stone", "variant": 8, "pos": [56, 20]}, "56;21": {"type": "stone", "variant": 8, "pos": [56, 21]}, "56;22": {"type": "stone", "variant": 8, "pos": [56, 22]}, "55;21": {"type": "stone", "variant": 8, "pos": [55, 21]}, "54;21": {"type": "stone", "variant": 8, "pos": [54, 21]}, "53;20": {"type": "stone", "variant": 8, "pos": [53, 20]}, "54;20": {"type": "stone", "variant": 8, "pos": [54, 20]}, "55;19": {"type": "stone", "variant": 8, "pos": [55, 19]}, "60;23": {"type": "stone", "variant": 0, "pos": [60, 23]}, "61;23": {"type": "stone", "variant": 0, "pos": [61, 23]}, "62;22": {"type": "stone", "variant": 0, "pos": [62, 22]}, "63;21": {"type": "stone", "variant": 0, "pos": [63, 21]}, "64;21": {"type": "stone", "variant": 1, "pos": [64, 21]}, "65;21": {"type": "stone", "variant": 1, "pos": [65, 21]}, "64;22": {"type": "stone", "variant": 8, "pos": [64, 22]}, "63;22": {"type": "stone", "variant": 8, "pos": [63, 22]}, "63;23": {"type": "stone", "variant": 5, "pos": [63, 23]}, "62;23": {"type": "stone", "variant": 5, "pos": [62, 23]}, "65;22": {"type": "stone", "variant": 8, "pos": [65, 22]}, "66;21": {"type": "stone", "variant": 1, "pos": [66, 21]}, "67;21": {"type": "stone", "variant": 2, "pos": [67, 21]}, "66;22": {"type": "stone", "variant": 8, "pos": [66, 22]}, "65;23": {"type": "stone", "variant": 8, "pos": [65, 23]}, "64;23": {"type": "stone", "variant": 8, "pos": [64, 23]}, "67;22": {"type": "stone", "variant": 3, "pos": [67, 22]}, "67;23": {"type": "stone", "variant": 8, "pos": [67, 23]}, "68;23": {"type": "stone", "variant": 2, "pos": [68, 23]}, "68;24": {"type": "stone", "variant": 8, "pos": [68, 24]}, "69;25": {"type": "stone", "variant": 8, "pos": [69, 25]}, "69;26": {"type": "stone", "variant": 8, "pos": [69, 26]}, "69;27": {"type": "stone", "variant": 8, "pos": [69, 27]}, "69;28": {"type": "stone", "variant": 5, "pos": [69, 28]}, "68;28": {"type": "stone", "variant": 6, "pos": [68, 28]}, "68;27": {"type": "stone", "variant": 8, "pos": [68, 27]}, "68;26": {"type": "stone", "variant": 8, "pos": [68, 26]}, "67;27": {"type": "stone", "variant": 6, "pos": [67, 27]}, "67;25": {"type": "stone", "variant": 8, "pos": [67, 25]}, "66;25": {"type": "stone", "variant": 8, "pos": [66, 25]}, "66;26": {"type": "stone", "variant": 6, "pos": [66, 26]}, "65;25": {"type": "stone", "variant": 6, "pos": [65, 25]}, "65;24": {"type": "stone", "variant": 8, "pos": [65, 24]}, "64;24": {"type": "stone", "variant": 6, "pos": [64, 24]}, "66;24": {"type": "stone", "variant": 8, "pos": [66, 24]}, "66;23": {"type": "stone", "variant": 8, "pos": [66, 23]}, "67;24": {"type": "stone", "variant": 8, "pos": [67, 24]}, "68;25": {"type": "stone", "variant": 8, "pos": [68, 25]}, "69;24": {"type": "stone", "variant": 2, "pos": [69, 24]}, "70;25": {"type": "stone", "variant": 2, "pos": [70, 25]}, "70;26": {"type": "stone", "variant": 3, "pos": [70, 26]}, "70;27": {"type": "stone", "variant": 3, "pos": [70, 27]}, "70;28": {"type": "stone", "variant": 4, "pos": [70, 28]}, "67;26": {"type": "stone", "variant": 8, "pos": [67, 26]}, "80;16": {"type": "stone", "variant": 6, "pos": [80, 16]}, "80;15": {"type": "stone", "variant": 8, "pos": [80, 15]}, "79;15": {"type": "stone", "variant": 6, "pos": [79, 15]}, "79;14": {"type": "stone", "variant": 8, "pos": [79, 14]}, "78;14": {"type": "stone", "variant": 6, "pos": [78, 14]}, "78;13": {"type": "stone", "variant": 8, "pos": [78, 13]}, "78;12": {"type": "stone", "variant": 2, "pos": [78, 12]}, "79;13": {"type": "stone", "variant": 2, "pos": [79, 13]}, "80;14": {"type": "stone", "variant": 2, "pos": [80, 14]}, "81;16": {"type": "stone", "variant": 5, "pos": [81, 16]}, "81;15": {"type": "stone", "variant": 2, "pos": [81, 15]}, "82;16": {"type": "stone", "variant": 2, "pos": [82, 16]}, "82;17": {"type": "stone", "variant": 3, "pos": [82, 17]}, "77;11": {"type": "stone", "variant": 2, "pos": [77, 11]}, "77;12": {"type": "stone", "variant": 8, "pos": [77, 12]}, "76;12": {"type": "stone", "variant": 6, "pos": [76, 12]}, "76;11": {"type": "stone", "variant": 7, "pos": [76, 11]}, "76;10": {"type": "stone", "variant": 2, "pos": [76, 10]}, "77;13": {"type": "stone", "variant": 6, "pos": [77, 13]}, "82;6": {"type": "BG_grass", "variant": 6, "pos": [82, 6]}, "82;5": {"type": "BG_grass", "variant": 8, "pos": [82, 5]}, "82;4": {"type": "BG_grass", "variant": 8, "pos": [82, 4]}, "81;4": {"type": "BG_grass", "variant": 8, "pos": [81, 4]}, "81;5": {"type": "BG_grass", "variant": 6, "pos": [81, 5]}, "81;3": {"type": "BG_grass", "variant": 8, "pos": [81, 3]}, "80;3": {"type": "BG_grass", "variant": 7, "pos": [80, 3]}, "80;4": {"type": "BG_grass", "variant": 6, "pos": [80, 4]}, "80;2": {"type": "BG_grass", "variant": 8, "pos": [80, 2]}, "80;1": {"type": "BG_grass", "variant": 8, "pos": [80, 1]}, "80;0": {"type": "BG_grass", "variant": 8, "pos": [80, 0]}, "81;1": {"type": "BG_grass", "variant": 3, "pos": [81, 1]}, "81;2": {"type": "BG_grass", "variant": 3, "pos": [81, 2]}, "82;3": {"type": "BG_grass", "variant": 2, "pos": [82, 3]}, "83;4": {"type": "BG_grass", "variant": 2, "pos": [83, 4]}, "83;5": {"type": "BG_grass", "variant": 8, "pos": [83, 5]}, "83;6": {"type": "BG_grass", "variant": 8, "pos": [83, 6]}, "83;7": {"type": "BG_grass", "variant": 6, "pos": [83, 7]}, "84;7": {"type": "BG_grass", "variant": 3, "pos": [84, 7]}, "84;8": {"type": "BG_grass", "variant": 0, "pos": [84, 8]}, "84;6": {"type": "BG_grass", "variant": 3, "pos": [84, 6]}, "84;5": {"type": "BG_grass", "variant": 2, "pos": [84, 5]}, "79;-1": {"type": "BG_grass", "variant": 8, "pos": [79, -1]}, "79;0": {"type": "BG_grass", "variant": 8, "pos": [79, 0]}, "79;1": {"type": "BG_grass", "variant": 8, "pos": [79, 1]}, "79;2": {"type": "BG_grass", "variant": 6, "pos": [79, 2]}, "78;-1": {"type": "BG_grass", "variant": 7, "pos": [78, -1]}, "78;0": {"type": "BG_grass", "variant": 7, "pos": [78, 0]}, "78;-2": {"type": "BG_grass", "variant": 0, "pos": [78, -2]}, "78;1": {"type": "BG_grass", "variant": 6, "pos": [78, 1]}, "81;0": {"type": "BG_grass", "variant": 3, "pos": [81, 0]}, "81;-1": {"type": "BG_grass", "variant": 8, "pos": [81, -1]}, "82;-1": {"type": "BG_grass", "variant": 4, "pos": [82, -1]}, "82;-2": {"type": "BG_grass", "variant": 8, "pos": [82, -2]}, "83;-2": {"type": "BG_grass", "variant": 5, "pos": [83, -2]}, "84;-2": {"type": "BG_grass", "variant": 4, "pos": [84, -2]}, "84;-3": {"type": "BG_grass", "variant": 8, "pos": [84, -3]}, "85;-3": {"type": "BG_grass", "variant": 4, "pos": [85, -3]}, "85;-4": {"type": "BG_grass", "variant": 3, "pos": [85, -4]}, "85;-5": {"type": "BG_grass", "variant": 2, "pos": [85, -5]}, "84;-4": {"type": "BG_grass", "variant": 8, "pos": [84, -4]}, "83;-3": {"type": "BG_grass", "variant": 8, "pos": [83, -3]}, "82;-3": {"type": "BG_grass", "variant": 8, "pos": [82, -3]}, "81;-2": {"type": "BG_grass", "variant": 8, "pos": [81, -2]}, "80;-1": {"type": "BG_grass", "variant": 8, "pos": [80, -1]}, "79;-2": {"type": "BG_grass", "variant": 1, "pos": [79, -2]}, "80;-2": {"type": "BG_grass", "variant": 8, "pos": [80, -2]}, "81;-3": {"type": "BG_grass", "variant": 1, "pos": [81, -3]}, "80;-3": {"type": "BG_grass", "variant": 0, "pos": [80, -3]}, "82;-4": {"type": "BG_grass", "variant": 0, "pos": [82, -4]}, "83;-4": {"type": "BG_grass", "variant": 1, "pos": [83, -4]}, "84;-5": {"type": "BG_grass", "variant": 0, "pos": [84, -5]}, "75;22": {"type": "stone", "variant": 0, "pos": [75, 22]}, "75;23": {"type": "stone", "variant": 6, "pos": [75, 23]}, "76;23": {"type": "stone", "variant": 8, "pos": [76, 23]}, "77;23": {"type": "stone", "variant": 8, "pos": [77, 23]}, "78;23": {"type": "stone", "variant": 8, "pos": [78, 23]}, "79;23": {"type": "stone", "variant": 8, "pos": [79, 23]}, "80;23": {"type": "stone", "variant": 2, "pos": [80, 23]}, "80;24": {"type": "stone", "variant": 8, "pos": [80, 24]}, "81;24": {"type": "stone", "variant": 1, "pos": [81, 24]}, "82;24": {"type": "stone", "variant": 2, "pos": [82, 24]}, "82;25": {"type": "stone", "variant": 8, "pos": [82, 25]}, "83;25": {"type": "stone", "variant": 2, "pos": [83, 25]}, "83;26": {"type": "stone", "variant": 8, "pos": [83, 26]}, "84;26": {"type": "stone", "variant": 2, "pos": [84, 26]}, "82;26": {"type": "stone", "variant": 8, "pos": [82, 26]}, "81;25": {"type": "stone", "variant": 8, "pos": [81, 25]}, "79;24": {"type": "stone", "variant": 8, "pos": [79, 24]}, "78;24": {"type": "stone", "variant": 8, "pos": [78, 24]}, "76;24": {"type": "stone", "variant": 6, "pos": [76, 24]}, "77;24": {"type": "stone", "variant": 5, "pos": [77, 24]}, "78;25": {"type": "stone", "variant": 6, "pos": [78, 25]}, "79;25": {"type": "stone", "variant": 8, "pos": [79, 25]}, "80;25": {"type": "stone", "variant": 8, "pos": [80, 25]}, "81;26": {"type": "stone", "variant": 8, "pos": [81, 26]}, "80;26": {"type": "stone", "variant": 8, "pos": [80, 26]}, "79;26": {"type": "stone", "variant": 6, "pos": [79, 26]}, "76;22": {"type": "stone", "variant": 1, "pos": [76, 22]}, "77;22": {"type": "stone", "variant": 1, "pos": [77, 22]}, "78;22": {"type": "stone", "variant": 1, "pos": [78, 22]}, "79;22": {"type": "stone", "variant": 2, "pos": [79, 22]}, "85;27": {"type": "stone", "variant": 2, "pos": [85, 27]}, "84;27": {"type": "stone", "variant": 5, "pos": [84, 27]}, "83;27": {"type": "stone", "variant": 5, "pos": [83, 27]}, "82;27": {"type": "stone", "variant": 5, "pos": [82, 27]}, "81;27": {"type": "stone", "variant": 5, "pos": [81, 27]}, "80;27": {"type": "stone", "variant": 6, "pos": [80, 27]}, "40;13": {"type": "BG_grass", "variant": 5, "pos": [40, 13]}}, "tile_size": 16, "offgrid": []}