{"tilemap": {"2;7": {"type": "BG_grass", "variant": 1, "pos": [2, 7]}, "3;7": {"type": "BG_grass", "variant": 1, "pos": [3, 7]}, "4;7": {"type": "BG_grass", "variant": 1, "pos": [4, 7]}, "4;8": {"type": "BG_grass", "variant": 8, "pos": [4, 8]}, "5;8": {"type": "BG_grass", "variant": 8, "pos": [5, 8]}, "5;9": {"type": "BG_grass", "variant": 8, "pos": [5, 9]}, "6;9": {"type": "BG_grass", "variant": 8, "pos": [6, 9]}, "7;9": {"type": "BG_grass", "variant": 8, "pos": [7, 9]}, "8;9": {"type": "BG_grass", "variant": 8, "pos": [8, 9]}, "7;8": {"type": "BG_grass", "variant": 8, "pos": [7, 8]}, "6;8": {"type": "BG_grass", "variant": 8, "pos": [6, 8]}, "5;7": {"type": "BG_grass", "variant": 1, "pos": [5, 7]}, "6;7": {"type": "BG_grass", "variant": 1, "pos": [6, 7]}, "7;7": {"type": "BG_grass", "variant": 1, "pos": [7, 7]}, "8;7": {"type": "BG_grass", "variant": 8, "pos": [8, 7]}, "9;7": {"type": "BG_grass", "variant": 8, "pos": [9, 7]}, "10;7": {"type": "BG_grass", "variant": 8, "pos": [10, 7]}, "10;6": {"type": "BG_grass", "variant": 8, "pos": [10, 6]}, "8;6": {"type": "BG_grass", "variant": 0, "pos": [8, 6]}, "9;6": {"type": "BG_grass", "variant": 8, "pos": [9, 6]}, "11;6": {"type": "BG_grass", "variant": 8, "pos": [11, 6]}, "11;5": {"type": "BG_grass", "variant": 8, "pos": [11, 5]}, "10;5": {"type": "BG_grass", "variant": 1, "pos": [10, 5]}, "9;5": {"type": "BG_grass", "variant": 0, "pos": [9, 5]}, "11;4": {"type": "BG_grass", "variant": 0, "pos": [11, 4]}, "12;4": {"type": "BG_grass", "variant": 1, "pos": [12, 4]}, "13;4": {"type": "BG_grass", "variant": 2, "pos": [13, 4]}, "13;5": {"type": "BG_grass", "variant": 8, "pos": [13, 5]}, "14;5": {"type": "BG_grass", "variant": 2, "pos": [14, 5]}, "14;6": {"type": "BG_grass", "variant": 3, "pos": [14, 6]}, "15;7": {"type": "BG_grass", "variant": 2, "pos": [15, 7]}, "15;8": {"type": "BG_grass", "variant": 3, "pos": [15, 8]}, "15;9": {"type": "BG_grass", "variant": 8, "pos": [15, 9]}, "16;9": {"type": "BG_grass", "variant": 2, "pos": [16, 9]}, "16;10": {"type": "BG_grass", "variant": 3, "pos": [16, 10]}, "16;11": {"type": "BG_grass", "variant": 8, "pos": [16, 11]}, "15;11": {"type": "BG_grass", "variant": 8, "pos": [15, 11]}, "15;10": {"type": "BG_grass", "variant": 8, "pos": [15, 10]}, "14;10": {"type": "BG_grass", "variant": 8, "pos": [14, 10]}, "14;9": {"type": "BG_grass", "variant": 8, "pos": [14, 9]}, "14;8": {"type": "BG_grass", "variant": 8, "pos": [14, 8]}, "14;7": {"type": "BG_grass", "variant": 8, "pos": [14, 7]}, "13;7": {"type": "BG_grass", "variant": 8, "pos": [13, 7]}, "13;8": {"type": "BG_grass", "variant": 8, "pos": [13, 8]}, "13;9": {"type": "BG_grass", "variant": 8, "pos": [13, 9]}, "13;10": {"type": "BG_grass", "variant": 8, "pos": [13, 10]}, "12;9": {"type": "BG_grass", "variant": 8, "pos": [12, 9]}, "12;8": {"type": "BG_grass", "variant": 8, "pos": [12, 8]}, "12;7": {"type": "BG_grass", "variant": 8, "pos": [12, 7]}, "13;6": {"type": "BG_grass", "variant": 8, "pos": [13, 6]}, "12;6": {"type": "BG_grass", "variant": 8, "pos": [12, 6]}, "12;10": {"type": "BG_grass", "variant": 8, "pos": [12, 10]}, "12;5": {"type": "BG_grass", "variant": 8, "pos": [12, 5]}, "11;7": {"type": "BG_grass", "variant": 8, "pos": [11, 7]}, "11;8": {"type": "BG_grass", "variant": 8, "pos": [11, 8]}, "11;9": {"type": "BG_grass", "variant": 8, "pos": [11, 9]}, "11;10": {"type": "BG_grass", "variant": 8, "pos": [11, 10]}, "10;10": {"type": "BG_grass", "variant": 8, "pos": [10, 10]}, "10;9": {"type": "BG_grass", "variant": 8, "pos": [10, 9]}, "10;8": {"type": "BG_grass", "variant": 8, "pos": [10, 8]}, "9;8": {"type": "BG_grass", "variant": 8, "pos": [9, 8]}, "8;8": {"type": "BG_grass", "variant": 8, "pos": [8, 8]}, "9;9": {"type": "BG_grass", "variant": 8, "pos": [9, 9]}, "9;10": {"type": "BG_grass", "variant": 8, "pos": [9, 10]}, "8;10": {"type": "BG_grass", "variant": 8, "pos": [8, 10]}, "4;9": {"type": "BG_grass", "variant": 8, "pos": [4, 9]}, "3;8": {"type": "BG_grass", "variant": 8, "pos": [3, 8]}, "2;8": {"type": "BG_grass", "variant": 8, "pos": [2, 8]}, "1;7": {"type": "BG_grass", "variant": 0, "pos": [1, 7]}, "1;8": {"type": "BG_grass", "variant": 8, "pos": [1, 8]}, "2;9": {"type": "BG_grass", "variant": 8, "pos": [2, 9]}, "1;9": {"type": "BG_grass", "variant": 8, "pos": [1, 9]}, "0;8": {"type": "BG_grass", "variant": 0, "pos": [0, 8]}, "0;9": {"type": "BG_grass", "variant": 7, "pos": [0, 9]}, "0;10": {"type": "BG_grass", "variant": 6, "pos": [0, 10]}, "1;10": {"type": "BG_grass", "variant": 8, "pos": [1, 10]}, "1;11": {"type": "BG_grass", "variant": 6, "pos": [1, 11]}, "2;11": {"type": "BG_grass", "variant": 5, "pos": [2, 11]}, "3;11": {"type": "BG_grass", "variant": 8, "pos": [3, 11]}, "3;12": {"type": "BG_grass", "variant": 6, "pos": [3, 12]}, "2;10": {"type": "BG_grass", "variant": 8, "pos": [2, 10]}, "4;12": {"type": "BG_grass", "variant": 8, "pos": [4, 12]}, "4;13": {"type": "BG_grass", "variant": 6, "pos": [4, 13]}, "5;13": {"type": "BG_grass", "variant": 8, "pos": [5, 13]}, "5;14": {"type": "BG_grass", "variant": 6, "pos": [5, 14]}, "6;14": {"type": "BG_grass", "variant": 5, "pos": [6, 14]}, "7;14": {"type": "BG_grass", "variant": 8, "pos": [7, 14]}, "7;15": {"type": "BG_grass", "variant": 6, "pos": [7, 15]}, "8;15": {"type": "BG_grass", "variant": 5, "pos": [8, 15]}, "9;15": {"type": "BG_grass", "variant": 8, "pos": [9, 15]}, "10;15": {"type": "BG_grass", "variant": 8, "pos": [10, 15]}, "11;15": {"type": "BG_grass", "variant": 8, "pos": [11, 15]}, "9;14": {"type": "BG_grass", "variant": 8, "pos": [9, 14]}, "8;14": {"type": "BG_grass", "variant": 8, "pos": [8, 14]}, "7;13": {"type": "BG_grass", "variant": 8, "pos": [7, 13]}, "6;13": {"type": "BG_grass", "variant": 8, "pos": [6, 13]}, "6;12": {"type": "BG_grass", "variant": 8, "pos": [6, 12]}, "5;12": {"type": "BG_grass", "variant": 8, "pos": [5, 12]}, "5;11": {"type": "BG_grass", "variant": 8, "pos": [5, 11]}, "4;11": {"type": "BG_grass", "variant": 8, "pos": [4, 11]}, "4;10": {"type": "BG_grass", "variant": 8, "pos": [4, 10]}, "3;10": {"type": "BG_grass", "variant": 8, "pos": [3, 10]}, "3;9": {"type": "BG_grass", "variant": 8, "pos": [3, 9]}, "6;11": {"type": "BG_grass", "variant": 8, "pos": [6, 11]}, "5;10": {"type": "BG_grass", "variant": 8, "pos": [5, 10]}, "6;10": {"type": "BG_grass", "variant": 8, "pos": [6, 10]}, "7;10": {"type": "BG_grass", "variant": 8, "pos": [7, 10]}, "7;11": {"type": "BG_grass", "variant": 8, "pos": [7, 11]}, "7;12": {"type": "BG_grass", "variant": 8, "pos": [7, 12]}, "8;12": {"type": "BG_grass", "variant": 8, "pos": [8, 12]}, "8;11": {"type": "BG_grass", "variant": 8, "pos": [8, 11]}, "9;12": {"type": "BG_grass", "variant": 8, "pos": [9, 12]}, "9;11": {"type": "BG_grass", "variant": 8, "pos": [9, 11]}, "10;12": {"type": "BG_grass", "variant": 8, "pos": [10, 12]}, "10;13": {"type": "BG_grass", "variant": 8, "pos": [10, 13]}, "10;11": {"type": "BG_grass", "variant": 8, "pos": [10, 11]}, "11;12": {"type": "BG_grass", "variant": 8, "pos": [11, 12]}, "11;13": {"type": "BG_grass", "variant": 8, "pos": [11, 13]}, "11;11": {"type": "BG_grass", "variant": 8, "pos": [11, 11]}, "12;12": {"type": "BG_grass", "variant": 8, "pos": [12, 12]}, "12;13": {"type": "BG_grass", "variant": 8, "pos": [12, 13]}, "12;14": {"type": "BG_grass", "variant": 8, "pos": [12, 14]}, "13;14": {"type": "BG_grass", "variant": 8, "pos": [13, 14]}, "12;11": {"type": "BG_grass", "variant": 8, "pos": [12, 11]}, "13;11": {"type": "BG_grass", "variant": 8, "pos": [13, 11]}, "13;12": {"type": "BG_grass", "variant": 8, "pos": [13, 12]}, "13;13": {"type": "BG_grass", "variant": 8, "pos": [13, 13]}, "14;12": {"type": "BG_grass", "variant": 8, "pos": [14, 12]}, "14;11": {"type": "BG_grass", "variant": 8, "pos": [14, 11]}, "14;13": {"type": "BG_grass", "variant": 8, "pos": [14, 13]}, "15;13": {"type": "BG_grass", "variant": 8, "pos": [15, 13]}, "16;13": {"type": "BG_grass", "variant": 8, "pos": [16, 13]}, "16;12": {"type": "BG_grass", "variant": 8, "pos": [16, 12]}, "15;12": {"type": "BG_grass", "variant": 8, "pos": [15, 12]}, "16;14": {"type": "BG_grass", "variant": 8, "pos": [16, 14]}, "15;14": {"type": "BG_grass", "variant": 8, "pos": [15, 14]}, "14;14": {"type": "BG_grass", "variant": 8, "pos": [14, 14]}, "11;14": {"type": "BG_grass", "variant": 8, "pos": [11, 14]}, "9;13": {"type": "BG_grass", "variant": 8, "pos": [9, 13]}, "8;13": {"type": "BG_grass", "variant": 8, "pos": [8, 13]}, "10;14": {"type": "BG_grass", "variant": 8, "pos": [10, 14]}, "17;12": {"type": "BG_grass", "variant": 8, "pos": [17, 12]}, "17;13": {"type": "BG_grass", "variant": 8, "pos": [17, 13]}, "17;14": {"type": "BG_grass", "variant": 8, "pos": [17, 14]}, "17;15": {"type": "BG_grass", "variant": 8, "pos": [17, 15]}, "16;15": {"type": "BG_grass", "variant": 8, "pos": [16, 15]}, "15;15": {"type": "BG_grass", "variant": 8, "pos": [15, 15]}, "14;15": {"type": "BG_grass", "variant": 8, "pos": [14, 15]}, "13;15": {"type": "BG_grass", "variant": 8, "pos": [13, 15]}, "12;15": {"type": "BG_grass", "variant": 8, "pos": [12, 15]}, "9;16": {"type": "BG_grass", "variant": 6, "pos": [9, 16]}, "10;16": {"type": "BG_grass", "variant": 5, "pos": [10, 16]}, "11;16": {"type": "BG_grass", "variant": 5, "pos": [11, 16]}, "12;16": {"type": "BG_grass", "variant": 5, "pos": [12, 16]}, "17;11": {"type": "BG_grass", "variant": 1, "pos": [17, 11]}, "19;14": {"type": "BG_grass", "variant": 8, "pos": [19, 14]}, "19;15": {"type": "BG_grass", "variant": 8, "pos": [19, 15]}, "19;16": {"type": "BG_grass", "variant": 3, "pos": [19, 16]}, "19;17": {"type": "BG_grass", "variant": 3, "pos": [19, 17]}, "19;18": {"type": "BG_grass", "variant": 8, "pos": [19, 18]}, "19;19": {"type": "BG_grass", "variant": 8, "pos": [19, 19]}, "19;20": {"type": "BG_grass", "variant": 7, "pos": [19, 20]}, "19;21": {"type": "BG_grass", "variant": 6, "pos": [19, 21]}, "20;21": {"type": "BG_grass", "variant": 8, "pos": [20, 21]}, "20;22": {"type": "BG_grass", "variant": 6, "pos": [20, 22]}, "21;23": {"type": "BG_grass", "variant": 7, "pos": [21, 23]}, "21;24": {"type": "BG_grass", "variant": 6, "pos": [21, 24]}, "22;24": {"type": "BG_grass", "variant": 5, "pos": [22, 24]}, "23;24": {"type": "BG_grass", "variant": 8, "pos": [23, 24]}, "24;24": {"type": "BG_grass", "variant": 8, "pos": [24, 24]}, "24;25": {"type": "BG_grass", "variant": 5, "pos": [24, 25]}, "25;25": {"type": "BG_grass", "variant": 8, "pos": [25, 25]}, "25;26": {"type": "BG_grass", "variant": 7, "pos": [25, 26]}, "25;27": {"type": "BG_grass", "variant": 6, "pos": [25, 27]}, "26;27": {"type": "BG_grass", "variant": 5, "pos": [26, 27]}, "27;27": {"type": "BG_grass", "variant": 5, "pos": [27, 27]}, "28;27": {"type": "BG_grass", "variant": 5, "pos": [28, 27]}, "29;27": {"type": "BG_grass", "variant": 4, "pos": [29, 27]}, "30;26": {"type": "BG_grass", "variant": 4, "pos": [30, 26]}, "31;25": {"type": "BG_grass", "variant": 4, "pos": [31, 25]}, "31;24": {"type": "BG_grass", "variant": 8, "pos": [31, 24]}, "32;24": {"type": "BG_grass", "variant": 4, "pos": [32, 24]}, "32;23": {"type": "BG_grass", "variant": 8, "pos": [32, 23]}, "34;17": {"type": "BG_grass", "variant": 8, "pos": [34, 17]}, "33;23": {"type": "BG_grass", "variant": 5, "pos": [33, 23]}, "34;23": {"type": "BG_grass", "variant": 5, "pos": [34, 23]}, "34;22": {"type": "BG_grass", "variant": 8, "pos": [34, 22]}, "35;22": {"type": "BG_grass", "variant": 8, "pos": [35, 22]}, "36;22": {"type": "BG_grass", "variant": 8, "pos": [36, 22]}, "37;22": {"type": "BG_grass", "variant": 5, "pos": [37, 22]}, "37;21": {"type": "BG_grass", "variant": 8, "pos": [37, 21]}, "38;21": {"type": "BG_grass", "variant": 8, "pos": [38, 21]}, "38;20": {"type": "BG_grass", "variant": 1, "pos": [38, 20]}, "39;20": {"type": "BG_grass", "variant": 8, "pos": [39, 20]}, "39;19": {"type": "BG_grass", "variant": 7, "pos": [39, 19]}, "39;18": {"type": "BG_grass", "variant": 0, "pos": [39, 18]}, "39;15": {"type": "BG_grass", "variant": 5, "pos": [39, 15]}, "39;14": {"type": "BG_grass", "variant": 1, "pos": [39, 14]}, "38;14": {"type": "BG_grass", "variant": 1, "pos": [38, 14]}, "37;14": {"type": "BG_grass", "variant": 1, "pos": [37, 14]}, "36;14": {"type": "BG_grass", "variant": 8, "pos": [36, 14]}, "35;14": {"type": "BG_grass", "variant": 8, "pos": [35, 14]}, "34;14": {"type": "BG_grass", "variant": 8, "pos": [34, 14]}, "36;13": {"type": "BG_grass", "variant": 2, "pos": [36, 13]}, "35;13": {"type": "BG_grass", "variant": 1, "pos": [35, 13]}, "34;13": {"type": "BG_grass", "variant": 1, "pos": [34, 13]}, "33;13": {"type": "BG_grass", "variant": 1, "pos": [33, 13]}, "32;13": {"type": "BG_grass", "variant": 8, "pos": [32, 13]}, "32;12": {"type": "BG_grass", "variant": 2, "pos": [32, 12]}, "31;12": {"type": "BG_grass", "variant": 1, "pos": [31, 12]}, "30;12": {"type": "BG_grass", "variant": 8, "pos": [30, 12]}, "30;11": {"type": "BG_grass", "variant": 2, "pos": [30, 11]}, "29;11": {"type": "BG_grass", "variant": 1, "pos": [29, 11]}, "28;11": {"type": "BG_grass", "variant": 1, "pos": [28, 11]}, "27;11": {"type": "BG_grass", "variant": 1, "pos": [27, 11]}, "26;11": {"type": "BG_grass", "variant": 8, "pos": [26, 11]}, "26;10": {"type": "BG_grass", "variant": 2, "pos": [26, 10]}, "25;10": {"type": "BG_grass", "variant": 8, "pos": [25, 10]}, "25;9": {"type": "BG_grass", "variant": 3, "pos": [25, 9]}, "25;8": {"type": "BG_grass", "variant": 2, "pos": [25, 8]}, "24;8": {"type": "BG_grass", "variant": 1, "pos": [24, 8]}, "23;8": {"type": "BG_grass", "variant": 1, "pos": [23, 8]}, "22;8": {"type": "BG_grass", "variant": 1, "pos": [22, 8]}, "22;9": {"type": "BG_grass", "variant": 8, "pos": [22, 9]}, "21;9": {"type": "BG_grass", "variant": 8, "pos": [21, 9]}, "21;10": {"type": "BG_grass", "variant": 8, "pos": [21, 10]}, "20;10": {"type": "BG_grass", "variant": 8, "pos": [20, 10]}, "20;11": {"type": "BG_grass", "variant": 8, "pos": [20, 11]}, "19;11": {"type": "BG_grass", "variant": 8, "pos": [19, 11]}, "19;12": {"type": "BG_grass", "variant": 8, "pos": [19, 12]}, "19;13": {"type": "BG_grass", "variant": 8, "pos": [19, 13]}, "20;12": {"type": "BG_grass", "variant": 8, "pos": [20, 12]}, "20;13": {"type": "BG_grass", "variant": 8, "pos": [20, 13]}, "20;14": {"type": "BG_grass", "variant": 8, "pos": [20, 14]}, "20;15": {"type": "BG_grass", "variant": 5, "pos": [20, 15]}, "20;18": {"type": "BG_grass", "variant": 2, "pos": [20, 18]}, "20;19": {"type": "BG_grass", "variant": 8, "pos": [20, 19]}, "20;20": {"type": "BG_grass", "variant": 8, "pos": [20, 20]}, "21;20": {"type": "BG_grass", "variant": 8, "pos": [21, 20]}, "21;21": {"type": "BG_grass", "variant": 8, "pos": [21, 21]}, "22;21": {"type": "BG_grass", "variant": 8, "pos": [22, 21]}, "21;22": {"type": "BG_grass", "variant": 8, "pos": [21, 22]}, "22;22": {"type": "BG_grass", "variant": 8, "pos": [22, 22]}, "23;22": {"type": "BG_grass", "variant": 8, "pos": [23, 22]}, "24;22": {"type": "BG_grass", "variant": 8, "pos": [24, 22]}, "23;23": {"type": "BG_grass", "variant": 8, "pos": [23, 23]}, "23;25": {"type": "BG_grass", "variant": 6, "pos": [23, 25]}, "22;23": {"type": "BG_grass", "variant": 8, "pos": [22, 23]}, "24;23": {"type": "BG_grass", "variant": 8, "pos": [24, 23]}, "25;23": {"type": "BG_grass", "variant": 8, "pos": [25, 23]}, "25;24": {"type": "BG_grass", "variant": 8, "pos": [25, 24]}, "26;24": {"type": "BG_grass", "variant": 8, "pos": [26, 24]}, "26;25": {"type": "BG_grass", "variant": 8, "pos": [26, 25]}, "26;26": {"type": "BG_grass", "variant": 8, "pos": [26, 26]}, "27;26": {"type": "BG_grass", "variant": 8, "pos": [27, 26]}, "28;26": {"type": "BG_grass", "variant": 8, "pos": [28, 26]}, "29;26": {"type": "BG_grass", "variant": 8, "pos": [29, 26]}, "30;25": {"type": "BG_grass", "variant": 8, "pos": [30, 25]}, "29;25": {"type": "BG_grass", "variant": 8, "pos": [29, 25]}, "28;25": {"type": "BG_grass", "variant": 8, "pos": [28, 25]}, "27;25": {"type": "BG_grass", "variant": 8, "pos": [27, 25]}, "28;24": {"type": "BG_grass", "variant": 8, "pos": [28, 24]}, "28;23": {"type": "BG_grass", "variant": 8, "pos": [28, 23]}, "29;23": {"type": "BG_grass", "variant": 8, "pos": [29, 23]}, "30;23": {"type": "BG_grass", "variant": 8, "pos": [30, 23]}, "30;22": {"type": "BG_grass", "variant": 8, "pos": [30, 22]}, "27;24": {"type": "BG_grass", "variant": 8, "pos": [27, 24]}, "27;23": {"type": "BG_grass", "variant": 8, "pos": [27, 23]}, "26;23": {"type": "BG_grass", "variant": 8, "pos": [26, 23]}, "26;22": {"type": "BG_grass", "variant": 8, "pos": [26, 22]}, "25;22": {"type": "BG_grass", "variant": 8, "pos": [25, 22]}, "23;21": {"type": "BG_grass", "variant": 8, "pos": [23, 21]}, "22;20": {"type": "BG_grass", "variant": 1, "pos": [22, 20]}, "21;15": {"type": "BG_grass", "variant": 5, "pos": [21, 15]}, "21;14": {"type": "BG_grass", "variant": 8, "pos": [21, 14]}, "21;19": {"type": "BG_grass", "variant": 2, "pos": [21, 19]}, "22;16": {"type": "BG_grass", "variant": 6, "pos": [22, 16]}, "22;15": {"type": "BG_grass", "variant": 8, "pos": [22, 15]}, "22;14": {"type": "BG_grass", "variant": 8, "pos": [22, 14]}, "22;13": {"type": "BG_grass", "variant": 8, "pos": [22, 13]}, "22;12": {"type": "BG_grass", "variant": 8, "pos": [22, 12]}, "21;12": {"type": "BG_grass", "variant": 8, "pos": [21, 12]}, "21;13": {"type": "BG_grass", "variant": 8, "pos": [21, 13]}, "21;11": {"type": "BG_grass", "variant": 8, "pos": [21, 11]}, "22;11": {"type": "BG_grass", "variant": 8, "pos": [22, 11]}, "22;10": {"type": "BG_grass", "variant": 8, "pos": [22, 10]}, "23;10": {"type": "BG_grass", "variant": 8, "pos": [23, 10]}, "23;9": {"type": "BG_grass", "variant": 8, "pos": [23, 9]}, "24;9": {"type": "BG_grass", "variant": 8, "pos": [24, 9]}, "24;10": {"type": "BG_grass", "variant": 8, "pos": [24, 10]}, "24;11": {"type": "BG_grass", "variant": 8, "pos": [24, 11]}, "23;11": {"type": "BG_grass", "variant": 8, "pos": [23, 11]}, "23;12": {"type": "BG_grass", "variant": 8, "pos": [23, 12]}, "23;13": {"type": "BG_grass", "variant": 8, "pos": [23, 13]}, "23;14": {"type": "BG_grass", "variant": 8, "pos": [23, 14]}, "23;15": {"type": "BG_grass", "variant": 8, "pos": [23, 15]}, "23;16": {"type": "BG_grass", "variant": 8, "pos": [23, 16]}, "23;17": {"type": "BG_grass", "variant": 6, "pos": [23, 17]}, "23;20": {"type": "BG_grass", "variant": 1, "pos": [23, 20]}, "24;18": {"type": "BG_grass", "variant": 7, "pos": [24, 18]}, "24;17": {"type": "BG_grass", "variant": 8, "pos": [24, 17]}, "24;16": {"type": "BG_grass", "variant": 8, "pos": [24, 16]}, "24;15": {"type": "BG_grass", "variant": 8, "pos": [24, 15]}, "24;14": {"type": "BG_grass", "variant": 8, "pos": [24, 14]}, "24;13": {"type": "BG_grass", "variant": 8, "pos": [24, 13]}, "25;12": {"type": "BG_grass", "variant": 8, "pos": [25, 12]}, "25;11": {"type": "BG_grass", "variant": 8, "pos": [25, 11]}, "25;13": {"type": "BG_grass", "variant": 8, "pos": [25, 13]}, "24;12": {"type": "BG_grass", "variant": 8, "pos": [24, 12]}, "26;12": {"type": "BG_grass", "variant": 8, "pos": [26, 12]}, "27;12": {"type": "BG_grass", "variant": 8, "pos": [27, 12]}, "28;12": {"type": "BG_grass", "variant": 8, "pos": [28, 12]}, "29;12": {"type": "BG_grass", "variant": 8, "pos": [29, 12]}, "29;13": {"type": "BG_grass", "variant": 8, "pos": [29, 13]}, "28;13": {"type": "BG_grass", "variant": 8, "pos": [28, 13]}, "27;14": {"type": "BG_grass", "variant": 8, "pos": [27, 14]}, "26;14": {"type": "BG_grass", "variant": 8, "pos": [26, 14]}, "26;15": {"type": "BG_grass", "variant": 8, "pos": [26, 15]}, "26;16": {"type": "BG_grass", "variant": 8, "pos": [26, 16]}, "25;16": {"type": "BG_grass", "variant": 8, "pos": [25, 16]}, "25;17": {"type": "BG_grass", "variant": 8, "pos": [25, 17]}, "25;15": {"type": "BG_grass", "variant": 8, "pos": [25, 15]}, "25;14": {"type": "BG_grass", "variant": 8, "pos": [25, 14]}, "27;13": {"type": "BG_grass", "variant": 8, "pos": [27, 13]}, "30;13": {"type": "BG_grass", "variant": 8, "pos": [30, 13]}, "26;13": {"type": "BG_grass", "variant": 8, "pos": [26, 13]}, "31;13": {"type": "BG_grass", "variant": 8, "pos": [31, 13]}, "33;14": {"type": "BG_grass", "variant": 8, "pos": [33, 14]}, "32;14": {"type": "BG_grass", "variant": 8, "pos": [32, 14]}, "31;14": {"type": "BG_grass", "variant": 8, "pos": [31, 14]}, "37;15": {"type": "BG_grass", "variant": 8, "pos": [37, 15]}, "38;15": {"type": "BG_grass", "variant": 8, "pos": [38, 15]}, "37;16": {"type": "BG_grass", "variant": 5, "pos": [37, 16]}, "38;16": {"type": "BG_grass", "variant": 4, "pos": [38, 16]}, "37;20": {"type": "BG_grass", "variant": 1, "pos": [37, 20]}, "36;21": {"type": "BG_grass", "variant": 8, "pos": [36, 21]}, "33;22": {"type": "BG_grass", "variant": 8, "pos": [33, 22]}, "32;22": {"type": "BG_grass", "variant": 8, "pos": [32, 22]}, "31;22": {"type": "BG_grass", "variant": 8, "pos": [31, 22]}, "31;21": {"type": "BG_grass", "variant": 8, "pos": [31, 21]}, "31;23": {"type": "BG_grass", "variant": 8, "pos": [31, 23]}, "29;22": {"type": "BG_grass", "variant": 8, "pos": [29, 22]}, "30;24": {"type": "BG_grass", "variant": 8, "pos": [30, 24]}, "29;24": {"type": "BG_grass", "variant": 8, "pos": [29, 24]}, "27;22": {"type": "BG_grass", "variant": 8, "pos": [27, 22]}, "27;21": {"type": "BG_grass", "variant": 8, "pos": [27, 21]}, "28;21": {"type": "BG_grass", "variant": 1, "pos": [28, 21]}, "24;20": {"type": "BG_grass", "variant": 8, "pos": [24, 20]}, "24;19": {"type": "BG_grass", "variant": 7, "pos": [24, 19]}, "25;19": {"type": "BG_grass", "variant": 8, "pos": [25, 19]}, "26;19": {"type": "BG_grass", "variant": 8, "pos": [26, 19]}, "27;20": {"type": "BG_grass", "variant": 3, "pos": [27, 20]}, "31;20": {"type": "BG_grass", "variant": 7, "pos": [31, 20]}, "32;21": {"type": "BG_grass", "variant": 8, "pos": [32, 21]}, "33;21": {"type": "BG_grass", "variant": 8, "pos": [33, 21]}, "34;21": {"type": "BG_grass", "variant": 8, "pos": [34, 21]}, "35;21": {"type": "BG_grass", "variant": 8, "pos": [35, 21]}, "35;20": {"type": "BG_grass", "variant": 8, "pos": [35, 20]}, "36;20": {"type": "BG_grass", "variant": 8, "pos": [36, 20]}, "36;19": {"type": "BG_grass", "variant": 3, "pos": [36, 19]}, "36;18": {"type": "BG_grass", "variant": 3, "pos": [36, 18]}, "36;17": {"type": "BG_grass", "variant": 3, "pos": [36, 17]}, "35;18": {"type": "BG_grass", "variant": 8, "pos": [35, 18]}, "35;19": {"type": "BG_grass", "variant": 8, "pos": [35, 19]}, "34;20": {"type": "BG_grass", "variant": 8, "pos": [34, 20]}, "34;19": {"type": "BG_grass", "variant": 8, "pos": [34, 19]}, "35;17": {"type": "BG_grass", "variant": 8, "pos": [35, 17]}, "36;16": {"type": "BG_grass", "variant": 8, "pos": [36, 16]}, "34;18": {"type": "BG_grass", "variant": 8, "pos": [34, 18]}, "33;20": {"type": "BG_grass", "variant": 8, "pos": [33, 20]}, "32;20": {"type": "BG_grass", "variant": 8, "pos": [32, 20]}, "33;19": {"type": "BG_grass", "variant": 8, "pos": [33, 19]}, "35;16": {"type": "BG_grass", "variant": 8, "pos": [35, 16]}, "36;15": {"type": "BG_grass", "variant": 8, "pos": [36, 15]}, "33;18": {"type": "BG_grass", "variant": 8, "pos": [33, 18]}, "32;19": {"type": "BG_grass", "variant": 8, "pos": [32, 19]}, "31;19": {"type": "BG_grass", "variant": 7, "pos": [31, 19]}, "32;18": {"type": "BG_grass", "variant": 8, "pos": [32, 18]}, "33;17": {"type": "BG_grass", "variant": 8, "pos": [33, 17]}, "34;16": {"type": "BG_grass", "variant": 8, "pos": [34, 16]}, "35;15": {"type": "BG_grass", "variant": 8, "pos": [35, 15]}, "32;17": {"type": "BG_grass", "variant": 8, "pos": [32, 17]}, "31;18": {"type": "BG_grass", "variant": 8, "pos": [31, 18]}, "30;18": {"type": "BG_grass", "variant": 5, "pos": [30, 18]}, "31;17": {"type": "BG_grass", "variant": 8, "pos": [31, 17]}, "33;16": {"type": "BG_grass", "variant": 8, "pos": [33, 16]}, "34;15": {"type": "BG_grass", "variant": 8, "pos": [34, 15]}, "33;15": {"type": "BG_grass", "variant": 8, "pos": [33, 15]}, "32;15": {"type": "BG_grass", "variant": 8, "pos": [32, 15]}, "32;16": {"type": "BG_grass", "variant": 8, "pos": [32, 16]}, "31;16": {"type": "BG_grass", "variant": 8, "pos": [31, 16]}, "29;18": {"type": "BG_grass", "variant": 6, "pos": [29, 18]}, "27;19": {"type": "BG_grass", "variant": 3, "pos": [27, 19]}, "26;20": {"type": "BG_grass", "variant": 8, "pos": [26, 20]}, "27;18": {"type": "BG_grass", "variant": 3, "pos": [27, 18]}, "29;17": {"type": "BG_grass", "variant": 8, "pos": [29, 17]}, "30;17": {"type": "BG_grass", "variant": 8, "pos": [30, 17]}, "30;16": {"type": "BG_grass", "variant": 8, "pos": [30, 16]}, "31;15": {"type": "BG_grass", "variant": 8, "pos": [31, 15]}, "29;16": {"type": "BG_grass", "variant": 8, "pos": [29, 16]}, "26;21": {"type": "BG_grass", "variant": 8, "pos": [26, 21]}, "28;22": {"type": "BG_grass", "variant": 8, "pos": [28, 22]}, "30;21": {"type": "BG_grass", "variant": 1, "pos": [30, 21]}, "29;21": {"type": "BG_grass", "variant": 1, "pos": [29, 21]}, "25;21": {"type": "BG_grass", "variant": 8, "pos": [25, 21]}, "25;20": {"type": "BG_grass", "variant": 8, "pos": [25, 20]}, "24;21": {"type": "BG_grass", "variant": 8, "pos": [24, 21]}, "27;17": {"type": "BG_grass", "variant": 8, "pos": [27, 17]}, "26;18": {"type": "BG_grass", "variant": 8, "pos": [26, 18]}, "25;18": {"type": "BG_grass", "variant": 8, "pos": [25, 18]}, "26;17": {"type": "BG_grass", "variant": 8, "pos": [26, 17]}, "27;16": {"type": "BG_grass", "variant": 8, "pos": [27, 16]}, "28;16": {"type": "BG_grass", "variant": 8, "pos": [28, 16]}, "28;15": {"type": "BG_grass", "variant": 8, "pos": [28, 15]}, "29;15": {"type": "BG_grass", "variant": 8, "pos": [29, 15]}, "30;15": {"type": "BG_grass", "variant": 8, "pos": [30, 15]}, "30;14": {"type": "BG_grass", "variant": 8, "pos": [30, 14]}, "29;14": {"type": "BG_grass", "variant": 8, "pos": [29, 14]}, "28;14": {"type": "BG_grass", "variant": 8, "pos": [28, 14]}, "27;15": {"type": "BG_grass", "variant": 8, "pos": [27, 15]}, "18;12": {"type": "BG_grass", "variant": 8, "pos": [18, 12]}, "18;11": {"type": "BG_grass", "variant": 8, "pos": [18, 11]}, "18;13": {"type": "BG_grass", "variant": 8, "pos": [18, 13]}, "18;14": {"type": "BG_grass", "variant": 8, "pos": [18, 14]}, "18;15": {"type": "BG_grass", "variant": 8, "pos": [18, 15]}, "18;16": {"type": "BG_grass", "variant": 8, "pos": [18, 16]}, "13;16": {"type": "BG_grass", "variant": 5, "pos": [13, 16]}, "14;16": {"type": "BG_grass", "variant": 5, "pos": [14, 16]}, "15;17": {"type": "BG_grass", "variant": 6, "pos": [15, 17]}, "16;17": {"type": "BG_grass", "variant": 5, "pos": [16, 17]}, "17;17": {"type": "BG_grass", "variant": 8, "pos": [17, 17]}, "17;18": {"type": "BG_grass", "variant": 6, "pos": [17, 18]}, "18;18": {"type": "BG_grass", "variant": 8, "pos": [18, 18]}, "18;19": {"type": "BG_grass", "variant": 6, "pos": [18, 19]}, "18;17": {"type": "BG_grass", "variant": 8, "pos": [18, 17]}, "17;16": {"type": "BG_grass", "variant": 8, "pos": [17, 16]}, "15;16": {"type": "BG_grass", "variant": 8, "pos": [15, 16]}, "16;16": {"type": "BG_grass", "variant": 8, "pos": [16, 16]}, "18;10": {"type": "BG_grass", "variant": 0, "pos": [18, 10]}, "19;10": {"type": "BG_grass", "variant": 8, "pos": [19, 10]}, "19;9": {"type": "BG_grass", "variant": 0, "pos": [19, 9]}, "20;9": {"type": "BG_grass", "variant": 8, "pos": [20, 9]}, "20;8": {"type": "BG_grass", "variant": 0, "pos": [20, 8]}, "21;8": {"type": "BG_grass", "variant": 1, "pos": [21, 8]}, "28;17": {"type": "BG_grass", "variant": 5, "pos": [28, 17]}, "40;20": {"type": "BG_grass", "variant": 8, "pos": [40, 20]}, "41;20": {"type": "BG_grass", "variant": 8, "pos": [41, 20]}, "42;20": {"type": "BG_grass", "variant": 8, "pos": [42, 20]}, "43;20": {"type": "BG_grass", "variant": 8, "pos": [43, 20]}, "44;20": {"type": "BG_grass", "variant": 5, "pos": [44, 20]}, "41;21": {"type": "BG_grass", "variant": 5, "pos": [41, 21]}, "40;21": {"type": "BG_grass", "variant": 5, "pos": [40, 21]}, "39;21": {"type": "BG_grass", "variant": 8, "pos": [39, 21]}, "39;22": {"type": "BG_grass", "variant": 4, "pos": [39, 22]}, "38;22": {"type": "BG_grass", "variant": 5, "pos": [38, 22]}, "36;23": {"type": "BG_grass", "variant": 4, "pos": [36, 23]}, "35;23": {"type": "BG_grass", "variant": 5, "pos": [35, 23]}, "40;19": {"type": "BG_grass", "variant": 8, "pos": [40, 19]}, "40;18": {"type": "BG_grass", "variant": 8, "pos": [40, 18]}, "40;17": {"type": "BG_grass", "variant": 0, "pos": [40, 17]}, "45;10": {"type": "BG_grass", "variant": 4, "pos": [45, 10]}, "45;9": {"type": "BG_grass", "variant": 1, "pos": [45, 9]}, "40;14": {"type": "BG_grass", "variant": 8, "pos": [40, 14]}, "41;13": {"type": "BG_grass", "variant": 8, "pos": [41, 13]}, "42;12": {"type": "BG_grass", "variant": 8, "pos": [42, 12]}, "43;12": {"type": "BG_grass", "variant": 4, "pos": [43, 12]}, "43;11": {"type": "BG_grass", "variant": 8, "pos": [43, 11]}, "44;11": {"type": "BG_grass", "variant": 4, "pos": [44, 11]}, "44;10": {"type": "BG_grass", "variant": 8, "pos": [44, 10]}, "42;13": {"type": "BG_grass", "variant": 4, "pos": [42, 13]}, "43;19": {"type": "BG_grass", "variant": 8, "pos": [43, 19]}, "42;19": {"type": "BG_grass", "variant": 8, "pos": [42, 19]}, "41;19": {"type": "BG_grass", "variant": 8, "pos": [41, 19]}, "41;17": {"type": "BG_grass", "variant": 8, "pos": [41, 17]}, "41;16": {"type": "BG_grass", "variant": 7, "pos": [41, 16]}, "41;18": {"type": "BG_grass", "variant": 8, "pos": [41, 18]}, "42;18": {"type": "BG_grass", "variant": 8, "pos": [42, 18]}, "42;17": {"type": "BG_grass", "variant": 8, "pos": [42, 17]}, "43;16": {"type": "BG_grass", "variant": 8, "pos": [43, 16]}, "42;16": {"type": "BG_grass", "variant": 8, "pos": [42, 16]}, "42;15": {"type": "BG_grass", "variant": 1, "pos": [42, 15]}, "43;15": {"type": "BG_grass", "variant": 1, "pos": [43, 15]}, "44;14": {"type": "BG_grass", "variant": 0, "pos": [44, 14]}, "45;13": {"type": "BG_grass", "variant": 0, "pos": [45, 13]}, "45;20": {"type": "BG_grass", "variant": 4, "pos": [45, 20]}, "45;19": {"type": "BG_grass", "variant": 8, "pos": [45, 19]}, "46;19": {"type": "BG_grass", "variant": 4, "pos": [46, 19]}, "47;18": {"type": "BG_grass", "variant": 4, "pos": [47, 18]}, "48;17": {"type": "BG_grass", "variant": 5, "pos": [48, 17]}, "49;17": {"type": "BG_grass", "variant": 4, "pos": [49, 17]}, "50;16": {"type": "BG_grass", "variant": 5, "pos": [50, 16]}, "51;16": {"type": "BG_grass", "variant": 5, "pos": [51, 16]}, "51;15": {"type": "BG_grass", "variant": 8, "pos": [51, 15]}, "52;15": {"type": "BG_grass", "variant": 8, "pos": [52, 15]}, "53;14": {"type": "BG_grass", "variant": 8, "pos": [53, 14]}, "54;14": {"type": "BG_grass", "variant": 8, "pos": [54, 14]}, "54;13": {"type": "BG_grass", "variant": 8, "pos": [54, 13]}, "55;13": {"type": "BG_grass", "variant": 8, "pos": [55, 13]}, "55;12": {"type": "BG_grass", "variant": 8, "pos": [55, 12]}, "55;11": {"type": "BG_grass", "variant": 8, "pos": [55, 11]}, "55;10": {"type": "BG_grass", "variant": 1, "pos": [55, 10]}, "54;10": {"type": "BG_grass", "variant": 1, "pos": [54, 10]}, "53;10": {"type": "BG_grass", "variant": 8, "pos": [53, 10]}, "52;10": {"type": "BG_grass", "variant": 8, "pos": [52, 10]}, "51;10": {"type": "BG_grass", "variant": 8, "pos": [51, 10]}, "50;10": {"type": "BG_grass", "variant": 8, "pos": [50, 10]}, "49;10": {"type": "BG_grass", "variant": 8, "pos": [49, 10]}, "48;10": {"type": "BG_grass", "variant": 5, "pos": [48, 10]}, "47;9": {"type": "BG_grass", "variant": 1, "pos": [47, 9]}, "46;9": {"type": "BG_grass", "variant": 1, "pos": [46, 9]}, "48;9": {"type": "BG_grass", "variant": 1, "pos": [48, 9]}, "52;9": {"type": "BG_grass", "variant": 1, "pos": [52, 9]}, "53;9": {"type": "BG_grass", "variant": 2, "pos": [53, 9]}, "49;9": {"type": "BG_grass", "variant": 1, "pos": [49, 9]}, "50;9": {"type": "BG_grass", "variant": 1, "pos": [50, 9]}, "51;9": {"type": "BG_grass", "variant": 1, "pos": [51, 9]}, "54;11": {"type": "BG_grass", "variant": 8, "pos": [54, 11]}, "54;12": {"type": "BG_grass", "variant": 8, "pos": [54, 12]}, "53;12": {"type": "BG_grass", "variant": 8, "pos": [53, 12]}, "53;13": {"type": "BG_grass", "variant": 8, "pos": [53, 13]}, "52;13": {"type": "BG_grass", "variant": 8, "pos": [52, 13]}, "52;14": {"type": "BG_grass", "variant": 8, "pos": [52, 14]}, "49;16": {"type": "BG_grass", "variant": 8, "pos": [49, 16]}, "47;17": {"type": "BG_grass", "variant": 8, "pos": [47, 17]}, "46;18": {"type": "BG_grass", "variant": 8, "pos": [46, 18]}, "45;18": {"type": "BG_grass", "variant": 8, "pos": [45, 18]}, "44;19": {"type": "BG_grass", "variant": 8, "pos": [44, 19]}, "44;18": {"type": "BG_grass", "variant": 8, "pos": [44, 18]}, "43;18": {"type": "BG_grass", "variant": 8, "pos": [43, 18]}, "43;17": {"type": "BG_grass", "variant": 8, "pos": [43, 17]}, "44;16": {"type": "BG_grass", "variant": 8, "pos": [44, 16]}, "45;16": {"type": "BG_grass", "variant": 8, "pos": [45, 16]}, "45;17": {"type": "BG_grass", "variant": 8, "pos": [45, 17]}, "46;17": {"type": "BG_grass", "variant": 8, "pos": [46, 17]}, "44;17": {"type": "BG_grass", "variant": 8, "pos": [44, 17]}, "45;15": {"type": "BG_grass", "variant": 8, "pos": [45, 15]}, "44;15": {"type": "BG_grass", "variant": 8, "pos": [44, 15]}, "47;12": {"type": "BG_grass", "variant": 0, "pos": [47, 12]}, "46;13": {"type": "BG_grass", "variant": 1, "pos": [46, 13]}, "49;11": {"type": "BG_grass", "variant": 7, "pos": [49, 11]}, "50;11": {"type": "BG_grass", "variant": 8, "pos": [50, 11]}, "51;11": {"type": "BG_grass", "variant": 8, "pos": [51, 11]}, "52;11": {"type": "BG_grass", "variant": 8, "pos": [52, 11]}, "53;11": {"type": "BG_grass", "variant": 8, "pos": [53, 11]}, "52;12": {"type": "BG_grass", "variant": 8, "pos": [52, 12]}, "51;12": {"type": "BG_grass", "variant": 8, "pos": [51, 12]}, "51;13": {"type": "BG_grass", "variant": 8, "pos": [51, 13]}, "50;13": {"type": "BG_grass", "variant": 8, "pos": [50, 13]}, "50;12": {"type": "BG_grass", "variant": 8, "pos": [50, 12]}, "49;12": {"type": "BG_grass", "variant": 8, "pos": [49, 12]}, "48;12": {"type": "BG_grass", "variant": 1, "pos": [48, 12]}, "48;13": {"type": "BG_grass", "variant": 8, "pos": [48, 13]}, "47;13": {"type": "BG_grass", "variant": 8, "pos": [47, 13]}, "47;14": {"type": "BG_grass", "variant": 8, "pos": [47, 14]}, "46;14": {"type": "BG_grass", "variant": 8, "pos": [46, 14]}, "45;14": {"type": "BG_grass", "variant": 8, "pos": [45, 14]}, "46;15": {"type": "BG_grass", "variant": 8, "pos": [46, 15]}, "46;16": {"type": "BG_grass", "variant": 8, "pos": [46, 16]}, "47;16": {"type": "BG_grass", "variant": 8, "pos": [47, 16]}, "47;15": {"type": "BG_grass", "variant": 8, "pos": [47, 15]}, "48;15": {"type": "BG_grass", "variant": 8, "pos": [48, 15]}, "48;16": {"type": "BG_grass", "variant": 8, "pos": [48, 16]}, "49;15": {"type": "BG_grass", "variant": 8, "pos": [49, 15]}, "50;15": {"type": "BG_grass", "variant": 8, "pos": [50, 15]}, "51;14": {"type": "BG_grass", "variant": 8, "pos": [51, 14]}, "49;14": {"type": "BG_grass", "variant": 8, "pos": [49, 14]}, "48;14": {"type": "BG_grass", "variant": 8, "pos": [48, 14]}, "50;14": {"type": "BG_grass", "variant": 8, "pos": [50, 14]}, "49;13": {"type": "BG_grass", "variant": 8, "pos": [49, 13]}, "54;15": {"type": "BG_grass", "variant": 4, "pos": [54, 15]}, "53;15": {"type": "BG_grass", "variant": 5, "pos": [53, 15]}, "52;16": {"type": "BG_grass", "variant": 4, "pos": [52, 16]}, "43;21": {"type": "BG_grass", "variant": 4, "pos": [43, 21]}, "42;21": {"type": "BG_grass", "variant": 5, "pos": [42, 21]}, "55;14": {"type": "BG_grass", "variant": 5, "pos": [55, 14]}, "41;14": {"type": "BG_grass", "variant": 3, "pos": [41, 14]}, "41;15": {"type": "BG_grass", "variant": 8, "pos": [41, 15]}, "40;15": {"type": "BG_grass", "variant": 5, "pos": [40, 15]}, "47;10": {"type": "BG_grass", "variant": 6, "pos": [47, 10]}, "56;13": {"type": "BG_grass", "variant": 8, "pos": [56, 13]}, "57;14": {"type": "BG_grass", "variant": 8, "pos": [57, 14]}, "58;14": {"type": "BG_grass", "variant": 8, "pos": [58, 14]}, "59;14": {"type": "BG_grass", "variant": 8, "pos": [59, 14]}, "59;15": {"type": "BG_grass", "variant": 8, "pos": [59, 15]}, "58;15": {"type": "BG_grass", "variant": 8, "pos": [58, 15]}, "57;15": {"type": "BG_grass", "variant": 6, "pos": [57, 15]}, "59;16": {"type": "BG_grass", "variant": 8, "pos": [59, 16]}, "60;16": {"type": "BG_grass", "variant": 8, "pos": [60, 16]}, "61;16": {"type": "BG_grass", "variant": 8, "pos": [61, 16]}, "56;14": {"type": "BG_grass", "variant": 5, "pos": [56, 14]}, "56;12": {"type": "BG_grass", "variant": 8, "pos": [56, 12]}, "57;12": {"type": "BG_grass", "variant": 8, "pos": [57, 12]}, "57;11": {"type": "BG_grass", "variant": 8, "pos": [57, 11]}, "58;11": {"type": "BG_grass", "variant": 8, "pos": [58, 11]}, "58;10": {"type": "BG_grass", "variant": 8, "pos": [58, 10]}, "59;10": {"type": "BG_grass", "variant": 8, "pos": [59, 10]}, "60;10": {"type": "BG_grass", "variant": 8, "pos": [60, 10]}, "61;10": {"type": "BG_grass", "variant": 8, "pos": [61, 10]}, "62;10": {"type": "BG_grass", "variant": 8, "pos": [62, 10]}, "63;10": {"type": "BG_grass", "variant": 8, "pos": [63, 10]}, "63;11": {"type": "BG_grass", "variant": 8, "pos": [63, 11]}, "64;11": {"type": "BG_grass", "variant": 8, "pos": [64, 11]}, "65;11": {"type": "BG_grass", "variant": 1, "pos": [65, 11]}, "66;12": {"type": "BG_grass", "variant": 8, "pos": [66, 12]}, "67;12": {"type": "BG_grass", "variant": 1, "pos": [67, 12]}, "68;13": {"type": "BG_grass", "variant": 8, "pos": [68, 13]}, "69;13": {"type": "BG_grass", "variant": 1, "pos": [69, 13]}, "70;14": {"type": "BG_grass", "variant": 8, "pos": [70, 14]}, "71;14": {"type": "BG_grass", "variant": 2, "pos": [71, 14]}, "71;15": {"type": "BG_grass", "variant": 3, "pos": [71, 15]}, "71;16": {"type": "BG_grass", "variant": 3, "pos": [71, 16]}, "71;17": {"type": "BG_grass", "variant": 3, "pos": [71, 17]}, "71;18": {"type": "BG_grass", "variant": 4, "pos": [71, 18]}, "70;18": {"type": "BG_grass", "variant": 5, "pos": [70, 18]}, "69;18": {"type": "BG_grass", "variant": 8, "pos": [69, 18]}, "68;18": {"type": "BG_grass", "variant": 8, "pos": [68, 18]}, "67;18": {"type": "BG_grass", "variant": 8, "pos": [67, 18]}, "66;18": {"type": "BG_grass", "variant": 8, "pos": [66, 18]}, "65;18": {"type": "BG_grass", "variant": 8, "pos": [65, 18]}, "65;17": {"type": "BG_grass", "variant": 8, "pos": [65, 17]}, "66;17": {"type": "BG_grass", "variant": 8, "pos": [66, 17]}, "64;17": {"type": "BG_grass", "variant": 8, "pos": [64, 17]}, "64;16": {"type": "BG_grass", "variant": 8, "pos": [64, 16]}, "63;16": {"type": "BG_grass", "variant": 8, "pos": [63, 16]}, "62;16": {"type": "BG_grass", "variant": 8, "pos": [62, 16]}, "61;15": {"type": "BG_grass", "variant": 8, "pos": [61, 15]}, "60;15": {"type": "BG_grass", "variant": 8, "pos": [60, 15]}, "57;13": {"type": "BG_grass", "variant": 8, "pos": [57, 13]}, "56;11": {"type": "BG_grass", "variant": 8, "pos": [56, 11]}, "56;10": {"type": "BG_grass", "variant": 1, "pos": [56, 10]}, "57;10": {"type": "BG_grass", "variant": 1, "pos": [57, 10]}, "58;9": {"type": "BG_grass", "variant": 0, "pos": [58, 9]}, "59;9": {"type": "BG_grass", "variant": 8, "pos": [59, 9]}, "60;9": {"type": "BG_grass", "variant": 8, "pos": [60, 9]}, "61;9": {"type": "BG_grass", "variant": 8, "pos": [61, 9]}, "58;16": {"type": "BG_grass", "variant": 7, "pos": [58, 16]}, "58;17": {"type": "BG_grass", "variant": 6, "pos": [58, 17]}, "59;17": {"type": "BG_grass", "variant": 5, "pos": [59, 17]}, "60;17": {"type": "BG_grass", "variant": 5, "pos": [60, 17]}, "61;17": {"type": "BG_grass", "variant": 8, "pos": [61, 17]}, "61;18": {"type": "BG_grass", "variant": 6, "pos": [61, 18]}, "62;18": {"type": "BG_grass", "variant": 5, "pos": [62, 18]}, "63;18": {"type": "BG_grass", "variant": 8, "pos": [63, 18]}, "63;19": {"type": "BG_grass", "variant": 6, "pos": [63, 19]}, "64;19": {"type": "BG_grass", "variant": 5, "pos": [64, 19]}, "65;19": {"type": "BG_grass", "variant": 8, "pos": [65, 19]}, "64;18": {"type": "BG_grass", "variant": 8, "pos": [64, 18]}, "63;17": {"type": "BG_grass", "variant": 8, "pos": [63, 17]}, "62;17": {"type": "BG_grass", "variant": 8, "pos": [62, 17]}, "67;17": {"type": "BG_grass", "variant": 8, "pos": [67, 17]}, "68;17": {"type": "BG_grass", "variant": 8, "pos": [68, 17]}, "69;17": {"type": "BG_grass", "variant": 8, "pos": [69, 17]}, "70;17": {"type": "BG_grass", "variant": 8, "pos": [70, 17]}, "70;16": {"type": "BG_grass", "variant": 8, "pos": [70, 16]}, "70;15": {"type": "BG_grass", "variant": 8, "pos": [70, 15]}, "69;15": {"type": "BG_grass", "variant": 8, "pos": [69, 15]}, "69;16": {"type": "BG_grass", "variant": 8, "pos": [69, 16]}, "69;14": {"type": "BG_grass", "variant": 8, "pos": [69, 14]}, "68;14": {"type": "BG_grass", "variant": 8, "pos": [68, 14]}, "67;14": {"type": "BG_grass", "variant": 8, "pos": [67, 14]}, "66;13": {"type": "BG_grass", "variant": 8, "pos": [66, 13]}, "67;13": {"type": "BG_grass", "variant": 8, "pos": [67, 13]}, "65;13": {"type": "BG_grass", "variant": 8, "pos": [65, 13]}, "65;12": {"type": "BG_grass", "variant": 8, "pos": [65, 12]}, "64;12": {"type": "BG_grass", "variant": 8, "pos": [64, 12]}, "63;12": {"type": "BG_grass", "variant": 8, "pos": [63, 12]}, "62;12": {"type": "BG_grass", "variant": 8, "pos": [62, 12]}, "62;11": {"type": "BG_grass", "variant": 8, "pos": [62, 11]}, "61;11": {"type": "BG_grass", "variant": 8, "pos": [61, 11]}, "60;11": {"type": "BG_grass", "variant": 8, "pos": [60, 11]}, "59;11": {"type": "BG_grass", "variant": 8, "pos": [59, 11]}, "58;12": {"type": "BG_grass", "variant": 8, "pos": [58, 12]}, "59;12": {"type": "BG_grass", "variant": 8, "pos": [59, 12]}, "59;13": {"type": "BG_grass", "variant": 8, "pos": [59, 13]}, "58;13": {"type": "BG_grass", "variant": 8, "pos": [58, 13]}, "60;12": {"type": "BG_grass", "variant": 8, "pos": [60, 12]}, "60;13": {"type": "BG_grass", "variant": 8, "pos": [60, 13]}, "60;14": {"type": "BG_grass", "variant": 8, "pos": [60, 14]}, "61;13": {"type": "BG_grass", "variant": 8, "pos": [61, 13]}, "61;12": {"type": "BG_grass", "variant": 8, "pos": [61, 12]}, "61;14": {"type": "BG_grass", "variant": 8, "pos": [61, 14]}, "62;14": {"type": "BG_grass", "variant": 8, "pos": [62, 14]}, "62;13": {"type": "BG_grass", "variant": 8, "pos": [62, 13]}, "62;15": {"type": "BG_grass", "variant": 8, "pos": [62, 15]}, "63;15": {"type": "BG_grass", "variant": 8, "pos": [63, 15]}, "63;14": {"type": "BG_grass", "variant": 8, "pos": [63, 14]}, "63;13": {"type": "BG_grass", "variant": 8, "pos": [63, 13]}, "64;13": {"type": "BG_grass", "variant": 8, "pos": [64, 13]}, "64;15": {"type": "BG_grass", "variant": 8, "pos": [64, 15]}, "64;14": {"type": "BG_grass", "variant": 8, "pos": [64, 14]}, "65;14": {"type": "BG_grass", "variant": 8, "pos": [65, 14]}, "65;15": {"type": "BG_grass", "variant": 8, "pos": [65, 15]}, "65;16": {"type": "BG_grass", "variant": 8, "pos": [65, 16]}, "66;15": {"type": "BG_grass", "variant": 8, "pos": [66, 15]}, "66;14": {"type": "BG_grass", "variant": 8, "pos": [66, 14]}, "66;16": {"type": "BG_grass", "variant": 8, "pos": [66, 16]}, "67;16": {"type": "BG_grass", "variant": 8, "pos": [67, 16]}, "67;15": {"type": "BG_grass", "variant": 8, "pos": [67, 15]}, "68;16": {"type": "BG_grass", "variant": 8, "pos": [68, 16]}, "68;15": {"type": "BG_grass", "variant": 8, "pos": [68, 15]}, "70;13": {"type": "BG_grass", "variant": 2, "pos": [70, 13]}, "68;12": {"type": "BG_grass", "variant": 2, "pos": [68, 12]}, "66;11": {"type": "BG_grass", "variant": 2, "pos": [66, 11]}, "64;10": {"type": "BG_grass", "variant": 2, "pos": [64, 10]}, "63;9": {"type": "BG_grass", "variant": 2, "pos": [63, 9]}, "62;9": {"type": "BG_grass", "variant": 8, "pos": [62, 9]}, "60;8": {"type": "BG_grass", "variant": 1, "pos": [60, 8]}, "61;8": {"type": "BG_grass", "variant": 1, "pos": [61, 8]}, "62;8": {"type": "BG_grass", "variant": 2, "pos": [62, 8]}, "59;8": {"type": "BG_grass", "variant": 0, "pos": [59, 8]}, "66;19": {"type": "BG_grass", "variant": 8, "pos": [66, 19]}, "67;19": {"type": "BG_grass", "variant": 8, "pos": [67, 19]}, "67;20": {"type": "BG_grass", "variant": 5, "pos": [67, 20]}, "68;20": {"type": "BG_grass", "variant": 5, "pos": [68, 20]}, "69;20": {"type": "BG_grass", "variant": 4, "pos": [69, 20]}, "69;19": {"type": "BG_grass", "variant": 3, "pos": [69, 19]}, "68;19": {"type": "BG_grass", "variant": 8, "pos": [68, 19]}, "66;20": {"type": "BG_grass", "variant": 5, "pos": [66, 20]}, "65;20": {"type": "BG_grass", "variant": 6, "pos": [65, 20]}, "40;13": {"type": "BG_grass", "variant": 0, "pos": [40, 13]}, "41;12": {"type": "BG_grass", "variant": 7, "pos": [41, 12]}, "41;11": {"type": "BG_grass", "variant": 0, "pos": [41, 11]}, "42;11": {"type": "BG_grass", "variant": 8, "pos": [42, 11]}, "42;10": {"type": "BG_grass", "variant": 0, "pos": [42, 10]}, "43;10": {"type": "BG_grass", "variant": 8, "pos": [43, 10]}, "43;9": {"type": "BG_grass", "variant": 0, "pos": [43, 9]}, "44;9": {"type": "BG_grass", "variant": 1, "pos": [44, 9]}}, "tile_size": 16, "offgrid": []}