{"tilemap": {"5;6": {"type": "BG_grass", "variant": 0, "pos": [5, 6]}, "6;6": {"type": "BG_grass", "variant": 1, "pos": [6, 6]}, "7;6": {"type": "BG_grass", "variant": 1, "pos": [7, 6]}, "8;6": {"type": "BG_grass", "variant": 1, "pos": [8, 6]}, "9;6": {"type": "BG_grass", "variant": 1, "pos": [9, 6]}, "10;5": {"type": "BG_grass", "variant": 0, "pos": [10, 5]}, "11;5": {"type": "BG_grass", "variant": 1, "pos": [11, 5]}, "13;5": {"type": "BG_grass", "variant": 1, "pos": [13, 5]}, "13;6": {"type": "BG_grass", "variant": 8, "pos": [13, 6]}, "14;6": {"type": "BG_grass", "variant": 8, "pos": [14, 6]}, "15;6": {"type": "BG_grass", "variant": 2, "pos": [15, 6]}, "15;7": {"type": "BG_grass", "variant": 8, "pos": [15, 7]}, "16;7": {"type": "BG_grass", "variant": 2, "pos": [16, 7]}, "14;5": {"type": "BG_grass", "variant": 2, "pos": [14, 5]}, "12;5": {"type": "BG_grass", "variant": 1, "pos": [12, 5]}, "10;6": {"type": "BG_grass", "variant": 8, "pos": [10, 6]}, "8;7": {"type": "BG_grass", "variant": 8, "pos": [8, 7]}, "7;7": {"type": "BG_grass", "variant": 8, "pos": [7, 7]}, "6;7": {"type": "BG_grass", "variant": 8, "pos": [6, 7]}, "5;7": {"type": "BG_grass", "variant": 7, "pos": [5, 7]}, "5;8": {"type": "BG_grass", "variant": 7, "pos": [5, 8]}, "5;9": {"type": "BG_grass", "variant": 6, "pos": [5, 9]}, "6;9": {"type": "BG_grass", "variant": 8, "pos": [6, 9]}, "6;10": {"type": "BG_grass", "variant": 6, "pos": [6, 10]}, "7;10": {"type": "BG_grass", "variant": 8, "pos": [7, 10]}, "7;11": {"type": "BG_grass", "variant": 7, "pos": [7, 11]}, "7;12": {"type": "BG_grass", "variant": 6, "pos": [7, 12]}, "8;12": {"type": "BG_grass", "variant": 5, "pos": [8, 12]}, "9;12": {"type": "BG_grass", "variant": 8, "pos": [9, 12]}, "9;13": {"type": "BG_grass", "variant": 6, "pos": [9, 13]}, "10;13": {"type": "BG_grass", "variant": 5, "pos": [10, 13]}, "11;13": {"type": "BG_grass", "variant": 8, "pos": [11, 13]}, "11;14": {"type": "BG_grass", "variant": 6, "pos": [11, 14]}, "12;14": {"type": "BG_grass", "variant": 8, "pos": [12, 14]}, "13;14": {"type": "BG_grass", "variant": 8, "pos": [13, 14]}, "14;14": {"type": "BG_grass", "variant": 8, "pos": [14, 14]}, "15;14": {"type": "BG_grass", "variant": 8, "pos": [15, 14]}, "16;14": {"type": "BG_grass", "variant": 8, "pos": [16, 14]}, "16;13": {"type": "BG_grass", "variant": 8, "pos": [16, 13]}, "16;12": {"type": "BG_grass", "variant": 8, "pos": [16, 12]}, "16;11": {"type": "BG_grass", "variant": 3, "pos": [16, 11]}, "16;10": {"type": "BG_grass", "variant": 3, "pos": [16, 10]}, "16;9": {"type": "BG_grass", "variant": 3, "pos": [16, 9]}, "16;8": {"type": "BG_grass", "variant": 3, "pos": [16, 8]}, "15;15": {"type": "BG_grass", "variant": 5, "pos": [15, 15]}, "15;13": {"type": "BG_grass", "variant": 8, "pos": [15, 13]}, "15;12": {"type": "BG_grass", "variant": 8, "pos": [15, 12]}, "15;11": {"type": "BG_grass", "variant": 8, "pos": [15, 11]}, "15;10": {"type": "BG_grass", "variant": 8, "pos": [15, 10]}, "15;9": {"type": "BG_grass", "variant": 8, "pos": [15, 9]}, "15;8": {"type": "BG_grass", "variant": 8, "pos": [15, 8]}, "14;11": {"type": "BG_grass", "variant": 8, "pos": [14, 11]}, "14;10": {"type": "BG_grass", "variant": 8, "pos": [14, 10]}, "13;12": {"type": "BG_grass", "variant": 8, "pos": [13, 12]}, "13;13": {"type": "BG_grass", "variant": 8, "pos": [13, 13]}, "13;15": {"type": "BG_grass", "variant": 5, "pos": [13, 15]}, "14;12": {"type": "BG_grass", "variant": 8, "pos": [14, 12]}, "14;13": {"type": "BG_grass", "variant": 8, "pos": [14, 13]}, "12;12": {"type": "BG_grass", "variant": 8, "pos": [12, 12]}, "12;13": {"type": "BG_grass", "variant": 8, "pos": [12, 13]}, "11;12": {"type": "BG_grass", "variant": 8, "pos": [11, 12]}, "10;12": {"type": "BG_grass", "variant": 8, "pos": [10, 12]}, "13;11": {"type": "BG_grass", "variant": 8, "pos": [13, 11]}, "12;11": {"type": "BG_grass", "variant": 8, "pos": [12, 11]}, "11;11": {"type": "BG_grass", "variant": 8, "pos": [11, 11]}, "10;11": {"type": "BG_grass", "variant": 8, "pos": [10, 11]}, "10;10": {"type": "BG_grass", "variant": 8, "pos": [10, 10]}, "9;10": {"type": "BG_grass", "variant": 8, "pos": [9, 10]}, "8;10": {"type": "BG_grass", "variant": 8, "pos": [8, 10]}, "8;11": {"type": "BG_grass", "variant": 8, "pos": [8, 11]}, "9;11": {"type": "BG_grass", "variant": 8, "pos": [9, 11]}, "13;10": {"type": "BG_grass", "variant": 1, "pos": [13, 10]}, "14;9": {"type": "BG_grass", "variant": 7, "pos": [14, 9]}, "14;8": {"type": "BG_grass", "variant": 7, "pos": [14, 8]}, "12;9": {"type": "BG_grass", "variant": 3, "pos": [12, 9]}, "12;10": {"type": "BG_grass", "variant": 8, "pos": [12, 10]}, "14;7": {"type": "BG_grass", "variant": 8, "pos": [14, 7]}, "11;9": {"type": "BG_grass", "variant": 8, "pos": [11, 9]}, "11;10": {"type": "BG_grass", "variant": 8, "pos": [11, 10]}, "12;8": {"type": "BG_grass", "variant": 3, "pos": [12, 8]}, "13;7": {"type": "BG_grass", "variant": 5, "pos": [13, 7]}, "12;7": {"type": "BG_grass", "variant": 8, "pos": [12, 7]}, "11;8": {"type": "BG_grass", "variant": 8, "pos": [11, 8]}, "10;9": {"type": "BG_grass", "variant": 8, "pos": [10, 9]}, "11;7": {"type": "BG_grass", "variant": 8, "pos": [11, 7]}, "12;6": {"type": "BG_grass", "variant": 8, "pos": [12, 6]}, "11;6": {"type": "BG_grass", "variant": 8, "pos": [11, 6]}, "10;7": {"type": "BG_grass", "variant": 8, "pos": [10, 7]}, "9;7": {"type": "BG_grass", "variant": 8, "pos": [9, 7]}, "9;8": {"type": "BG_grass", "variant": 8, "pos": [9, 8]}, "8;8": {"type": "BG_grass", "variant": 8, "pos": [8, 8]}, "8;9": {"type": "BG_grass", "variant": 8, "pos": [8, 9]}, "9;9": {"type": "BG_grass", "variant": 8, "pos": [9, 9]}, "7;9": {"type": "BG_grass", "variant": 8, "pos": [7, 9]}, "7;8": {"type": "BG_grass", "variant": 8, "pos": [7, 8]}, "6;8": {"type": "BG_grass", "variant": 8, "pos": [6, 8]}, "10;8": {"type": "BG_grass", "variant": 8, "pos": [10, 8]}, "14;15": {"type": "BG_grass", "variant": 5, "pos": [14, 15]}, "12;15": {"type": "BG_grass", "variant": 6, "pos": [12, 15]}, "17;13": {"type": "BG_grass", "variant": 8, "pos": [17, 13]}, "17;12": {"type": "BG_grass", "variant": 1, "pos": [17, 12]}, "18;12": {"type": "BG_grass", "variant": 8, "pos": [18, 12]}, "18;11": {"type": "BG_grass", "variant": 0, "pos": [18, 11]}, "19;11": {"type": "BG_grass", "variant": 8, "pos": [19, 11]}, "19;10": {"type": "BG_grass", "variant": 0, "pos": [19, 10]}, "20;10": {"type": "BG_grass", "variant": 8, "pos": [20, 10]}, "20;9": {"type": "BG_grass", "variant": 0, "pos": [20, 9]}, "21;9": {"type": "BG_grass", "variant": 1, "pos": [21, 9]}, "22;9": {"type": "BG_grass", "variant": 8, "pos": [22, 9]}, "22;8": {"type": "BG_grass", "variant": 0, "pos": [22, 8]}, "23;8": {"type": "BG_grass", "variant": 1, "pos": [23, 8]}, "21;10": {"type": "BG_grass", "variant": 8, "pos": [21, 10]}, "20;11": {"type": "BG_grass", "variant": 8, "pos": [20, 11]}, "20;12": {"type": "BG_grass", "variant": 8, "pos": [20, 12]}, "19;12": {"type": "BG_grass", "variant": 8, "pos": [19, 12]}, "24;8": {"type": "BG_grass", "variant": 8, "pos": [24, 8]}, "25;7": {"type": "BG_grass", "variant": 8, "pos": [25, 7]}, "25;6": {"type": "BG_grass", "variant": 7, "pos": [25, 6]}, "26;6": {"type": "BG_grass", "variant": 8, "pos": [26, 6]}, "24;7": {"type": "BG_grass", "variant": 0, "pos": [24, 7]}, "23;9": {"type": "BG_grass", "variant": 8, "pos": [23, 9]}, "22;10": {"type": "BG_grass", "variant": 8, "pos": [22, 10]}, "21;11": {"type": "BG_grass", "variant": 8, "pos": [21, 11]}, "19;13": {"type": "BG_grass", "variant": 8, "pos": [19, 13]}, "18;13": {"type": "BG_grass", "variant": 8, "pos": [18, 13]}, "18;14": {"type": "BG_grass", "variant": 8, "pos": [18, 14]}, "17;14": {"type": "BG_grass", "variant": 8, "pos": [17, 14]}, "19;14": {"type": "BG_grass", "variant": 8, "pos": [19, 14]}, "20;14": {"type": "BG_grass", "variant": 8, "pos": [20, 14]}, "21;14": {"type": "BG_grass", "variant": 8, "pos": [21, 14]}, "22;14": {"type": "BG_grass", "variant": 8, "pos": [22, 14]}, "22;13": {"type": "BG_grass", "variant": 8, "pos": [22, 13]}, "23;13": {"type": "BG_grass", "variant": 8, "pos": [23, 13]}, "24;13": {"type": "BG_grass", "variant": 8, "pos": [24, 13]}, "24;12": {"type": "BG_grass", "variant": 8, "pos": [24, 12]}, "25;12": {"type": "BG_grass", "variant": 8, "pos": [25, 12]}, "25;13": {"type": "BG_grass", "variant": 8, "pos": [25, 13]}, "23;14": {"type": "BG_grass", "variant": 8, "pos": [23, 14]}, "19;15": {"type": "BG_grass", "variant": 8, "pos": [19, 15]}, "18;16": {"type": "BG_grass", "variant": 8, "pos": [18, 16]}, "18;17": {"type": "BG_grass", "variant": 7, "pos": [18, 17]}, "19;17": {"type": "BG_grass", "variant": 8, "pos": [19, 17]}, "19;18": {"type": "BG_grass", "variant": 8, "pos": [19, 18]}, "18;15": {"type": "BG_grass", "variant": 8, "pos": [18, 15]}, "19;16": {"type": "BG_grass", "variant": 8, "pos": [19, 16]}, "19;19": {"type": "BG_grass", "variant": 8, "pos": [19, 19]}, "19;20": {"type": "BG_grass", "variant": 6, "pos": [19, 20]}, "18;18": {"type": "BG_grass", "variant": 7, "pos": [18, 18]}, "18;19": {"type": "BG_grass", "variant": 6, "pos": [18, 19]}, "20;20": {"type": "BG_grass", "variant": 8, "pos": [20, 20]}, "20;21": {"type": "BG_grass", "variant": 7, "pos": [20, 21]}, "21;22": {"type": "BG_grass", "variant": 8, "pos": [21, 22]}, "21;23": {"type": "BG_grass", "variant": 6, "pos": [21, 23]}, "22;23": {"type": "BG_grass", "variant": 8, "pos": [22, 23]}, "22;24": {"type": "BG_grass", "variant": 6, "pos": [22, 24]}, "23;25": {"type": "BG_grass", "variant": 6, "pos": [23, 25]}, "24;25": {"type": "BG_grass", "variant": 5, "pos": [24, 25]}, "25;25": {"type": "BG_grass", "variant": 5, "pos": [25, 25]}, "26;25": {"type": "BG_grass", "variant": 5, "pos": [26, 25]}, "27;25": {"type": "BG_grass", "variant": 5, "pos": [27, 25]}, "28;25": {"type": "BG_grass", "variant": 5, "pos": [28, 25]}, "29;25": {"type": "BG_grass", "variant": 5, "pos": [29, 25]}, "30;25": {"type": "BG_grass", "variant": 5, "pos": [30, 25]}, "31;25": {"type": "BG_grass", "variant": 8, "pos": [31, 25]}, "32;25": {"type": "BG_grass", "variant": 8, "pos": [32, 25]}, "31;26": {"type": "BG_grass", "variant": 6, "pos": [31, 26]}, "32;26": {"type": "BG_grass", "variant": 5, "pos": [32, 26]}, "33;26": {"type": "BG_grass", "variant": 5, "pos": [33, 26]}, "34;26": {"type": "BG_grass", "variant": 5, "pos": [34, 26]}, "35;26": {"type": "BG_grass", "variant": 5, "pos": [35, 26]}, "36;26": {"type": "BG_grass", "variant": 5, "pos": [36, 26]}, "37;26": {"type": "BG_grass", "variant": 5, "pos": [37, 26]}, "38;26": {"type": "BG_grass", "variant": 5, "pos": [38, 26]}, "39;26": {"type": "BG_grass", "variant": 5, "pos": [39, 26]}, "40;26": {"type": "BG_grass", "variant": 5, "pos": [40, 26]}, "41;26": {"type": "BG_grass", "variant": 5, "pos": [41, 26]}, "42;26": {"type": "BG_grass", "variant": 5, "pos": [42, 26]}, "43;26": {"type": "BG_grass", "variant": 5, "pos": [43, 26]}, "44;26": {"type": "BG_grass", "variant": 4, "pos": [44, 26]}, "44;25": {"type": "BG_grass", "variant": 3, "pos": [44, 25]}, "44;24": {"type": "BG_grass", "variant": 2, "pos": [44, 24]}, "43;24": {"type": "BG_grass", "variant": 1, "pos": [43, 24]}, "42;24": {"type": "BG_grass", "variant": 8, "pos": [42, 24]}, "43;25": {"type": "BG_grass", "variant": 8, "pos": [43, 25]}, "42;23": {"type": "BG_grass", "variant": 3, "pos": [42, 23]}, "41;23": {"type": "BG_grass", "variant": 8, "pos": [41, 23]}, "41;22": {"type": "BG_grass", "variant": 8, "pos": [41, 22]}, "40;22": {"type": "BG_grass", "variant": 8, "pos": [40, 22]}, "39;22": {"type": "BG_grass", "variant": 8, "pos": [39, 22]}, "38;22": {"type": "BG_grass", "variant": 8, "pos": [38, 22]}, "38;21": {"type": "BG_grass", "variant": 8, "pos": [38, 21]}, "37;21": {"type": "BG_grass", "variant": 8, "pos": [37, 21]}, "36;21": {"type": "BG_grass", "variant": 8, "pos": [36, 21]}, "35;21": {"type": "BG_grass", "variant": 8, "pos": [35, 21]}, "35;20": {"type": "BG_grass", "variant": 8, "pos": [35, 20]}, "34;20": {"type": "BG_grass", "variant": 8, "pos": [34, 20]}, "33;19": {"type": "BG_grass", "variant": 0, "pos": [33, 19]}, "37;22": {"type": "BG_grass", "variant": 8, "pos": [37, 22]}, "38;23": {"type": "BG_grass", "variant": 8, "pos": [38, 23]}, "39;23": {"type": "BG_grass", "variant": 8, "pos": [39, 23]}, "39;24": {"type": "BG_grass", "variant": 8, "pos": [39, 24]}, "40;23": {"type": "BG_grass", "variant": 8, "pos": [40, 23]}, "34;19": {"type": "BG_grass", "variant": 1, "pos": [34, 19]}, "31;18": {"type": "BG_grass", "variant": 2, "pos": [31, 18]}, "29;18": {"type": "BG_grass", "variant": 1, "pos": [29, 18]}, "28;18": {"type": "BG_grass", "variant": 1, "pos": [28, 18]}, "27;18": {"type": "BG_grass", "variant": 8, "pos": [27, 18]}, "27;17": {"type": "BG_grass", "variant": 2, "pos": [27, 17]}, "26;17": {"type": "BG_grass", "variant": 8, "pos": [26, 17]}, "26;16": {"type": "BG_grass", "variant": 3, "pos": [26, 16]}, "25;15": {"type": "BG_grass", "variant": 8, "pos": [25, 15]}, "26;14": {"type": "BG_grass", "variant": 3, "pos": [26, 14]}, "27;13": {"type": "BG_grass", "variant": 5, "pos": [27, 13]}, "28;13": {"type": "BG_grass", "variant": 5, "pos": [28, 13]}, "28;12": {"type": "BG_grass", "variant": 8, "pos": [28, 12]}, "27;12": {"type": "BG_grass", "variant": 8, "pos": [27, 12]}, "26;12": {"type": "BG_grass", "variant": 8, "pos": [26, 12]}, "26;13": {"type": "BG_grass", "variant": 8, "pos": [26, 13]}, "25;14": {"type": "BG_grass", "variant": 8, "pos": [25, 14]}, "27;11": {"type": "BG_grass", "variant": 8, "pos": [27, 11]}, "27;10": {"type": "BG_grass", "variant": 8, "pos": [27, 10]}, "28;10": {"type": "BG_grass", "variant": 8, "pos": [28, 10]}, "29;10": {"type": "BG_grass", "variant": 8, "pos": [29, 10]}, "29;9": {"type": "BG_grass", "variant": 8, "pos": [29, 9]}, "29;8": {"type": "BG_grass", "variant": 8, "pos": [29, 8]}, "30;8": {"type": "BG_grass", "variant": 8, "pos": [30, 8]}, "30;7": {"type": "BG_grass", "variant": 8, "pos": [30, 7]}, "31;7": {"type": "BG_grass", "variant": 8, "pos": [31, 7]}, "31;6": {"type": "BG_grass", "variant": 8, "pos": [31, 6]}, "31;5": {"type": "BG_grass", "variant": 8, "pos": [31, 5]}, "31;4": {"type": "BG_grass", "variant": 8, "pos": [31, 4]}, "30;4": {"type": "BG_grass", "variant": 8, "pos": [30, 4]}, "29;4": {"type": "BG_grass", "variant": 8, "pos": [29, 4]}, "28;4": {"type": "BG_grass", "variant": 8, "pos": [28, 4]}, "27;4": {"type": "BG_grass", "variant": 1, "pos": [27, 4]}, "26;4": {"type": "BG_grass", "variant": 0, "pos": [26, 4]}, "25;5": {"type": "BG_grass", "variant": 0, "pos": [25, 5]}, "26;5": {"type": "BG_grass", "variant": 8, "pos": [26, 5]}, "29;3": {"type": "BG_grass", "variant": 1, "pos": [29, 3]}, "30;3": {"type": "BG_grass", "variant": 1, "pos": [30, 3]}, "31;3": {"type": "BG_grass", "variant": 1, "pos": [31, 3]}, "32;3": {"type": "BG_grass", "variant": 1, "pos": [32, 3]}, "33;3": {"type": "BG_grass", "variant": 1, "pos": [33, 3]}, "34;3": {"type": "BG_grass", "variant": 8, "pos": [34, 3]}, "34;2": {"type": "BG_grass", "variant": 0, "pos": [34, 2]}, "35;2": {"type": "BG_grass", "variant": 1, "pos": [35, 2]}, "36;2": {"type": "BG_grass", "variant": 1, "pos": [36, 2]}, "37;2": {"type": "BG_grass", "variant": 1, "pos": [37, 2]}, "38;2": {"type": "BG_grass", "variant": 1, "pos": [38, 2]}, "39;2": {"type": "BG_grass", "variant": 1, "pos": [39, 2]}, "40;2": {"type": "BG_grass", "variant": 1, "pos": [40, 2]}, "41;2": {"type": "BG_grass", "variant": 8, "pos": [41, 2]}, "42;1": {"type": "BG_grass", "variant": 1, "pos": [42, 1]}, "43;1": {"type": "BG_grass", "variant": 1, "pos": [43, 1]}, "44;1": {"type": "BG_grass", "variant": 1, "pos": [44, 1]}, "45;1": {"type": "BG_grass", "variant": 2, "pos": [45, 1]}, "46;2": {"type": "BG_grass", "variant": 1, "pos": [46, 2]}, "47;2": {"type": "BG_grass", "variant": 1, "pos": [47, 2]}, "48;2": {"type": "BG_grass", "variant": 1, "pos": [48, 2]}, "49;2": {"type": "BG_grass", "variant": 2, "pos": [49, 2]}, "49;3": {"type": "BG_grass", "variant": 8, "pos": [49, 3]}, "50;3": {"type": "BG_grass", "variant": 1, "pos": [50, 3]}, "50;4": {"type": "BG_grass", "variant": 8, "pos": [50, 4]}, "51;4": {"type": "BG_grass", "variant": 8, "pos": [51, 4]}, "51;5": {"type": "BG_grass", "variant": 8, "pos": [51, 5]}, "52;5": {"type": "BG_grass", "variant": 8, "pos": [52, 5]}, "52;6": {"type": "BG_grass", "variant": 8, "pos": [52, 6]}, "52;7": {"type": "BG_grass", "variant": 8, "pos": [52, 7]}, "48;8": {"type": "BG_grass", "variant": 3, "pos": [48, 8]}, "48;9": {"type": "BG_grass", "variant": 3, "pos": [48, 9]}, "47;9": {"type": "BG_grass", "variant": 8, "pos": [47, 9]}, "46;9": {"type": "BG_grass", "variant": 8, "pos": [46, 9]}, "45;9": {"type": "BG_grass", "variant": 0, "pos": [45, 9]}, "41;8": {"type": "BG_grass", "variant": 5, "pos": [41, 8]}, "40;8": {"type": "BG_grass", "variant": 8, "pos": [40, 8]}, "39;8": {"type": "BG_grass", "variant": 8, "pos": [39, 8]}, "38;8": {"type": "BG_grass", "variant": 8, "pos": [38, 8]}, "37;8": {"type": "BG_grass", "variant": 8, "pos": [37, 8]}, "36;8": {"type": "BG_grass", "variant": 8, "pos": [36, 8]}, "35;8": {"type": "BG_grass", "variant": 8, "pos": [35, 8]}, "34;8": {"type": "BG_grass", "variant": 8, "pos": [34, 8]}, "33;7": {"type": "BG_grass", "variant": 8, "pos": [33, 7]}, "32;7": {"type": "BG_grass", "variant": 8, "pos": [32, 7]}, "32;6": {"type": "BG_grass", "variant": 8, "pos": [32, 6]}, "32;5": {"type": "BG_grass", "variant": 8, "pos": [32, 5]}, "33;8": {"type": "BG_grass", "variant": 8, "pos": [33, 8]}, "53;8": {"type": "BG_grass", "variant": 8, "pos": [53, 8]}, "54;8": {"type": "BG_grass", "variant": 8, "pos": [54, 8]}, "55;8": {"type": "BG_grass", "variant": 8, "pos": [55, 8]}, "56;9": {"type": "BG_grass", "variant": 8, "pos": [56, 9]}, "57;9": {"type": "BG_grass", "variant": 8, "pos": [57, 9]}, "58;9": {"type": "BG_grass", "variant": 8, "pos": [58, 9]}, "59;9": {"type": "BG_grass", "variant": 8, "pos": [59, 9]}, "60;9": {"type": "BG_grass", "variant": 8, "pos": [60, 9]}, "61;9": {"type": "BG_grass", "variant": 5, "pos": [61, 9]}, "62;9": {"type": "BG_grass", "variant": 5, "pos": [62, 9]}, "63;9": {"type": "BG_grass", "variant": 5, "pos": [63, 9]}, "64;9": {"type": "BG_grass", "variant": 5, "pos": [64, 9]}, "65;9": {"type": "BG_grass", "variant": 5, "pos": [65, 9]}, "66;9": {"type": "BG_grass", "variant": 4, "pos": [66, 9]}, "67;8": {"type": "BG_grass", "variant": 5, "pos": [67, 8]}, "68;8": {"type": "BG_grass", "variant": 4, "pos": [68, 8]}, "68;7": {"type": "BG_grass", "variant": 8, "pos": [68, 7]}, "69;7": {"type": "BG_grass", "variant": 5, "pos": [69, 7]}, "70;7": {"type": "BG_grass", "variant": 4, "pos": [70, 7]}, "70;6": {"type": "BG_grass", "variant": 3, "pos": [70, 6]}, "71;5": {"type": "BG_grass", "variant": 4, "pos": [71, 5]}, "71;4": {"type": "BG_grass", "variant": 3, "pos": [71, 4]}, "71;3": {"type": "BG_grass", "variant": 3, "pos": [71, 3]}, "71;2": {"type": "BG_grass", "variant": 3, "pos": [71, 2]}, "71;1": {"type": "BG_grass", "variant": 3, "pos": [71, 1]}, "71;0": {"type": "BG_grass", "variant": 2, "pos": [71, 0]}, "70;0": {"type": "BG_grass", "variant": 1, "pos": [70, 0]}, "69;0": {"type": "BG_grass", "variant": 1, "pos": [69, 0]}, "68;-1": {"type": "BG_grass", "variant": 2, "pos": [68, -1]}, "67;-1": {"type": "BG_grass", "variant": 1, "pos": [67, -1]}, "66;-1": {"type": "BG_grass", "variant": 1, "pos": [66, -1]}, "65;-1": {"type": "BG_grass", "variant": 1, "pos": [65, -1]}, "64;-1": {"type": "BG_grass", "variant": 1, "pos": [64, -1]}, "63;-1": {"type": "BG_grass", "variant": 0, "pos": [63, -1]}, "63;0": {"type": "BG_grass", "variant": 8, "pos": [63, 0]}, "62;0": {"type": "BG_grass", "variant": 1, "pos": [62, 0]}, "61;0": {"type": "BG_grass", "variant": 1, "pos": [61, 0]}, "60;0": {"type": "BG_grass", "variant": 1, "pos": [60, 0]}, "59;0": {"type": "BG_grass", "variant": 1, "pos": [59, 0]}, "58;0": {"type": "BG_grass", "variant": 1, "pos": [58, 0]}, "57;0": {"type": "BG_grass", "variant": 1, "pos": [57, 0]}, "56;0": {"type": "BG_grass", "variant": 1, "pos": [56, 0]}, "55;0": {"type": "BG_grass", "variant": 0, "pos": [55, 0]}, "55;1": {"type": "BG_grass", "variant": 8, "pos": [55, 1]}, "54;1": {"type": "BG_grass", "variant": 1, "pos": [54, 1]}, "53;1": {"type": "BG_grass", "variant": 0, "pos": [53, 1]}, "53;2": {"type": "BG_grass", "variant": 8, "pos": [53, 2]}, "52;2": {"type": "BG_grass", "variant": 0, "pos": [52, 2]}, "52;3": {"type": "BG_grass", "variant": 8, "pos": [52, 3]}, "51;3": {"type": "BG_grass", "variant": 1, "pos": [51, 3]}, "44;10": {"type": "BG_grass", "variant": 0, "pos": [44, 10]}, "44;11": {"type": "BG_grass", "variant": 8, "pos": [44, 11]}, "45;11": {"type": "BG_grass", "variant": 8, "pos": [45, 11]}, "45;12": {"type": "BG_grass", "variant": 8, "pos": [45, 12]}, "45;13": {"type": "BG_grass", "variant": 8, "pos": [45, 13]}, "45;14": {"type": "BG_grass", "variant": 7, "pos": [45, 14]}, "45;15": {"type": "BG_grass", "variant": 7, "pos": [45, 15]}, "45;16": {"type": "BG_grass", "variant": 8, "pos": [45, 16]}, "45;17": {"type": "BG_grass", "variant": 8, "pos": [45, 17]}, "46;17": {"type": "BG_grass", "variant": 8, "pos": [46, 17]}, "46;18": {"type": "BG_grass", "variant": 5, "pos": [46, 18]}, "47;18": {"type": "BG_grass", "variant": 8, "pos": [47, 18]}, "48;18": {"type": "BG_grass", "variant": 8, "pos": [48, 18]}, "48;19": {"type": "BG_grass", "variant": 5, "pos": [48, 19]}, "49;19": {"type": "BG_grass", "variant": 5, "pos": [49, 19]}, "50;19": {"type": "BG_grass", "variant": 8, "pos": [50, 19]}, "50;20": {"type": "BG_grass", "variant": 6, "pos": [50, 20]}, "51;20": {"type": "BG_grass", "variant": 8, "pos": [51, 20]}, "51;21": {"type": "BG_grass", "variant": 6, "pos": [51, 21]}, "52;21": {"type": "BG_grass", "variant": 5, "pos": [52, 21]}, "53;21": {"type": "BG_grass", "variant": 5, "pos": [53, 21]}, "54;20": {"type": "BG_grass", "variant": 8, "pos": [54, 20]}, "55;20": {"type": "BG_grass", "variant": 5, "pos": [55, 20]}, "56;20": {"type": "BG_grass", "variant": 4, "pos": [56, 20]}, "56;19": {"type": "BG_grass", "variant": 8, "pos": [56, 19]}, "57;19": {"type": "BG_grass", "variant": 5, "pos": [57, 19]}, "58;19": {"type": "BG_grass", "variant": 4, "pos": [58, 19]}, "58;18": {"type": "BG_grass", "variant": 3, "pos": [58, 18]}, "58;17": {"type": "BG_grass", "variant": 3, "pos": [58, 17]}, "58;16": {"type": "BG_grass", "variant": 3, "pos": [58, 16]}, "58;15": {"type": "BG_grass", "variant": 3, "pos": [58, 15]}, "57;14": {"type": "BG_grass", "variant": 8, "pos": [57, 14]}, "56;13": {"type": "BG_grass", "variant": 8, "pos": [56, 13]}, "56;12": {"type": "BG_grass", "variant": 8, "pos": [56, 12]}, "55;12": {"type": "BG_grass", "variant": 8, "pos": [55, 12]}, "54;12": {"type": "BG_grass", "variant": 8, "pos": [54, 12]}, "54;11": {"type": "BG_grass", "variant": 8, "pos": [54, 11]}, "53;11": {"type": "BG_grass", "variant": 7, "pos": [53, 11]}, "48;10": {"type": "BG_grass", "variant": 3, "pos": [48, 10]}, "47;10": {"type": "BG_grass", "variant": 8, "pos": [47, 10]}, "58;14": {"type": "BG_grass", "variant": 3, "pos": [58, 14]}, "58;12": {"type": "BG_grass", "variant": 8, "pos": [58, 12]}, "58;11": {"type": "BG_grass", "variant": 8, "pos": [58, 11]}, "58;10": {"type": "BG_grass", "variant": 8, "pos": [58, 10]}, "59;10": {"type": "BG_grass", "variant": 8, "pos": [59, 10]}, "60;10": {"type": "BG_grass", "variant": 4, "pos": [60, 10]}, "59;11": {"type": "BG_grass", "variant": 3, "pos": [59, 11]}, "59;12": {"type": "BG_grass", "variant": 4, "pos": [59, 12]}, "58;13": {"type": "BG_grass", "variant": 3, "pos": [58, 13]}, "38;19": {"type": "BG_grass", "variant": 8, "pos": [38, 19]}, "38;18": {"type": "BG_grass", "variant": 8, "pos": [38, 18]}, "38;20": {"type": "BG_grass", "variant": 8, "pos": [38, 20]}, "38;17": {"type": "BG_grass", "variant": 8, "pos": [38, 17]}, "37;16": {"type": "BG_grass", "variant": 8, "pos": [37, 16]}, "37;15": {"type": "BG_grass", "variant": 8, "pos": [37, 15]}, "37;14": {"type": "BG_grass", "variant": 8, "pos": [37, 14]}, "37;10": {"type": "BG_grass", "variant": 8, "pos": [37, 10]}, "45;18": {"type": "BG_grass", "variant": 5, "pos": [45, 18]}, "44;18": {"type": "BG_grass", "variant": 8, "pos": [44, 18]}, "44;19": {"type": "BG_grass", "variant": 4, "pos": [44, 19]}, "43;19": {"type": "BG_grass", "variant": 8, "pos": [43, 19]}, "43;20": {"type": "BG_grass", "variant": 4, "pos": [43, 20]}, "42;20": {"type": "BG_grass", "variant": 8, "pos": [42, 20]}, "42;21": {"type": "BG_grass", "variant": 3, "pos": [42, 21]}, "41;21": {"type": "BG_grass", "variant": 8, "pos": [41, 21]}, "40;21": {"type": "BG_grass", "variant": 1, "pos": [40, 21]}, "26;11": {"type": "BG_grass", "variant": 8, "pos": [26, 11]}, "25;11": {"type": "BG_grass", "variant": 8, "pos": [25, 11]}, "24;11": {"type": "BG_grass", "variant": 8, "pos": [24, 11]}, "23;11": {"type": "BG_grass", "variant": 8, "pos": [23, 11]}, "23;12": {"type": "BG_grass", "variant": 8, "pos": [23, 12]}, "22;12": {"type": "BG_grass", "variant": 8, "pos": [22, 12]}, "21;13": {"type": "BG_grass", "variant": 8, "pos": [21, 13]}, "21;15": {"type": "BG_grass", "variant": 8, "pos": [21, 15]}, "20;13": {"type": "BG_grass", "variant": 8, "pos": [20, 13]}, "21;12": {"type": "BG_grass", "variant": 8, "pos": [21, 12]}, "24;10": {"type": "BG_grass", "variant": 8, "pos": [24, 10]}, "24;9": {"type": "BG_grass", "variant": 8, "pos": [24, 9]}, "22;11": {"type": "BG_grass", "variant": 8, "pos": [22, 11]}, "23;10": {"type": "BG_grass", "variant": 8, "pos": [23, 10]}, "25;9": {"type": "BG_grass", "variant": 8, "pos": [25, 9]}, "25;8": {"type": "BG_grass", "variant": 8, "pos": [25, 8]}, "25;10": {"type": "BG_grass", "variant": 8, "pos": [25, 10]}, "26;10": {"type": "BG_grass", "variant": 8, "pos": [26, 10]}, "26;9": {"type": "BG_grass", "variant": 8, "pos": [26, 9]}, "27;9": {"type": "BG_grass", "variant": 8, "pos": [27, 9]}, "27;8": {"type": "BG_grass", "variant": 8, "pos": [27, 8]}, "28;8": {"type": "BG_grass", "variant": 8, "pos": [28, 8]}, "28;7": {"type": "BG_grass", "variant": 8, "pos": [28, 7]}, "29;7": {"type": "BG_grass", "variant": 8, "pos": [29, 7]}, "28;9": {"type": "BG_grass", "variant": 8, "pos": [28, 9]}, "27;7": {"type": "BG_grass", "variant": 8, "pos": [27, 7]}, "26;8": {"type": "BG_grass", "variant": 8, "pos": [26, 8]}, "26;7": {"type": "BG_grass", "variant": 8, "pos": [26, 7]}, "27;6": {"type": "BG_grass", "variant": 8, "pos": [27, 6]}, "27;5": {"type": "BG_grass", "variant": 8, "pos": [27, 5]}, "28;5": {"type": "BG_grass", "variant": 8, "pos": [28, 5]}, "29;5": {"type": "BG_grass", "variant": 8, "pos": [29, 5]}, "29;6": {"type": "BG_grass", "variant": 8, "pos": [29, 6]}, "28;6": {"type": "BG_grass", "variant": 8, "pos": [28, 6]}, "30;6": {"type": "BG_grass", "variant": 8, "pos": [30, 6]}, "30;5": {"type": "BG_grass", "variant": 8, "pos": [30, 5]}, "34;7": {"type": "BG_grass", "variant": 8, "pos": [34, 7]}, "34;6": {"type": "BG_grass", "variant": 8, "pos": [34, 6]}, "33;6": {"type": "BG_grass", "variant": 8, "pos": [33, 6]}, "33;5": {"type": "BG_grass", "variant": 8, "pos": [33, 5]}, "33;4": {"type": "BG_grass", "variant": 8, "pos": [33, 4]}, "32;4": {"type": "BG_grass", "variant": 8, "pos": [32, 4]}, "34;4": {"type": "BG_grass", "variant": 8, "pos": [34, 4]}, "34;5": {"type": "BG_grass", "variant": 8, "pos": [34, 5]}, "35;5": {"type": "BG_grass", "variant": 8, "pos": [35, 5]}, "35;4": {"type": "BG_grass", "variant": 8, "pos": [35, 4]}, "36;4": {"type": "BG_grass", "variant": 8, "pos": [36, 4]}, "36;3": {"type": "BG_grass", "variant": 8, "pos": [36, 3]}, "35;3": {"type": "BG_grass", "variant": 8, "pos": [35, 3]}, "37;3": {"type": "BG_grass", "variant": 8, "pos": [37, 3]}, "36;5": {"type": "BG_grass", "variant": 8, "pos": [36, 5]}, "37;5": {"type": "BG_grass", "variant": 8, "pos": [37, 5]}, "37;4": {"type": "BG_grass", "variant": 8, "pos": [37, 4]}, "38;4": {"type": "BG_grass", "variant": 8, "pos": [38, 4]}, "35;6": {"type": "BG_grass", "variant": 8, "pos": [35, 6]}, "36;6": {"type": "BG_grass", "variant": 8, "pos": [36, 6]}, "37;6": {"type": "BG_grass", "variant": 8, "pos": [37, 6]}, "38;5": {"type": "BG_grass", "variant": 8, "pos": [38, 5]}, "35;7": {"type": "BG_grass", "variant": 8, "pos": [35, 7]}, "36;7": {"type": "BG_grass", "variant": 8, "pos": [36, 7]}, "41;7": {"type": "BG_grass", "variant": 8, "pos": [41, 7]}, "42;6": {"type": "BG_grass", "variant": 8, "pos": [42, 6]}, "42;5": {"type": "BG_grass", "variant": 8, "pos": [42, 5]}, "41;3": {"type": "BG_grass", "variant": 8, "pos": [41, 3]}, "38;3": {"type": "BG_grass", "variant": 8, "pos": [38, 3]}, "39;4": {"type": "BG_grass", "variant": 8, "pos": [39, 4]}, "40;4": {"type": "BG_grass", "variant": 8, "pos": [40, 4]}, "39;3": {"type": "BG_grass", "variant": 8, "pos": [39, 3]}, "38;6": {"type": "BG_grass", "variant": 8, "pos": [38, 6]}, "39;6": {"type": "BG_grass", "variant": 8, "pos": [39, 6]}, "40;5": {"type": "BG_grass", "variant": 8, "pos": [40, 5]}, "37;7": {"type": "BG_grass", "variant": 8, "pos": [37, 7]}, "38;7": {"type": "BG_grass", "variant": 8, "pos": [38, 7]}, "39;7": {"type": "BG_grass", "variant": 8, "pos": [39, 7]}, "40;7": {"type": "BG_grass", "variant": 8, "pos": [40, 7]}, "41;6": {"type": "BG_grass", "variant": 8, "pos": [41, 6]}, "41;5": {"type": "BG_grass", "variant": 8, "pos": [41, 5]}, "41;4": {"type": "BG_grass", "variant": 8, "pos": [41, 4]}, "39;5": {"type": "BG_grass", "variant": 8, "pos": [39, 5]}, "40;6": {"type": "BG_grass", "variant": 8, "pos": [40, 6]}, "40;3": {"type": "BG_grass", "variant": 8, "pos": [40, 3]}, "41;1": {"type": "BG_grass", "variant": 0, "pos": [41, 1]}, "42;2": {"type": "BG_grass", "variant": 8, "pos": [42, 2]}, "42;3": {"type": "BG_grass", "variant": 8, "pos": [42, 3]}, "42;7": {"type": "BG_grass", "variant": 8, "pos": [42, 7]}, "42;8": {"type": "BG_grass", "variant": 4, "pos": [42, 8]}, "46;8": {"type": "BG_grass", "variant": 7, "pos": [46, 8]}, "47;8": {"type": "BG_grass", "variant": 8, "pos": [47, 8]}, "53;10": {"type": "BG_grass", "variant": 7, "pos": [53, 10]}, "54;10": {"type": "BG_grass", "variant": 8, "pos": [54, 10]}, "55;10": {"type": "BG_grass", "variant": 8, "pos": [55, 10]}, "56;10": {"type": "BG_grass", "variant": 8, "pos": [56, 10]}, "56;11": {"type": "BG_grass", "variant": 8, "pos": [56, 11]}, "57;11": {"type": "BG_grass", "variant": 8, "pos": [57, 11]}, "57;12": {"type": "BG_grass", "variant": 8, "pos": [57, 12]}, "57;13": {"type": "BG_grass", "variant": 8, "pos": [57, 13]}, "55;11": {"type": "BG_grass", "variant": 8, "pos": [55, 11]}, "57;10": {"type": "BG_grass", "variant": 8, "pos": [57, 10]}, "54;9": {"type": "BG_grass", "variant": 8, "pos": [54, 9]}, "53;9": {"type": "BG_grass", "variant": 7, "pos": [53, 9]}, "55;9": {"type": "BG_grass", "variant": 8, "pos": [55, 9]}, "54;7": {"type": "BG_grass", "variant": 8, "pos": [54, 7]}, "53;7": {"type": "BG_grass", "variant": 8, "pos": [53, 7]}, "51;7": {"type": "BG_grass", "variant": 6, "pos": [51, 7]}, "51;6": {"type": "BG_grass", "variant": 8, "pos": [51, 6]}, "50;6": {"type": "BG_grass", "variant": 5, "pos": [50, 6]}, "49;6": {"type": "BG_grass", "variant": 8, "pos": [49, 6]}, "48;6": {"type": "BG_grass", "variant": 8, "pos": [48, 6]}, "48;7": {"type": "BG_grass", "variant": 8, "pos": [48, 7]}, "47;7": {"type": "BG_grass", "variant": 8, "pos": [47, 7]}, "49;7": {"type": "BG_grass", "variant": 4, "pos": [49, 7]}, "47;6": {"type": "BG_grass", "variant": 8, "pos": [47, 6]}, "46;6": {"type": "BG_grass", "variant": 8, "pos": [46, 6]}, "46;7": {"type": "BG_grass", "variant": 8, "pos": [46, 7]}, "45;7": {"type": "BG_grass", "variant": 5, "pos": [45, 7]}, "44;7": {"type": "BG_grass", "variant": 5, "pos": [44, 7]}, "43;7": {"type": "BG_grass", "variant": 5, "pos": [43, 7]}, "43;6": {"type": "BG_grass", "variant": 8, "pos": [43, 6]}, "44;5": {"type": "BG_grass", "variant": 8, "pos": [44, 5]}, "45;5": {"type": "BG_grass", "variant": 8, "pos": [45, 5]}, "45;6": {"type": "BG_grass", "variant": 8, "pos": [45, 6]}, "44;6": {"type": "BG_grass", "variant": 8, "pos": [44, 6]}, "43;5": {"type": "BG_grass", "variant": 8, "pos": [43, 5]}, "42;4": {"type": "BG_grass", "variant": 8, "pos": [42, 4]}, "43;3": {"type": "BG_grass", "variant": 8, "pos": [43, 3]}, "43;2": {"type": "BG_grass", "variant": 8, "pos": [43, 2]}, "44;2": {"type": "BG_grass", "variant": 8, "pos": [44, 2]}, "45;2": {"type": "BG_grass", "variant": 8, "pos": [45, 2]}, "44;3": {"type": "BG_grass", "variant": 8, "pos": [44, 3]}, "43;4": {"type": "BG_grass", "variant": 8, "pos": [43, 4]}, "44;4": {"type": "BG_grass", "variant": 8, "pos": [44, 4]}, "45;3": {"type": "BG_grass", "variant": 8, "pos": [45, 3]}, "45;4": {"type": "BG_grass", "variant": 8, "pos": [45, 4]}, "46;3": {"type": "BG_grass", "variant": 8, "pos": [46, 3]}, "46;4": {"type": "BG_grass", "variant": 8, "pos": [46, 4]}, "46;5": {"type": "BG_grass", "variant": 8, "pos": [46, 5]}, "47;3": {"type": "BG_grass", "variant": 8, "pos": [47, 3]}, "47;4": {"type": "BG_grass", "variant": 8, "pos": [47, 4]}, "47;5": {"type": "BG_grass", "variant": 8, "pos": [47, 5]}, "48;5": {"type": "BG_grass", "variant": 8, "pos": [48, 5]}, "48;4": {"type": "BG_grass", "variant": 8, "pos": [48, 4]}, "48;3": {"type": "BG_grass", "variant": 8, "pos": [48, 3]}, "49;4": {"type": "BG_grass", "variant": 8, "pos": [49, 4]}, "49;5": {"type": "BG_grass", "variant": 8, "pos": [49, 5]}, "50;5": {"type": "BG_grass", "variant": 8, "pos": [50, 5]}, "52;4": {"type": "BG_grass", "variant": 8, "pos": [52, 4]}, "54;3": {"type": "BG_grass", "variant": 8, "pos": [54, 3]}, "54;4": {"type": "BG_grass", "variant": 8, "pos": [54, 4]}, "54;5": {"type": "BG_grass", "variant": 8, "pos": [54, 5]}, "53;5": {"type": "BG_grass", "variant": 8, "pos": [53, 5]}, "53;6": {"type": "BG_grass", "variant": 8, "pos": [53, 6]}, "54;6": {"type": "BG_grass", "variant": 8, "pos": [54, 6]}, "55;5": {"type": "BG_grass", "variant": 8, "pos": [55, 5]}, "56;5": {"type": "BG_grass", "variant": 8, "pos": [56, 5]}, "56;4": {"type": "BG_grass", "variant": 8, "pos": [56, 4]}, "57;4": {"type": "BG_grass", "variant": 8, "pos": [57, 4]}, "57;3": {"type": "BG_grass", "variant": 8, "pos": [57, 3]}, "58;3": {"type": "BG_grass", "variant": 8, "pos": [58, 3]}, "59;3": {"type": "BG_grass", "variant": 8, "pos": [59, 3]}, "60;3": {"type": "BG_grass", "variant": 8, "pos": [60, 3]}, "60;2": {"type": "BG_grass", "variant": 8, "pos": [60, 2]}, "61;2": {"type": "BG_grass", "variant": 8, "pos": [61, 2]}, "62;2": {"type": "BG_grass", "variant": 8, "pos": [62, 2]}, "63;2": {"type": "BG_grass", "variant": 8, "pos": [63, 2]}, "64;2": {"type": "BG_grass", "variant": 8, "pos": [64, 2]}, "65;2": {"type": "BG_grass", "variant": 8, "pos": [65, 2]}, "64;1": {"type": "BG_grass", "variant": 8, "pos": [64, 1]}, "65;1": {"type": "BG_grass", "variant": 8, "pos": [65, 1]}, "63;1": {"type": "BG_grass", "variant": 8, "pos": [63, 1]}, "61;3": {"type": "BG_grass", "variant": 8, "pos": [61, 3]}, "64;0": {"type": "BG_grass", "variant": 8, "pos": [64, 0]}, "62;3": {"type": "BG_grass", "variant": 8, "pos": [62, 3]}, "58;4": {"type": "BG_grass", "variant": 8, "pos": [58, 4]}, "59;2": {"type": "BG_grass", "variant": 8, "pos": [59, 2]}, "61;1": {"type": "BG_grass", "variant": 8, "pos": [61, 1]}, "60;1": {"type": "BG_grass", "variant": 8, "pos": [60, 1]}, "58;2": {"type": "BG_grass", "variant": 8, "pos": [58, 2]}, "56;3": {"type": "BG_grass", "variant": 8, "pos": [56, 3]}, "55;4": {"type": "BG_grass", "variant": 8, "pos": [55, 4]}, "53;4": {"type": "BG_grass", "variant": 8, "pos": [53, 4]}, "57;2": {"type": "BG_grass", "variant": 8, "pos": [57, 2]}, "56;2": {"type": "BG_grass", "variant": 8, "pos": [56, 2]}, "55;2": {"type": "BG_grass", "variant": 8, "pos": [55, 2]}, "53;3": {"type": "BG_grass", "variant": 8, "pos": [53, 3]}, "54;2": {"type": "BG_grass", "variant": 8, "pos": [54, 2]}, "55;3": {"type": "BG_grass", "variant": 8, "pos": [55, 3]}, "56;1": {"type": "BG_grass", "variant": 8, "pos": [56, 1]}, "57;1": {"type": "BG_grass", "variant": 8, "pos": [57, 1]}, "58;1": {"type": "BG_grass", "variant": 8, "pos": [58, 1]}, "59;1": {"type": "BG_grass", "variant": 8, "pos": [59, 1]}, "62;1": {"type": "BG_grass", "variant": 8, "pos": [62, 1]}, "63;3": {"type": "BG_grass", "variant": 8, "pos": [63, 3]}, "61;4": {"type": "BG_grass", "variant": 8, "pos": [61, 4]}, "61;5": {"type": "BG_grass", "variant": 8, "pos": [61, 5]}, "60;6": {"type": "BG_grass", "variant": 8, "pos": [60, 6]}, "59;7": {"type": "BG_grass", "variant": 8, "pos": [59, 7]}, "58;8": {"type": "BG_grass", "variant": 8, "pos": [58, 8]}, "57;8": {"type": "BG_grass", "variant": 8, "pos": [57, 8]}, "56;8": {"type": "BG_grass", "variant": 8, "pos": [56, 8]}, "57;7": {"type": "BG_grass", "variant": 8, "pos": [57, 7]}, "58;7": {"type": "BG_grass", "variant": 8, "pos": [58, 7]}, "59;6": {"type": "BG_grass", "variant": 8, "pos": [59, 6]}, "59;5": {"type": "BG_grass", "variant": 8, "pos": [59, 5]}, "60;5": {"type": "BG_grass", "variant": 8, "pos": [60, 5]}, "58;5": {"type": "BG_grass", "variant": 8, "pos": [58, 5]}, "56;6": {"type": "BG_grass", "variant": 8, "pos": [56, 6]}, "55;7": {"type": "BG_grass", "variant": 8, "pos": [55, 7]}, "57;6": {"type": "BG_grass", "variant": 8, "pos": [57, 6]}, "58;6": {"type": "BG_grass", "variant": 8, "pos": [58, 6]}, "55;6": {"type": "BG_grass", "variant": 8, "pos": [55, 6]}, "57;5": {"type": "BG_grass", "variant": 8, "pos": [57, 5]}, "56;7": {"type": "BG_grass", "variant": 8, "pos": [56, 7]}, "59;4": {"type": "BG_grass", "variant": 8, "pos": [59, 4]}, "62;4": {"type": "BG_grass", "variant": 8, "pos": [62, 4]}, "60;4": {"type": "BG_grass", "variant": 8, "pos": [60, 4]}, "63;4": {"type": "BG_grass", "variant": 8, "pos": [63, 4]}, "64;3": {"type": "BG_grass", "variant": 8, "pos": [64, 3]}, "66;2": {"type": "BG_grass", "variant": 8, "pos": [66, 2]}, "67;2": {"type": "BG_grass", "variant": 8, "pos": [67, 2]}, "65;3": {"type": "BG_grass", "variant": 8, "pos": [65, 3]}, "67;1": {"type": "BG_grass", "variant": 8, "pos": [67, 1]}, "68;1": {"type": "BG_grass", "variant": 8, "pos": [68, 1]}, "66;1": {"type": "BG_grass", "variant": 8, "pos": [66, 1]}, "65;0": {"type": "BG_grass", "variant": 8, "pos": [65, 0]}, "66;0": {"type": "BG_grass", "variant": 8, "pos": [66, 0]}, "67;0": {"type": "BG_grass", "variant": 8, "pos": [67, 0]}, "68;0": {"type": "BG_grass", "variant": 8, "pos": [68, 0]}, "69;1": {"type": "BG_grass", "variant": 8, "pos": [69, 1]}, "70;1": {"type": "BG_grass", "variant": 8, "pos": [70, 1]}, "70;2": {"type": "BG_grass", "variant": 8, "pos": [70, 2]}, "70;3": {"type": "BG_grass", "variant": 8, "pos": [70, 3]}, "70;4": {"type": "BG_grass", "variant": 8, "pos": [70, 4]}, "70;5": {"type": "BG_grass", "variant": 8, "pos": [70, 5]}, "69;3": {"type": "BG_grass", "variant": 8, "pos": [69, 3]}, "69;4": {"type": "BG_grass", "variant": 8, "pos": [69, 4]}, "69;5": {"type": "BG_grass", "variant": 8, "pos": [69, 5]}, "69;6": {"type": "BG_grass", "variant": 8, "pos": [69, 6]}, "69;2": {"type": "BG_grass", "variant": 8, "pos": [69, 2]}, "68;4": {"type": "BG_grass", "variant": 8, "pos": [68, 4]}, "68;5": {"type": "BG_grass", "variant": 8, "pos": [68, 5]}, "68;6": {"type": "BG_grass", "variant": 8, "pos": [68, 6]}, "67;6": {"type": "BG_grass", "variant": 8, "pos": [67, 6]}, "67;5": {"type": "BG_grass", "variant": 8, "pos": [67, 5]}, "67;4": {"type": "BG_grass", "variant": 8, "pos": [67, 4]}, "68;3": {"type": "BG_grass", "variant": 8, "pos": [68, 3]}, "68;2": {"type": "BG_grass", "variant": 8, "pos": [68, 2]}, "66;7": {"type": "BG_grass", "variant": 8, "pos": [66, 7]}, "66;6": {"type": "BG_grass", "variant": 8, "pos": [66, 6]}, "66;5": {"type": "BG_grass", "variant": 8, "pos": [66, 5]}, "67;3": {"type": "BG_grass", "variant": 8, "pos": [67, 3]}, "65;5": {"type": "BG_grass", "variant": 8, "pos": [65, 5]}, "65;6": {"type": "BG_grass", "variant": 8, "pos": [65, 6]}, "64;7": {"type": "BG_grass", "variant": 8, "pos": [64, 7]}, "64;6": {"type": "BG_grass", "variant": 8, "pos": [64, 6]}, "66;4": {"type": "BG_grass", "variant": 8, "pos": [66, 4]}, "66;3": {"type": "BG_grass", "variant": 8, "pos": [66, 3]}, "63;7": {"type": "BG_grass", "variant": 8, "pos": [63, 7]}, "65;4": {"type": "BG_grass", "variant": 8, "pos": [65, 4]}, "64;5": {"type": "BG_grass", "variant": 8, "pos": [64, 5]}, "63;6": {"type": "BG_grass", "variant": 8, "pos": [63, 6]}, "62;6": {"type": "BG_grass", "variant": 8, "pos": [62, 6]}, "63;5": {"type": "BG_grass", "variant": 8, "pos": [63, 5]}, "64;4": {"type": "BG_grass", "variant": 8, "pos": [64, 4]}, "62;5": {"type": "BG_grass", "variant": 8, "pos": [62, 5]}, "61;6": {"type": "BG_grass", "variant": 8, "pos": [61, 6]}, "60;7": {"type": "BG_grass", "variant": 8, "pos": [60, 7]}, "59;8": {"type": "BG_grass", "variant": 8, "pos": [59, 8]}, "60;8": {"type": "BG_grass", "variant": 8, "pos": [60, 8]}, "61;8": {"type": "BG_grass", "variant": 8, "pos": [61, 8]}, "62;7": {"type": "BG_grass", "variant": 8, "pos": [62, 7]}, "65;7": {"type": "BG_grass", "variant": 8, "pos": [65, 7]}, "67;7": {"type": "BG_grass", "variant": 8, "pos": [67, 7]}, "66;8": {"type": "BG_grass", "variant": 8, "pos": [66, 8]}, "65;8": {"type": "BG_grass", "variant": 8, "pos": [65, 8]}, "64;8": {"type": "BG_grass", "variant": 8, "pos": [64, 8]}, "63;8": {"type": "BG_grass", "variant": 8, "pos": [63, 8]}, "62;8": {"type": "BG_grass", "variant": 8, "pos": [62, 8]}, "61;7": {"type": "BG_grass", "variant": 8, "pos": [61, 7]}, "56;16": {"type": "BG_grass", "variant": 8, "pos": [56, 16]}, "56;17": {"type": "BG_grass", "variant": 8, "pos": [56, 17]}, "56;18": {"type": "BG_grass", "variant": 8, "pos": [56, 18]}, "55;18": {"type": "BG_grass", "variant": 8, "pos": [55, 18]}, "55;19": {"type": "BG_grass", "variant": 8, "pos": [55, 19]}, "54;21": {"type": "BG_grass", "variant": 4, "pos": [54, 21]}, "52;20": {"type": "BG_grass", "variant": 8, "pos": [52, 20]}, "53;20": {"type": "BG_grass", "variant": 8, "pos": [53, 20]}, "53;19": {"type": "BG_grass", "variant": 8, "pos": [53, 19]}, "53;18": {"type": "BG_grass", "variant": 8, "pos": [53, 18]}, "53;17": {"type": "BG_grass", "variant": 8, "pos": [53, 17]}, "54;17": {"type": "BG_grass", "variant": 8, "pos": [54, 17]}, "55;17": {"type": "BG_grass", "variant": 8, "pos": [55, 17]}, "54;18": {"type": "BG_grass", "variant": 8, "pos": [54, 18]}, "57;17": {"type": "BG_grass", "variant": 8, "pos": [57, 17]}, "57;18": {"type": "BG_grass", "variant": 8, "pos": [57, 18]}, "57;16": {"type": "BG_grass", "variant": 8, "pos": [57, 16]}, "57;15": {"type": "BG_grass", "variant": 8, "pos": [57, 15]}, "55;16": {"type": "BG_grass", "variant": 8, "pos": [55, 16]}, "54;19": {"type": "BG_grass", "variant": 8, "pos": [54, 19]}, "56;14": {"type": "BG_grass", "variant": 8, "pos": [56, 14]}, "55;15": {"type": "BG_grass", "variant": 8, "pos": [55, 15]}, "54;16": {"type": "BG_grass", "variant": 8, "pos": [54, 16]}, "52;18": {"type": "BG_grass", "variant": 8, "pos": [52, 18]}, "56;15": {"type": "BG_grass", "variant": 8, "pos": [56, 15]}, "52;19": {"type": "BG_grass", "variant": 8, "pos": [52, 19]}, "51;19": {"type": "BG_grass", "variant": 8, "pos": [51, 19]}, "51;18": {"type": "BG_grass", "variant": 8, "pos": [51, 18]}, "52;17": {"type": "BG_grass", "variant": 8, "pos": [52, 17]}, "53;16": {"type": "BG_grass", "variant": 8, "pos": [53, 16]}, "54;15": {"type": "BG_grass", "variant": 8, "pos": [54, 15]}, "54;14": {"type": "BG_grass", "variant": 8, "pos": [54, 14]}, "55;14": {"type": "BG_grass", "variant": 8, "pos": [55, 14]}, "55;13": {"type": "BG_grass", "variant": 8, "pos": [55, 13]}, "54;13": {"type": "BG_grass", "variant": 8, "pos": [54, 13]}, "53;15": {"type": "BG_grass", "variant": 8, "pos": [53, 15]}, "52;16": {"type": "BG_grass", "variant": 8, "pos": [52, 16]}, "51;17": {"type": "BG_grass", "variant": 8, "pos": [51, 17]}, "50;17": {"type": "BG_grass", "variant": 8, "pos": [50, 17]}, "50;18": {"type": "BG_grass", "variant": 8, "pos": [50, 18]}, "49;18": {"type": "BG_grass", "variant": 8, "pos": [49, 18]}, "53;14": {"type": "BG_grass", "variant": 8, "pos": [53, 14]}, "52;15": {"type": "BG_grass", "variant": 8, "pos": [52, 15]}, "51;16": {"type": "BG_grass", "variant": 8, "pos": [51, 16]}, "53;13": {"type": "BG_grass", "variant": 8, "pos": [53, 13]}, "53;12": {"type": "BG_grass", "variant": 8, "pos": [53, 12]}, "52;13": {"type": "BG_grass", "variant": 8, "pos": [52, 13]}, "51;14": {"type": "BG_grass", "variant": 8, "pos": [51, 14]}, "50;14": {"type": "BG_grass", "variant": 8, "pos": [50, 14]}, "50;15": {"type": "BG_grass", "variant": 8, "pos": [50, 15]}, "50;16": {"type": "BG_grass", "variant": 8, "pos": [50, 16]}, "49;17": {"type": "BG_grass", "variant": 8, "pos": [49, 17]}, "47;19": {"type": "BG_grass", "variant": 6, "pos": [47, 19]}, "51;15": {"type": "BG_grass", "variant": 8, "pos": [51, 15]}, "52;14": {"type": "BG_grass", "variant": 8, "pos": [52, 14]}, "49;16": {"type": "BG_grass", "variant": 8, "pos": [49, 16]}, "49;15": {"type": "BG_grass", "variant": 8, "pos": [49, 15]}, "48;16": {"type": "BG_grass", "variant": 8, "pos": [48, 16]}, "47;17": {"type": "BG_grass", "variant": 8, "pos": [47, 17]}, "47;16": {"type": "BG_grass", "variant": 8, "pos": [47, 16]}, "48;17": {"type": "BG_grass", "variant": 8, "pos": [48, 17]}, "46;16": {"type": "BG_grass", "variant": 8, "pos": [46, 16]}, "48;15": {"type": "BG_grass", "variant": 8, "pos": [48, 15]}, "51;13": {"type": "BG_grass", "variant": 8, "pos": [51, 13]}, "49;14": {"type": "BG_grass", "variant": 8, "pos": [49, 14]}, "47;15": {"type": "BG_grass", "variant": 8, "pos": [47, 15]}, "46;15": {"type": "BG_grass", "variant": 8, "pos": [46, 15]}, "50;13": {"type": "BG_grass", "variant": 1, "pos": [50, 13]}, "51;12": {"type": "BG_grass", "variant": 0, "pos": [51, 12]}, "52;12": {"type": "BG_grass", "variant": 1, "pos": [52, 12]}, "48;14": {"type": "BG_grass", "variant": 8, "pos": [48, 14]}, "47;14": {"type": "BG_grass", "variant": 8, "pos": [47, 14]}, "46;14": {"type": "BG_grass", "variant": 8, "pos": [46, 14]}, "48;13": {"type": "BG_grass", "variant": 8, "pos": [48, 13]}, "49;13": {"type": "BG_grass", "variant": 1, "pos": [49, 13]}, "47;13": {"type": "BG_grass", "variant": 8, "pos": [47, 13]}, "48;12": {"type": "BG_grass", "variant": 3, "pos": [48, 12]}, "48;11": {"type": "BG_grass", "variant": 3, "pos": [48, 11]}, "47;12": {"type": "BG_grass", "variant": 8, "pos": [47, 12]}, "46;13": {"type": "BG_grass", "variant": 8, "pos": [46, 13]}, "46;12": {"type": "BG_grass", "variant": 8, "pos": [46, 12]}, "47;11": {"type": "BG_grass", "variant": 8, "pos": [47, 11]}, "46;11": {"type": "BG_grass", "variant": 8, "pos": [46, 11]}, "46;10": {"type": "BG_grass", "variant": 8, "pos": [46, 10]}, "45;10": {"type": "BG_grass", "variant": 8, "pos": [45, 10]}, "43;11": {"type": "BG_grass", "variant": 0, "pos": [43, 11]}, "39;9": {"type": "BG_grass", "variant": 5, "pos": [39, 9]}, "38;9": {"type": "BG_grass", "variant": 8, "pos": [38, 9]}, "37;9": {"type": "BG_grass", "variant": 8, "pos": [37, 9]}, "36;9": {"type": "BG_grass", "variant": 8, "pos": [36, 9]}, "35;9": {"type": "BG_grass", "variant": 8, "pos": [35, 9]}, "34;9": {"type": "BG_grass", "variant": 8, "pos": [34, 9]}, "32;8": {"type": "BG_grass", "variant": 8, "pos": [32, 8]}, "31;8": {"type": "BG_grass", "variant": 8, "pos": [31, 8]}, "28;11": {"type": "BG_grass", "variant": 8, "pos": [28, 11]}, "29;12": {"type": "BG_grass", "variant": 8, "pos": [29, 12]}, "30;12": {"type": "BG_grass", "variant": 8, "pos": [30, 12]}, "30;11": {"type": "BG_grass", "variant": 8, "pos": [30, 11]}, "30;10": {"type": "BG_grass", "variant": 8, "pos": [30, 10]}, "29;11": {"type": "BG_grass", "variant": 8, "pos": [29, 11]}, "29;13": {"type": "BG_grass", "variant": 5, "pos": [29, 13]}, "30;9": {"type": "BG_grass", "variant": 8, "pos": [30, 9]}, "40;9": {"type": "BG_grass", "variant": 4, "pos": [40, 9]}, "36;11": {"type": "BG_grass", "variant": 8, "pos": [36, 11]}, "35;10": {"type": "BG_grass", "variant": 8, "pos": [35, 10]}, "34;10": {"type": "BG_grass", "variant": 8, "pos": [34, 10]}, "31;12": {"type": "BG_grass", "variant": 8, "pos": [31, 12]}, "31;13": {"type": "BG_grass", "variant": 5, "pos": [31, 13]}, "30;13": {"type": "BG_grass", "variant": 5, "pos": [30, 13]}, "28;19": {"type": "BG_grass", "variant": 8, "pos": [28, 19]}, "29;19": {"type": "BG_grass", "variant": 8, "pos": [29, 19]}, "30;19": {"type": "BG_grass", "variant": 8, "pos": [30, 19]}, "31;19": {"type": "BG_grass", "variant": 3, "pos": [31, 19]}, "31;20": {"type": "BG_grass", "variant": 8, "pos": [31, 20]}, "31;21": {"type": "BG_grass", "variant": 8, "pos": [31, 21]}, "32;21": {"type": "BG_grass", "variant": 8, "pos": [32, 21]}, "32;22": {"type": "BG_grass", "variant": 8, "pos": [32, 22]}, "33;22": {"type": "BG_grass", "variant": 8, "pos": [33, 22]}, "33;21": {"type": "BG_grass", "variant": 8, "pos": [33, 21]}, "34;21": {"type": "BG_grass", "variant": 8, "pos": [34, 21]}, "36;22": {"type": "BG_grass", "variant": 8, "pos": [36, 22]}, "37;23": {"type": "BG_grass", "variant": 8, "pos": [37, 23]}, "37;24": {"type": "BG_grass", "variant": 8, "pos": [37, 24]}, "38;24": {"type": "BG_grass", "variant": 8, "pos": [38, 24]}, "38;25": {"type": "BG_grass", "variant": 8, "pos": [38, 25]}, "39;25": {"type": "BG_grass", "variant": 8, "pos": [39, 25]}, "40;25": {"type": "BG_grass", "variant": 8, "pos": [40, 25]}, "41;25": {"type": "BG_grass", "variant": 8, "pos": [41, 25]}, "42;25": {"type": "BG_grass", "variant": 8, "pos": [42, 25]}, "42;22": {"type": "BG_grass", "variant": 3, "pos": [42, 22]}, "43;18": {"type": "BG_grass", "variant": 1, "pos": [43, 18]}, "42;18": {"type": "BG_grass", "variant": 0, "pos": [42, 18]}, "42;19": {"type": "BG_grass", "variant": 8, "pos": [42, 19]}, "41;19": {"type": "BG_grass", "variant": 0, "pos": [41, 19]}, "41;20": {"type": "BG_grass", "variant": 7, "pos": [41, 20]}, "44;17": {"type": "BG_grass", "variant": 7, "pos": [44, 17]}, "39;20": {"type": "BG_grass", "variant": 3, "pos": [39, 20]}, "39;21": {"type": "BG_grass", "variant": 8, "pos": [39, 21]}, "44;16": {"type": "BG_grass", "variant": 0, "pos": [44, 16]}, "39;18": {"type": "BG_grass", "variant": 3, "pos": [39, 18]}, "37;20": {"type": "BG_grass", "variant": 8, "pos": [37, 20]}, "39;19": {"type": "BG_grass", "variant": 3, "pos": [39, 19]}, "39;17": {"type": "BG_grass", "variant": 3, "pos": [39, 17]}, "37;18": {"type": "BG_grass", "variant": 8, "pos": [37, 18]}, "36;19": {"type": "BG_grass", "variant": 8, "pos": [36, 19]}, "36;20": {"type": "BG_grass", "variant": 8, "pos": [36, 20]}, "42;14": {"type": "BG_grass", "variant": 5, "pos": [42, 14]}, "39;16": {"type": "BG_grass", "variant": 8, "pos": [39, 16]}, "37;19": {"type": "BG_grass", "variant": 8, "pos": [37, 19]}, "40;16": {"type": "BG_grass", "variant": 4, "pos": [40, 16]}, "44;12": {"type": "BG_grass", "variant": 8, "pos": [44, 12]}, "38;16": {"type": "BG_grass", "variant": 8, "pos": [38, 16]}, "36;18": {"type": "BG_grass", "variant": 8, "pos": [36, 18]}, "41;15": {"type": "BG_grass", "variant": 4, "pos": [41, 15]}, "43;12": {"type": "BG_grass", "variant": 8, "pos": [43, 12]}, "42;13": {"type": "BG_grass", "variant": 8, "pos": [42, 13]}, "41;13": {"type": "BG_grass", "variant": 0, "pos": [41, 13]}, "41;14": {"type": "BG_grass", "variant": 8, "pos": [41, 14]}, "40;14": {"type": "BG_grass", "variant": 1, "pos": [40, 14]}, "40;15": {"type": "BG_grass", "variant": 8, "pos": [40, 15]}, "39;15": {"type": "BG_grass", "variant": 8, "pos": [39, 15]}, "38;14": {"type": "BG_grass", "variant": 1, "pos": [38, 14]}, "39;14": {"type": "BG_grass", "variant": 1, "pos": [39, 14]}, "38;15": {"type": "BG_grass", "variant": 8, "pos": [38, 15]}, "37;17": {"type": "BG_grass", "variant": 8, "pos": [37, 17]}, "36;17": {"type": "BG_grass", "variant": 8, "pos": [36, 17]}, "36;16": {"type": "BG_grass", "variant": 8, "pos": [36, 16]}, "36;15": {"type": "BG_grass", "variant": 8, "pos": [36, 15]}, "36;14": {"type": "BG_grass", "variant": 8, "pos": [36, 14]}, "36;10": {"type": "BG_grass", "variant": 8, "pos": [36, 10]}, "36;13": {"type": "BG_grass", "variant": 8, "pos": [36, 13]}, "35;13": {"type": "BG_grass", "variant": 8, "pos": [35, 13]}, "35;12": {"type": "BG_grass", "variant": 8, "pos": [35, 12]}, "35;11": {"type": "BG_grass", "variant": 8, "pos": [35, 11]}, "34;11": {"type": "BG_grass", "variant": 8, "pos": [34, 11]}, "34;12": {"type": "BG_grass", "variant": 8, "pos": [34, 12]}, "33;12": {"type": "BG_grass", "variant": 8, "pos": [33, 12]}, "31;11": {"type": "BG_grass", "variant": 8, "pos": [31, 11]}, "34;13": {"type": "BG_grass", "variant": 8, "pos": [34, 13]}, "35;14": {"type": "BG_grass", "variant": 8, "pos": [35, 14]}, "35;19": {"type": "BG_grass", "variant": 8, "pos": [35, 19]}, "32;13": {"type": "BG_grass", "variant": 5, "pos": [32, 13]}, "33;13": {"type": "BG_grass", "variant": 5, "pos": [33, 13]}, "34;14": {"type": "BG_grass", "variant": 6, "pos": [34, 14]}, "35;15": {"type": "BG_grass", "variant": 7, "pos": [35, 15]}, "35;16": {"type": "BG_grass", "variant": 7, "pos": [35, 16]}, "35;17": {"type": "BG_grass", "variant": 7, "pos": [35, 17]}, "35;18": {"type": "BG_grass", "variant": 7, "pos": [35, 18]}, "33;20": {"type": "BG_grass", "variant": 8, "pos": [33, 20]}, "32;20": {"type": "BG_grass", "variant": 1, "pos": [32, 20]}, "34;22": {"type": "BG_grass", "variant": 8, "pos": [34, 22]}, "35;22": {"type": "BG_grass", "variant": 8, "pos": [35, 22]}, "36;23": {"type": "BG_grass", "variant": 8, "pos": [36, 23]}, "40;24": {"type": "BG_grass", "variant": 8, "pos": [40, 24]}, "41;24": {"type": "BG_grass", "variant": 8, "pos": [41, 24]}, "37;25": {"type": "BG_grass", "variant": 8, "pos": [37, 25]}, "36;25": {"type": "BG_grass", "variant": 8, "pos": [36, 25]}, "35;24": {"type": "BG_grass", "variant": 8, "pos": [35, 24]}, "34;24": {"type": "BG_grass", "variant": 8, "pos": [34, 24]}, "36;24": {"type": "BG_grass", "variant": 8, "pos": [36, 24]}, "35;25": {"type": "BG_grass", "variant": 8, "pos": [35, 25]}, "34;25": {"type": "BG_grass", "variant": 8, "pos": [34, 25]}, "33;25": {"type": "BG_grass", "variant": 8, "pos": [33, 25]}, "33;24": {"type": "BG_grass", "variant": 8, "pos": [33, 24]}, "35;23": {"type": "BG_grass", "variant": 8, "pos": [35, 23]}, "34;23": {"type": "BG_grass", "variant": 8, "pos": [34, 23]}, "33;23": {"type": "BG_grass", "variant": 8, "pos": [33, 23]}, "32;23": {"type": "BG_grass", "variant": 8, "pos": [32, 23]}, "31;23": {"type": "BG_grass", "variant": 8, "pos": [31, 23]}, "31;24": {"type": "BG_grass", "variant": 8, "pos": [31, 24]}, "32;24": {"type": "BG_grass", "variant": 8, "pos": [32, 24]}, "31;22": {"type": "BG_grass", "variant": 8, "pos": [31, 22]}, "30;22": {"type": "BG_grass", "variant": 8, "pos": [30, 22]}, "29;22": {"type": "BG_grass", "variant": 8, "pos": [29, 22]}, "30;21": {"type": "BG_grass", "variant": 8, "pos": [30, 21]}, "30;20": {"type": "BG_grass", "variant": 8, "pos": [30, 20]}, "30;18": {"type": "BG_grass", "variant": 1, "pos": [30, 18]}, "29;21": {"type": "BG_grass", "variant": 8, "pos": [29, 21]}, "30;23": {"type": "BG_grass", "variant": 8, "pos": [30, 23]}, "29;23": {"type": "BG_grass", "variant": 8, "pos": [29, 23]}, "29;24": {"type": "BG_grass", "variant": 8, "pos": [29, 24]}, "28;21": {"type": "BG_grass", "variant": 8, "pos": [28, 21]}, "28;20": {"type": "BG_grass", "variant": 8, "pos": [28, 20]}, "29;20": {"type": "BG_grass", "variant": 8, "pos": [29, 20]}, "30;24": {"type": "BG_grass", "variant": 8, "pos": [30, 24]}, "28;23": {"type": "BG_grass", "variant": 8, "pos": [28, 23]}, "28;24": {"type": "BG_grass", "variant": 8, "pos": [28, 24]}, "27;24": {"type": "BG_grass", "variant": 8, "pos": [27, 24]}, "26;24": {"type": "BG_grass", "variant": 8, "pos": [26, 24]}, "25;24": {"type": "BG_grass", "variant": 8, "pos": [25, 24]}, "24;24": {"type": "BG_grass", "variant": 8, "pos": [24, 24]}, "23;24": {"type": "BG_grass", "variant": 8, "pos": [23, 24]}, "23;23": {"type": "BG_grass", "variant": 8, "pos": [23, 23]}, "24;23": {"type": "BG_grass", "variant": 8, "pos": [24, 23]}, "25;23": {"type": "BG_grass", "variant": 8, "pos": [25, 23]}, "26;23": {"type": "BG_grass", "variant": 8, "pos": [26, 23]}, "26;22": {"type": "BG_grass", "variant": 8, "pos": [26, 22]}, "27;22": {"type": "BG_grass", "variant": 8, "pos": [27, 22]}, "28;22": {"type": "BG_grass", "variant": 8, "pos": [28, 22]}, "27;23": {"type": "BG_grass", "variant": 8, "pos": [27, 23]}, "27;21": {"type": "BG_grass", "variant": 8, "pos": [27, 21]}, "27;19": {"type": "BG_grass", "variant": 8, "pos": [27, 19]}, "26;20": {"type": "BG_grass", "variant": 8, "pos": [26, 20]}, "25;21": {"type": "BG_grass", "variant": 8, "pos": [25, 21]}, "25;22": {"type": "BG_grass", "variant": 8, "pos": [25, 22]}, "26;21": {"type": "BG_grass", "variant": 8, "pos": [26, 21]}, "27;20": {"type": "BG_grass", "variant": 8, "pos": [27, 20]}, "26;19": {"type": "BG_grass", "variant": 8, "pos": [26, 19]}, "25;20": {"type": "BG_grass", "variant": 8, "pos": [25, 20]}, "25;19": {"type": "BG_grass", "variant": 8, "pos": [25, 19]}, "24;19": {"type": "BG_grass", "variant": 8, "pos": [24, 19]}, "23;19": {"type": "BG_grass", "variant": 8, "pos": [23, 19]}, "23;20": {"type": "BG_grass", "variant": 8, "pos": [23, 20]}, "22;21": {"type": "BG_grass", "variant": 8, "pos": [22, 21]}, "23;22": {"type": "BG_grass", "variant": 8, "pos": [23, 22]}, "24;20": {"type": "BG_grass", "variant": 8, "pos": [24, 20]}, "23;21": {"type": "BG_grass", "variant": 8, "pos": [23, 21]}, "22;22": {"type": "BG_grass", "variant": 8, "pos": [22, 22]}, "24;21": {"type": "BG_grass", "variant": 8, "pos": [24, 21]}, "24;22": {"type": "BG_grass", "variant": 8, "pos": [24, 22]}, "22;20": {"type": "BG_grass", "variant": 8, "pos": [22, 20]}, "21;21": {"type": "BG_grass", "variant": 8, "pos": [21, 21]}, "20;22": {"type": "BG_grass", "variant": 6, "pos": [20, 22]}, "21;20": {"type": "BG_grass", "variant": 8, "pos": [21, 20]}, "21;19": {"type": "BG_grass", "variant": 8, "pos": [21, 19]}, "22;19": {"type": "BG_grass", "variant": 8, "pos": [22, 19]}, "20;19": {"type": "BG_grass", "variant": 8, "pos": [20, 19]}, "20;18": {"type": "BG_grass", "variant": 8, "pos": [20, 18]}, "20;17": {"type": "BG_grass", "variant": 8, "pos": [20, 17]}, "20;16": {"type": "BG_grass", "variant": 8, "pos": [20, 16]}, "20;15": {"type": "BG_grass", "variant": 8, "pos": [20, 15]}, "21;17": {"type": "BG_grass", "variant": 8, "pos": [21, 17]}, "22;16": {"type": "BG_grass", "variant": 8, "pos": [22, 16]}, "22;15": {"type": "BG_grass", "variant": 8, "pos": [22, 15]}, "23;15": {"type": "BG_grass", "variant": 8, "pos": [23, 15]}, "21;16": {"type": "BG_grass", "variant": 8, "pos": [21, 16]}, "21;18": {"type": "BG_grass", "variant": 8, "pos": [21, 18]}, "22;18": {"type": "BG_grass", "variant": 8, "pos": [22, 18]}, "22;17": {"type": "BG_grass", "variant": 8, "pos": [22, 17]}, "23;17": {"type": "BG_grass", "variant": 8, "pos": [23, 17]}, "23;16": {"type": "BG_grass", "variant": 8, "pos": [23, 16]}, "24;15": {"type": "BG_grass", "variant": 8, "pos": [24, 15]}, "24;16": {"type": "BG_grass", "variant": 8, "pos": [24, 16]}, "24;17": {"type": "BG_grass", "variant": 8, "pos": [24, 17]}, "24;14": {"type": "BG_grass", "variant": 8, "pos": [24, 14]}, "25;17": {"type": "BG_grass", "variant": 8, "pos": [25, 17]}, "25;18": {"type": "BG_grass", "variant": 8, "pos": [25, 18]}, "26;18": {"type": "BG_grass", "variant": 8, "pos": [26, 18]}, "24;18": {"type": "BG_grass", "variant": 8, "pos": [24, 18]}, "25;16": {"type": "BG_grass", "variant": 8, "pos": [25, 16]}, "23;18": {"type": "BG_grass", "variant": 8, "pos": [23, 18]}, "26;15": {"type": "BG_grass", "variant": 3, "pos": [26, 15]}, "28;3": {"type": "BG_grass", "variant": 0, "pos": [28, 3]}, "38;10": {"type": "BG_grass", "variant": 4, "pos": [38, 10]}, "37;12": {"type": "BG_grass", "variant": 3, "pos": [37, 12]}, "37;13": {"type": "BG_grass", "variant": 3, "pos": [37, 13]}, "37;11": {"type": "BG_grass", "variant": 3, "pos": [37, 11]}, "36;12": {"type": "BG_grass", "variant": 8, "pos": [36, 12]}, "52;8": {"type": "BG_grass", "variant": 6, "pos": [52, 8]}, "43;13": {"type": "BG_grass", "variant": 8, "pos": [43, 13]}, "44;13": {"type": "BG_grass", "variant": 5, "pos": [44, 13]}, "43;14": {"type": "BG_grass", "variant": 4, "pos": [43, 14]}, "42;12": {"type": "BG_grass", "variant": 0, "pos": [42, 12]}, "16;15": {"type": "BG_grass", "variant": 8, "pos": [16, 15]}, "16;16": {"type": "BG_grass", "variant": 6, "pos": [16, 16]}, "17;16": {"type": "BG_grass", "variant": 5, "pos": [17, 16]}, "17;15": {"type": "BG_grass", "variant": 8, "pos": [17, 15]}, "32;12": {"type": "BG_grass", "variant": 8, "pos": [32, 12]}, "33;11": {"type": "BG_grass", "variant": 8, "pos": [33, 11]}, "32;11": {"type": "BG_grass", "variant": 8, "pos": [32, 11]}, "32;10": {"type": "BG_grass", "variant": 8, "pos": [32, 10]}, "33;10": {"type": "BG_grass", "variant": 8, "pos": [33, 10]}, "33;9": {"type": "BG_grass", "variant": 8, "pos": [33, 9]}, "32;9": {"type": "BG_grass", "variant": 8, "pos": [32, 9]}, "31;9": {"type": "BG_grass", "variant": 8, "pos": [31, 9]}, "31;10": {"type": "BG_grass", "variant": 8, "pos": [31, 10]}}, "tile_size": 16, "offgrid": []}