{"tilemap": {"8;5": {"type": "background_grass", "variant": 3, "pos": [8, 5]}, "8;4": {"type": "background_grass", "variant": 3, "pos": [8, 4]}, "8;3": {"type": "background_grass", "variant": 3, "pos": [8, 3]}, "8;2": {"type": "background_grass", "variant": 2, "pos": [8, 2]}, "7;2": {"type": "background_grass", "variant": 8, "pos": [7, 2]}, "7;1": {"type": "background_grass", "variant": 2, "pos": [7, 1]}, "6;1": {"type": "background_grass", "variant": 1, "pos": [6, 1]}, "5;1": {"type": "background_grass", "variant": 1, "pos": [5, 1]}, "4;1": {"type": "background_grass", "variant": 1, "pos": [4, 1]}, "3;1": {"type": "background_grass", "variant": 0, "pos": [3, 1]}, "3;2": {"type": "background_grass", "variant": 7, "pos": [3, 2]}, "3;3": {"type": "background_grass", "variant": 7, "pos": [3, 3]}, "3;4": {"type": "background_grass", "variant": 6, "pos": [3, 4]}, "3;5": {"type": "Extra_grass", "variant": 1, "pos": [3, 5]}, "4;5": {"type": "Extra_grass", "variant": 5, "pos": [4, 5]}, "4;6": {"type": "background_grass", "variant": 6, "pos": [4, 6]}, "5;6": {"type": "background_grass", "variant": 5, "pos": [5, 6]}, "6;6": {"type": "background_grass", "variant": 5, "pos": [6, 6]}, "7;6": {"type": "background_grass", "variant": 5, "pos": [7, 6]}, "6;2": {"type": "background_grass", "variant": 8, "pos": [6, 2]}, "5;2": {"type": "background_grass", "variant": 8, "pos": [5, 2]}, "4;2": {"type": "background_grass", "variant": 8, "pos": [4, 2]}, "4;3": {"type": "background_grass", "variant": 8, "pos": [4, 3]}, "4;4": {"type": "background_grass", "variant": 5, "pos": [4, 4]}, "6;5": {"type": "background_grass", "variant": 8, "pos": [6, 5]}, "6;4": {"type": "background_grass", "variant": 8, "pos": [6, 4]}, "6;3": {"type": "background_grass", "variant": 8, "pos": [6, 3]}, "5;4": {"type": "background_grass", "variant": 8, "pos": [5, 4]}, "5;3": {"type": "background_grass", "variant": 8, "pos": [5, 3]}, "7;3": {"type": "background_grass", "variant": 8, "pos": [7, 3]}, "7;4": {"type": "background_grass", "variant": 8, "pos": [7, 4]}, "7;5": {"type": "background_grass", "variant": 8, "pos": [7, 5]}, "8;6": {"type": "background_grass", "variant": 4, "pos": [8, 6]}, "5;5": {"type": "background_grass", "variant": 7, "pos": [5, 5]}}, "tile_size": 16, "offgrid": []}